Component,Arxiu,Linia,ID,Classes CSS,Num Fills,Nivell de Sospita (Basura?)
App.jsx,src/App.jsx,180,,,6,Contenidor simple sense classes/id
App.jsx,src/App.jsx,182,,,2,Contenidor simple sense classes/id
App.jsx,src/App.jsx,184,,,1,Wrapper Innecessari (1 fill, sense classes)
App.jsx,src/App.jsx,187,,,2,Contenidor simple sense classes/id
App.jsx,src/App.jsx,204,,,2,Contenidor simple sense classes/id
App.jsx,src/App.jsx,205,,,2,Contenidor simple sense classes/id
App.jsx,src/App.jsx,206,,,2,Contenidor simple sense classes/id
App.jsx,src/App.jsx,232,,,1,Wrapper Innecessari (1 fill, sense classes)
AppRouter.jsx,src/AppRouter.jsx,7,,p-4,1,
AppRouter.jsx,src/AppRouter.jsx,8,,p-4,1,
AppRouter.jsx,src/AppRouter.jsx,9,,p-4,1,
AppRouter.jsx,src/AppRouter.jsx,10,,p-4,2,
AppRouter.jsx,src/AppRouter.jsx,11,,p-4,1,
AppRouter.jsx,src/AppRouter.jsx,12,,p-4,1,
AppShell.jsx,src/AppShell.jsx,6,,bg-orange-600 text-white p-2 text-center text-sm font-bold tracking-widest z-10,1,
AppShell.jsx,src/AppShell.jsx,10,,min-h-screen flex flex-col bg-slate-100 text-slate-900 relative overflow-hidden,4,
AppShell.jsx,src/AppShell.jsx,13,,flex flex-1 overflow-hidden relative z-0,6,
AppShell.jsx,src/AppShell.jsx,22,,max-w-5xl mx-auto h-full,2,
AppShell.jsx,src/AppShell.jsx,29,,p-4 font-semibold text-slate-700,1,
AppShell.jsx,src/AppShell.jsx,34,orchestra,absolute inset-0 pointer-events-none z-50,0,DIV Buit (Sense contingut)
AppLayout.test.jsx,src/__tests__/accessibility/AppLayout.test.jsx,15,,,1,Wrapper Innecessari (1 fill, sense classes)
AppLayout.test.jsx,src/__tests__/accessibility/AppLayout.test.jsx,26,,,1,Wrapper Innecessari (1 fill, sense classes)
AppShell.test.jsx,src/__tests__/accessibility/AppShell.test.jsx,16,,,1,Wrapper Innecessari (1 fill, sense classes)
AppShell.test.jsx,src/__tests__/accessibility/AppShell.test.jsx,27,,,1,Wrapper Innecessari (1 fill, sense classes)
AppShell.integration.test.jsx,src/__tests__/integration/AppShell.integration.test.jsx,27,,,1,Wrapper Innecessari (1 fill, sense classes)
AppSkeleton.jsx,src/app/AppSkeleton.jsx,10,app-skeleton,,6,
AppSkeleton.jsx,src/app/AppSkeleton.jsx,12,,,0,DIV Buit (Sense contingut)
AppSkeleton.jsx,src/app/AppSkeleton.jsx,13,,,0,DIV Buit (Sense contingut)
AppSkeleton.jsx,src/app/AppSkeleton.jsx,14,,,0,DIV Buit (Sense contingut)
AppSkeleton.jsx,src/app/AppSkeleton.jsx,17,,,1,Wrapper Innecessari (1 fill, sense classes)
AppSkeleton.jsx,src/app/AppSkeleton.jsx,25,,skeleton-card,0,DIV Buit (Sense contingut)
Masia.jsx,src/app/Masia.jsx,11,,,2,Contenidor simple sense classes/id
Masia.jsx,src/app/Masia.jsx,23,,masia-contenidor,4,
Masia.jsx,src/app/Masia.jsx,27,,estat-connexio,1,
SystemGuardian.jsx,src/app/SystemGuardian.jsx,62,,avisador-efímer trellat-entrar,2,
BrasaButton.jsx,src/components/BrasaButton.jsx,40,,inline-block group,1,
ClauerDeLaTerreta.jsx,src/components/ClauerDeLaTerreta.jsx,37,,max-w-2xl mx-auto bg-amber-50 dark:bg-neutral-900 p-8 rounded-[var(--radius-mestre;2rem)] shadow-2xl border border-amber-200 dark:border-neutral-800 isolate,4,
ClauerDeLaTerreta.jsx,src/components/ClauerDeLaTerreta.jsx,38,,flex items-center gap-4 mb-8,2,
ClauerDeLaTerreta.jsx,src/components/ClauerDeLaTerreta.jsx,39,,w-16 h-16 bg-amber-200 dark:bg-amber-900/30 text-amber-700 dark:text-[var(--sdp-taronja)] rounded-2xl flex items-center justify-center shadow-inner,1,
ClauerDeLaTerreta.jsx,src/components/ClauerDeLaTerreta.jsx,42,,,2,Contenidor simple sense classes/id
ClauerDeLaTerreta.jsx,src/components/ClauerDeLaTerreta.jsx,49,,bg-red-100 dark:bg-red-900/20 text-red-700 dark:text-red-400 px-4 py-3 rounded-xl flex items-start gap-3 mb-6 animate-in slide-in-from-top-2,2,
ClauerDeLaTerreta.jsx,src/components/ClauerDeLaTerreta.jsx,55,,bg-white dark:bg-neutral-800 p-6 rounded-2xl shadow-sm border border-neutral-200 dark:border-neutral-700 mb-8,1,
ClauerDeLaTerreta.jsx,src/components/ClauerDeLaTerreta.jsx,56,,grid grid-cols-2 md:grid-cols-3 lg:grid-cols-4 gap-4,1,
ClauerDeLaTerreta.jsx,src/components/ClauerDeLaTerreta.jsx,58,,relative,2,
ClauerVisual.jsx,src/components/ClauerVisual.jsx,59,,clauer-contenidor,5,
ClauerVisual.jsx,src/components/ClauerVisual.jsx,62,,empremta,0,DIV Buit (Sense contingut)
ClauerVisual.jsx,src/components/ClauerVisual.jsx,68,,llista-paraules,1,
ClauerVisual.jsx,src/components/ClauerVisual.jsx,70,,,3,Contenidor simple sense classes/id
ClauerVisual.jsx,src/components/ClauerVisual.jsx,80,,recuperacio,3,
ClauerVisual.jsx,src/components/ClauerVisual.jsx,88,,indicador-estat,1,
Mercat.jsx,src/components/Mercat.jsx,21,,max-w-4xl mx-auto py-8,4,
Mercat.jsx,src/components/Mercat.jsx,22,,flex flex-col md:flex-row justify-between items-center mb-10 gap-4,2,
Mercat.jsx,src/components/Mercat.jsx,32,,grid md:grid-cols-2 gap-6,1,
Mercat.jsx,src/components/Mercat.jsx,48,,text-center py-24 bg-white rounded-3xl border border-slate-100 shadow-sm mt-8,3,
Mercat.jsx,src/components/Mercat.jsx,49,,mx-auto w-32 h-32 bg-orange-100 rounded-full flex items-center justify-center text-6xl mb-8,1,
MurFeed.jsx,src/components/MurFeed.jsx,24,,text-center py-12 font-medium text-slate-500,1,
MurFeed.jsx,src/components/MurFeed.jsx,28,,max-w-2xl mx-auto py-8,3,
MurFeed.jsx,src/components/MurFeed.jsx,30,,mb-10 text-center,1,
MurFeed.jsx,src/components/MurFeed.jsx,31,,inline-block bg-white p-6 rounded-3xl border-2 border-orange-400 shadow-sm,1,
MurFeed.jsx,src/components/MurFeed.jsx,36,,space-y-6,3,
MurFeed.jsx,src/components/MurFeed.jsx,52,,text-center py-20 border-2 border-dashed border-orange-300 rounded-3xl bg-orange-50/50,5,
MurFeed.jsx,src/components/MurFeed.jsx,53,,text-6xl mb-6,1,
MurFeed.jsx,src/components/MurFeed.jsx,57,,mt-8 text-sm text-slate-400 italic,1,
NavigationRail.jsx,src/components/NavigationRail.jsx,22,,p-4 flex items-center justify-center,2,
NavigationRail.jsx,src/components/NavigationRail.jsx,27,,flex-1 px-3 py-6 space-y-2,1,
NavigationRail.jsx,src/components/NavigationRail.jsx,44,,p-4 border-t border-white/10,1,
NouPost.jsx,src/components/NouPost.jsx,113,,max-w-2xl mx-auto px-4 py-10,1,
NouPost.jsx,src/components/NouPost.jsx,114,,bg-white border-2 border-orange-400 rounded-3xl p-8 shadow-xl relative overflow-hidden,6,
NouPost.jsx,src/components/NouPost.jsx,117,,absolute top-0 right-0 p-4 opacity-10 pointer-events-none,1,
NouPost.jsx,src/components/NouPost.jsx,121,,flex items-center gap-4 mb-8,2,
NouPost.jsx,src/components/NouPost.jsx,122,,w-16 h-16 bg-orange-100 rounded-2xl flex items-center justify-center text-4xl,1,
NouPost.jsx,src/components/NouPost.jsx,123,,,2,Contenidor simple sense classes/id
NouPost.jsx,src/components/NouPost.jsx,130,,flex gap-4 mb-8,2,
NouPost.jsx,src/components/NouPost.jsx,148,,,3,Contenidor simple sense classes/id
NouPost.jsx,src/components/NouPost.jsx,160,,,3,Contenidor simple sense classes/id
NouPost.jsx,src/components/NouPost.jsx,173,,grid grid-cols-2 gap-6,2,
NouPost.jsx,src/components/NouPost.jsx,174,,,2,Contenidor simple sense classes/id
NouPost.jsx,src/components/NouPost.jsx,184,,,2,Contenidor simple sense classes/id
NouPost.jsx,src/components/NouPost.jsx,201,,,3,Contenidor simple sense classes/id
NouPost.jsx,src/components/NouPost.jsx,203,,border-2 border-dashed border-orange-300 rounded-3xl p-8 text-center bg-orange-50/30 hover:bg-orange-50 transition-colors,2,
NouPost.jsx,src/components/NouPost.jsx,206,,text-4xl mb-2,1,
NouPost.jsx,src/components/NouPost.jsx,212,,mt-6 space-y-4,1,
NouPost.jsx,src/components/NouPost.jsx,214,,flex items-center gap-4 bg-slate-50 p-4 rounded-2xl border border-slate-100,2,
NouPost.jsx,src/components/NouPost.jsx,215,,flex-1,2,
NouPost.jsx,src/components/NouPost.jsx,216,,text-sm truncate text-slate-700 font-medium,1,
NouPost.jsx,src/components/NouPost.jsx,217,,h-2 bg-slate-200 rounded-full overflow-hidden mt-2,1,
PwaUpdater.jsx,src/components/PwaUpdater.jsx,51,,,2,Contenidor simple sense classes/id
PwaUpdater.jsx,src/components/PwaUpdater.jsx,53,,,2,Contenidor simple sense classes/id
PwaUpdater.jsx,src/components/PwaUpdater.jsx,54,,,1,Wrapper Innecessari (1 fill, sense classes)
PwaUpdater.jsx,src/components/PwaUpdater.jsx,55,,,1,Wrapper Innecessari (1 fill, sense classes)
PwaUpdater.jsx,src/components/PwaUpdater.jsx,61,,,1,Wrapper Innecessari (1 fill, sense classes)
RecuperacioDelMas.jsx,src/components/RecuperacioDelMas.jsx,305,,,1,Wrapper Innecessari (1 fill, sense classes)
RecuperacioDelMas.jsx,src/components/RecuperacioDelMas.jsx,307,,,0,DIV Buit (Sense contingut)
RecuperacioDelMas.jsx,src/components/RecuperacioDelMas.jsx,325,,,1,Wrapper Innecessari (1 fill, sense classes)
RecuperacioDelMas.jsx,src/components/RecuperacioDelMas.jsx,330,,,0,DIV Buit (Sense contingut)
RecuperacioDelMas.jsx,src/components/RecuperacioDelMas.jsx,379,,,2,Contenidor simple sense classes/id
RecuperacioDelMas.jsx,src/components/RecuperacioDelMas.jsx,383,,,1,Wrapper Innecessari (1 fill, sense classes)
RecuperacioDelMas.jsx,src/components/RecuperacioDelMas.jsx,553,,anim-apareixer,6,
RecuperacioDelMas.jsx,src/components/RecuperacioDelMas.jsx,554,,,1,Wrapper Innecessari (1 fill, sense classes)
RecuperacioDelMas.jsx,src/components/RecuperacioDelMas.jsx,596,,anim-apareixer,4,
RecuperacioDelMas.jsx,src/components/RecuperacioDelMas.jsx,609,,,2,Contenidor simple sense classes/id
RecuperacioDelMas.jsx,src/components/RecuperacioDelMas.jsx,635,,anim-apareixer,4,
RecuperacioDelMas.jsx,src/components/RecuperacioDelMas.jsx,659,,anim-apareixer,4,
RecuperacioDelMas.jsx,src/components/RecuperacioDelMas.jsx,667,,,1,Wrapper Innecessari (1 fill, sense classes)
RecuperacioDelMas.jsx,src/components/RecuperacioDelMas.jsx,679,,,1,Wrapper Innecessari (1 fill, sense classes)
RecuperacioDelMas.jsx,src/components/RecuperacioDelMas.jsx,680,,,1,Wrapper Innecessari (1 fill, sense classes)
RecuperacioDelMas.jsx,src/components/RecuperacioDelMas.jsx,682,,,1,Wrapper Innecessari (1 fill, sense classes)
RecuperacioDelMas.jsx,src/components/RecuperacioDelMas.jsx,688,,,3,Contenidor simple sense classes/id
RecuperacioDelMas.jsx,src/components/RecuperacioDelMas.jsx,721,,anim-apareixer,5,
RecuperacioDelMas.jsx,src/components/RecuperacioDelMas.jsx,722,,,0,DIV Buit (Sense contingut)
RecuperacioDelMas.jsx,src/components/RecuperacioDelMas.jsx,740,,,1,Wrapper Innecessari (1 fill, sense classes)
RecuperacioDelMas.jsx,src/components/RecuperacioDelMas.jsx,749,,anim-apareixer,6,
RecuperacioDelMas.jsx,src/components/RecuperacioDelMas.jsx,751,,,1,Wrapper Innecessari (1 fill, sense classes)
RecuperacioDelMas.jsx,src/components/RecuperacioDelMas.jsx,760,,,1,Wrapper Innecessari (1 fill, sense classes)
RecuperacioDelMas.jsx,src/components/RecuperacioDelMas.jsx,765,,,1,Wrapper Innecessari (1 fill, sense classes)
RecuperacioDelMas.jsx,src/components/RecuperacioDelMas.jsx,781,,anim-apareixer,6,
RecuperacioDelMas.jsx,src/components/RecuperacioDelMas.jsx,782,,,1,Wrapper Innecessari (1 fill, sense classes)
RecuperacioDelMas.jsx,src/components/RecuperacioDelMas.jsx,791,,,1,Wrapper Innecessari (1 fill, sense classes)
RecuperacioDelMas.jsx,src/components/RecuperacioDelMas.jsx,834,,,1,Wrapper Innecessari (1 fill, sense classes)
SpriteConsole.jsx,src/components/SpriteConsole.jsx,52,,,1,Wrapper Innecessari (1 fill, sense classes)
SpriteConsole.jsx,src/components/SpriteConsole.jsx,56,,p-4 bg-[var(--sdp-bg-surface)] rounded-md shadow-sm,3,
SpriteConsole.jsx,src/components/SpriteConsole.jsx,59,,grid md:grid-cols-3 gap-4,2,
SpriteConsole.jsx,src/components/SpriteConsole.jsx,60,,md:col-span-1 space-y-3,7,
SpriteConsole.jsx,src/components/SpriteConsole.jsx,74,,flex gap-2 mt-2,3,
SpriteConsole.jsx,src/components/SpriteConsole.jsx,83,,md:col-span-2 flex gap-4,2,
SpriteConsole.jsx,src/components/SpriteConsole.jsx,84,,[Expressió Dinàmica],1,
SpriteConsole.jsx,src/components/SpriteConsole.jsx,88,,w-48 p-2 bg-slate-900 rounded text-xs text-slate-300,2,
SpriteConsole.jsx,src/components/SpriteConsole.jsx,89,,font-medium mb-2,1,
SpriteConsole.jsx,src/components/SpriteConsole.jsx,90,,,2,Contenidor simple sense classes/id
SpriteConsole.jsx,src/components/SpriteConsole.jsx,91,,text-slate-500,1,
SpriteConsole.jsx,src/components/SpriteConsole.jsx,92,,py-1 border-b border-slate-800,1,
SpriteConsole.jsx,src/components/SpriteConsole.jsx,98,,mt-4 text-xs text-slate-400,1,
SpriteConsoleExtended.jsx,src/components/SpriteConsoleExtended.jsx,143,,,1,Wrapper Innecessari (1 fill, sense classes)
SpriteConsoleExtended.jsx,src/components/SpriteConsoleExtended.jsx,146,,p-2 bg-[var(--sdp-bg-primary)] rounded,1,
SpriteConsoleExtended.jsx,src/components/SpriteConsoleExtended.jsx,153,,p-4 bg-[var(--sdp-bg-surface)] rounded-md shadow-sm space-y-4,2,
SpriteConsoleExtended.jsx,src/components/SpriteConsoleExtended.jsx,156,,grid md:grid-cols-3 gap-4,2,
SpriteConsoleExtended.jsx,src/components/SpriteConsoleExtended.jsx,157,,space-y-3,7,
SpriteConsoleExtended.jsx,src/components/SpriteConsoleExtended.jsx,168,,flex gap-2 mt-2,2,
SpriteConsoleExtended.jsx,src/components/SpriteConsoleExtended.jsx,177,,md:col-span-2 space-y-3,3,
SpriteConsoleExtended.jsx,src/components/SpriteConsoleExtended.jsx,178,,flex gap-3,2,
SpriteConsoleExtended.jsx,src/components/SpriteConsoleExtended.jsx,179,,flex-1 grid grid-cols-2 gap-3,4,
SpriteConsoleExtended.jsx,src/components/SpriteConsoleExtended.jsx,186,,w-64 p-2 bg-slate-900 rounded text-xs text-slate-300,2,
SpriteConsoleExtended.jsx,src/components/SpriteConsoleExtended.jsx,187,,font-medium mb-2,1,
SpriteConsoleExtended.jsx,src/components/SpriteConsoleExtended.jsx,188,,,2,Contenidor simple sense classes/id
SpriteConsoleExtended.jsx,src/components/SpriteConsoleExtended.jsx,189,,text-slate-500,1,
SpriteConsoleExtended.jsx,src/components/SpriteConsoleExtended.jsx,190,,py-1 border-b border-slate-800,1,
SpriteConsoleExtended.jsx,src/components/SpriteConsoleExtended.jsx,195,,bg-[var(--sdp-bg-primary)] p-3 rounded,2,
SpriteConsoleExtended.jsx,src/components/SpriteConsoleExtended.jsx,196,,flex items-center gap-3,3,
SpriteConsoleExtended.jsx,src/components/SpriteConsoleExtended.jsx,203,,text-xs text-slate-400 mt-2,1,
SpriteConsoleExtended.jsx,src/components/SpriteConsoleExtended.jsx,206,,bg-[var(--sdp-bg-primary)] p-3 rounded space-y-2,3,
SpriteConsoleExtended.jsx,src/components/SpriteConsoleExtended.jsx,207,,flex items-center gap-2,5,
SpriteConsoleExtended.jsx,src/components/SpriteConsoleExtended.jsx,229,,text-xs text-slate-400,2,
SpriteConsoleExtended.jsx,src/components/SpriteConsoleExtended.jsx,231,,grid grid-cols-2 gap-2 mt-2,2,
SpriteConsoleExtended.jsx,src/components/SpriteConsoleExtended.jsx,232,,,2,Contenidor simple sense classes/id
SpriteConsoleExtended.jsx,src/components/SpriteConsoleExtended.jsx,240,,,2,Contenidor simple sense classes/id
TimelineEditor.jsx,src/components/TimelineEditor.jsx,161,,bg-[var(--sdp-bg-primary)] p-3 rounded space-y-3,2,
TimelineEditor.jsx,src/components/TimelineEditor.jsx,162,,flex items-center justify-between,2,
TimelineEditor.jsx,src/components/TimelineEditor.jsx,164,,flex gap-2,2,
TimelineEditor.jsx,src/components/TimelineEditor.jsx,174,,grid md:grid-cols-2 gap-3,2,
TimelineEditor.jsx,src/components/TimelineEditor.jsx,175,,,3,Contenidor simple sense classes/id
TimelineEditor.jsx,src/components/TimelineEditor.jsx,176,,mb-2 text-xs text-slate-300,1,
TimelineEditor.jsx,src/components/TimelineEditor.jsx,177,,space-y-2,1,
TimelineEditor.jsx,src/components/TimelineEditor.jsx,179,,p-2 bg-slate-800 rounded flex items-start gap-2,3,
TimelineEditor.jsx,src/components/TimelineEditor.jsx,185,,w-6 text-xs text-slate-400,1,
TimelineEditor.jsx,src/components/TimelineEditor.jsx,186,,flex-1,2,
TimelineEditor.jsx,src/components/TimelineEditor.jsx,187,,text-sm font-medium,1,
TimelineEditor.jsx,src/components/TimelineEditor.jsx,188,,text-xs text-slate-400,6,
TimelineEditor.jsx,src/components/TimelineEditor.jsx,190,,flex flex-col gap-1,2,
TimelineEditor.jsx,src/components/TimelineEditor.jsx,198,,mt-3 p-2 bg-slate-900 rounded,2,
TimelineEditor.jsx,src/components/TimelineEditor.jsx,199,,text-xs text-slate-300 mb-2,1,
TimelineEditor.jsx,src/components/TimelineEditor.jsx,204,,,4,Contenidor simple sense classes/id
TimelineEditor.jsx,src/components/TimelineEditor.jsx,205,,mb-2 text-xs text-slate-300,1,
TimelineEditor.jsx,src/components/TimelineEditor.jsx,206,,flex gap-2 mb-2,3,
TimelineEditor.jsx,src/components/TimelineEditor.jsx,212,,mb-2,2,
TimelineEditor.jsx,src/components/TimelineEditor.jsx,220,,mb-2,2,
TimelineEditor.jsx,src/components/TimelineEditor.jsx,268,,flex gap-2,3,
TimelineEditor.jsx,src/components/TimelineEditor.jsx,273,,flex gap-2,1,
TimelineGraphic.jsx,src/components/TimelineGraphic.jsx,174,,timeline-graphic p-3 bg-[var(--sdp-bg-primary)] rounded,4,
TimelineGraphic.jsx,src/components/TimelineGraphic.jsx,175,,flex items-center justify-between mb-3,2,
TimelineGraphic.jsx,src/components/TimelineGraphic.jsx,176,,flex items-center gap-2,3,
TimelineGraphic.jsx,src/components/TimelineGraphic.jsx,179,,text-sm text-slate-300 ml-3,2,
TimelineGraphic.jsx,src/components/TimelineGraphic.jsx,182,,flex items-center gap-2,4,
TimelineGraphic.jsx,src/components/TimelineGraphic.jsx,193,,timeline-canvas relative border border-slate-800 rounded,4,
TimelineGraphic.jsx,src/components/TimelineGraphic.jsx,195,,absolute left-0 top-0 right-0 h-8 border-b border-slate-800 bg-slate-900 flex items-center,2,
TimelineGraphic.jsx,src/components/TimelineGraphic.jsx,196,,ml-2 text-xs text-slate-400,1,
TimelineGraphic.jsx,src/components/TimelineGraphic.jsx,197,,flex-1 relative,2,
TimelineGraphic.jsx,src/components/TimelineGraphic.jsx,199,,,1,Wrapper Innecessari (1 fill, sense classes)
TimelineGraphic.jsx,src/components/TimelineGraphic.jsx,202,,,1,Wrapper Innecessari (1 fill, sense classes)
TimelineGraphic.jsx,src/components/TimelineGraphic.jsx,203,,,2,Contenidor simple sense classes/id
TimelineGraphic.jsx,src/components/TimelineGraphic.jsx,211,,absolute left-0 top-8 right-0 bottom-0 overflow-auto,1,
TimelineGraphic.jsx,src/components/TimelineGraphic.jsx,212,,,6,Contenidor simple sense classes/id
TimelineGraphic.jsx,src/components/TimelineGraphic.jsx,214,,,0,DIV Buit (Sense contingut)
TimelineGraphic.jsx,src/components/TimelineGraphic.jsx,231,,[Expressió Dinàmica],1,
TimelineGraphic.jsx,src/components/TimelineGraphic.jsx,234,,bar h-full rounded flex items-center justify-between px-2,2,
TimelineGraphic.jsx,src/components/TimelineGraphic.jsx,243,,text-xs truncate,1,
TimelineGraphic.jsx,src/components/TimelineGraphic.jsx,244,,flex items-center gap-2,2,
TimelineGraphic.jsx,src/components/TimelineGraphic.jsx,245,,text-[10px] text-slate-300,2,
TimelineGraphic.jsx,src/components/TimelineGraphic.jsx,246,,drag-handle,0,DIV Buit (Sense contingut)
TimelineGraphic.jsx,src/components/TimelineGraphic.jsx,254,,,0,DIV Buit (Sense contingut)
TimelineGraphic.jsx,src/components/TimelineGraphic.jsx,260,,mt-3 grid grid-cols-3 gap-3,2,
TimelineGraphic.jsx,src/components/TimelineGraphic.jsx,261,,col-span-2 p-3 bg-slate-900 rounded,2,
TimelineGraphic.jsx,src/components/TimelineGraphic.jsx,262,,text-sm font-medium mb-2 text-white,1,
TimelineGraphic.jsx,src/components/TimelineGraphic.jsx,266,,text-xs text-slate-400,1,
TimelineGraphic.jsx,src/components/TimelineGraphic.jsx,268,,space-y-2,4,
TimelineGraphic.jsx,src/components/TimelineGraphic.jsx,269,,flex gap-2,2,
TimelineGraphic.jsx,src/components/TimelineGraphic.jsx,273,,grid grid-cols-3 gap-2,3,
TimelineGraphic.jsx,src/components/TimelineGraphic.jsx,278,,flex items-center gap-2,3,
TimelineGraphic.jsx,src/components/TimelineGraphic.jsx,281,,text-xs text-slate-300 w-20 text-right,2,
TimelineGraphic.jsx,src/components/TimelineGraphic.jsx,283,,flex items-center gap-2,3,
TimelineGraphic.jsx,src/components/TimelineGraphic.jsx,286,,text-xs text-slate-300 w-20 text-right,2,
TimelineGraphic.jsx,src/components/TimelineGraphic.jsx,292,,text-xs text-slate-400,1,
TimelineGraphic.jsx,src/components/TimelineGraphic.jsx,296,,p-3 bg-slate-900 rounded,2,
TimelineGraphic.jsx,src/components/TimelineGraphic.jsx,297,,text-sm font-medium mb-2 text-white,1,
TimelineGraphic.jsx,src/components/TimelineGraphic.jsx,324,,flex gap-2,3,
TimelineGraphic.jsx,src/components/TimelineGraphic.jsx,329,,flex gap-2,1,
TimelineMobile.jsx,src/components/TimelineMobile.jsx,102,,timeline-mobile p-3 bg-slate-900 rounded-2xl shadow-xl border border-slate-800,2,
TimelineMobile.jsx,src/components/TimelineMobile.jsx,103,,flex items-center justify-between mb-4,2,
TimelineMobile.jsx,src/components/TimelineMobile.jsx,104,,text-sm font-semibold text-white,1,
TimelineMobile.jsx,src/components/TimelineMobile.jsx,108,,space-y-3,1,
TimelineMobile.jsx,src/components/TimelineMobile.jsx,110,,bg-slate-800 p-3 rounded-xl flex items-center gap-3 border border-slate-700,3,
TimelineMobile.jsx,src/components/TimelineMobile.jsx,111,,w-8 text-xs text-slate-400 font-mono font-bold,1,
TimelineMobile.jsx,src/components/TimelineMobile.jsx,113,,flex-1,5,
TimelineMobile.jsx,src/components/TimelineMobile.jsx,114,,text-sm font-medium truncate text-white,1,
TimelineMobile.jsx,src/components/TimelineMobile.jsx,115,,text-xs text-slate-400 font-mono mt-1,1,
TimelineMobile.jsx,src/components/TimelineMobile.jsx,117,,mt-3 relative h-12 bg-slate-900 rounded-lg overflow-hidden border border-slate-700,1,
TimelineMobile.jsx,src/components/TimelineMobile.jsx,118,,,2,Contenidor simple sense classes/id
TimelineMobile.jsx,src/components/TimelineMobile.jsx,133,,,2,Contenidor simple sense classes/id
TimelineMobile.jsx,src/components/TimelineMobile.jsx,134,,,0,DIV Buit (Sense contingut)
TimelineMobile.jsx,src/components/TimelineMobile.jsx,138,,mt-3 flex items-center gap-2,3,
TimelineMobile.jsx,src/components/TimelineMobile.jsx,139,,text-xs text-slate-400 font-medium,1,
TimelineMobile.jsx,src/components/TimelineMobile.jsx,141,,text-xs w-16 text-right text-slate-300,2,
TimelineMobile.jsx,src/components/TimelineMobile.jsx,144,,mt-2 flex items-center gap-2,3,
TimelineMobile.jsx,src/components/TimelineMobile.jsx,145,,text-xs text-slate-400 font-medium,1,
TimelineMobile.jsx,src/components/TimelineMobile.jsx,147,,text-xs w-16 text-right text-slate-300,2,
TimelineMobile.jsx,src/components/TimelineMobile.jsx,151,,flex flex-col gap-2,2,
UniversalCard.jsx,src/components/UniversalCard.jsx,6,,bg-white border border-slate-200 p-4 rounded-2xl shadow-sm hover:shadow-md transition-shadow relative overflow-hidden,5,
UniversalCard.jsx,src/components/UniversalCard.jsx,7,,flex items-center gap-3 mb-3,2,
UniversalCard.jsx,src/components/UniversalCard.jsx,8,,w-10 h-10 bg-slate-200 rounded-full flex items-center justify-center font-bold text-slate-500,1,
UniversalCard.jsx,src/components/UniversalCard.jsx,11,,,2,Contenidor simple sense classes/id
UniversalCard.jsx,src/components/UniversalCard.jsx,12,,font-semibold,1,
UniversalCard.jsx,src/components/UniversalCard.jsx,13,,text-xs text-slate-400,1,
UniversalCard.jsx,src/components/UniversalCard.jsx,26,,mb-4 text-orange-600 font-bold text-xl,1,
UniversalCard.jsx,src/components/UniversalCard.jsx,31,,flex gap-2 text-sm border-t pt-3 mt-2 border-slate-100,2,
UniversalCardAnimat.jsx,src/components/UniversalCardAnimat.jsx,40,,flex items-start gap-3,2,
UniversalCardAnimat.jsx,src/components/UniversalCardAnimat.jsx,41,,w-12 h-12 rounded-full bg-gradient-to-br from-amber-200 to-orange-400 flex items-center justify-center text-slate-800 font-bold text-xl shadow-sm,1,
UniversalCardAnimat.jsx,src/components/UniversalCardAnimat.jsx,45,,flex-1,3,
UniversalCardAnimat.jsx,src/components/UniversalCardAnimat.jsx,49,,mt-4 flex items-center gap-3 border-t border-slate-100 pt-4,3,
WaitingForBackend.jsx,src/components/boundaries/WaitingForBackend.jsx,82,,fixed bottom-[80px] left-1/2 -translate-x-1/2 z-50 bg-[#F97316] text-white px-4 py-2 rounded-full shadow-lg border border-white/20 flex items-center space-x-2 animate-bounce-subtle pointer-events-none,2,
ContentWithShortcodes.jsx,src/components/core/ContentWithShortcodes.jsx,62,,h-48 rounded-2xl bg-black/5 dark:bg-white/5 animate-pulse w-full h-full,0,DIV Buit (Sense contingut)
ContentWithShortcodes.jsx,src/components/core/ContentWithShortcodes.jsx,86,,h-48 rounded-2xl bg-black/5 dark:bg-white/5 animate-pulse w-full h-full,0,DIV Buit (Sense contingut)
ContentWithShortcodes.jsx,src/components/core/ContentWithShortcodes.jsx,109,,h-48 rounded-2xl bg-black/5 dark:bg-white/5 animate-pulse w-full h-full,0,DIV Buit (Sense contingut)
ContentWithShortcodes.jsx,src/components/core/ContentWithShortcodes.jsx,132,,h-48 rounded-2xl bg-black/5 dark:bg-white/5 animate-pulse w-full h-full,0,DIV Buit (Sense contingut)
ContentWithShortcodes.jsx,src/components/core/ContentWithShortcodes.jsx,153,,my-4 p-4 border border-dashed border-red-500/50 rounded-xl bg-red-500/10 text-red-500 text-xs font-mono text-center,5,
ContentWithShortcodes.jsx,src/components/core/ContentWithShortcodes.jsx,161,,content-with-shortcodes w-full,3,
ContentWithShortcodes.jsx,src/components/core/ContentWithShortcodes.jsx,164,,w-full text-left mb-6 app-cms-content prose prose-lg dark:prose-invert max-w-none text-[var(--text-primary)],1,
ContentWithShortcodes.jsx,src/components/core/ContentWithShortcodes.jsx,179,,flex items-center justify-end mb-[30px] overflow-x-auto no-scrollbar scroll-smooth w-full mt-[30px],1,
ContentWithShortcodes.jsx,src/components/core/ContentWithShortcodes.jsx,180,,flex gap-1 pr-2 pb-2 shrink-0,3,
ContentWithShortcodes.jsx,src/components/core/ContentWithShortcodes.jsx,205,,w-full flex flex-col gap-4,1,
ContentWithShortcodes.jsx,src/components/core/ContentWithShortcodes.jsx,228,,w-full text-left block app-cms-content prose prose-lg dark:prose-invert max-w-none text-[var(--text-primary)],1,
ErrorBoundary.jsx,src/components/core/ErrorBoundary.jsx,69,,error-boundary-container,4,
ErrorBoundary.jsx,src/components/core/ErrorBoundary.jsx,70,,,1,Wrapper Innecessari (1 fill, sense classes)
ErrorBoundary.jsx,src/components/core/ErrorBoundary.jsx,73,,,2,Contenidor simple sense classes/id
GlobalErrorBoundary.jsx,src/components/core/GlobalErrorBoundary.jsx,88,,min-h-screen bg-[#050505] flex items-center justify-center p-8 text-white text-center,1,
GlobalErrorBoundary.jsx,src/components/core/GlobalErrorBoundary.jsx,89,,max-w-xl,4,
GlobalErrorBoundary.jsx,src/components/core/GlobalErrorBoundary.jsx,90,,mb-8 flex justify-center,1,
GlobalErrorBoundary.jsx,src/components/core/GlobalErrorBoundary.jsx,91,,w-24 h-24 bg-[#F97316]/10 rounded-full flex items-center justify-center border border-[#F97316]/30,1,
GlobalErrorBoundary.jsx,src/components/core/GlobalErrorBoundary.jsx,112,,min-h-screen bg-black flex items-center justify-center p-8 text-white,1,
GlobalErrorBoundary.jsx,src/components/core/GlobalErrorBoundary.jsx,113,,max-w-md text-center,2,
SafeShell.jsx,src/components/core/SafeShell.jsx,9,,safe-shell-container,3,
SafeShell.jsx,src/components/core/SafeShell.jsx,10,,safe-area-background-top,0,DIV Buit (Sense contingut)
SafeShell.jsx,src/components/core/SafeShell.jsx,11,,safe-shell-main,1,
SafeShell.jsx,src/components/core/SafeShell.jsx,17,,safe-area-background-bottom,0,DIV Buit (Sense contingut)
VersionGatekeeper.jsx,src/components/core/VersionGatekeeper.jsx,34,,gatekeeper-purge-overlay,3,
VersionGatekeeper.jsx,src/components/core/VersionGatekeeper.jsx,37,,purge-version,1,
ArchitecteView.jsx,src/components/features/ArchitecteView.jsx,70,,flex-1 overflow-y-auto bg-[#0a0a0b] text-white p-8 md:p-12 animate-fade-in custom-scrollbar,1,
ArchitecteView.jsx,src/components/features/ArchitecteView.jsx,71,,max-w-3xl mx-auto,9,
ArchitecteView.jsx,src/components/features/ArchitecteView.jsx,72,,flex items-center gap-4 mb-10 border-b border-white/10 pb-6 uppercase tracking-[0.3em] text-orange-500 font-black text-xs,3,
ArchitecteView.jsx,src/components/features/ArchitecteView.jsx,83,,[Expressió Dinàmica],1,
ArchitecteView.jsx,src/components/features/ArchitecteView.jsx,88,,bg-white/5 border border-white/10 genesis-radius p-8 mb-10 backdrop-blur-md,2,
ArchitecteView.jsx,src/components/features/ArchitecteView.jsx,89,,flex items-start gap-4 mb-6,2,
ArchitecteView.jsx,src/components/features/ArchitecteView.jsx,90,,p-3 bg-orange-600/20 genesis-radius text-blue-400,1,
ArchitecteView.jsx,src/components/features/ArchitecteView.jsx,93,,,2,Contenidor simple sense classes/id
ArchitecteView.jsx,src/components/features/ArchitecteView.jsx,103,,grid gap-6,2,
ArchitecteView.jsx,src/components/features/ArchitecteView.jsx,104,,flex gap-4,2,
ArchitecteView.jsx,src/components/features/ArchitecteView.jsx,105,,w-1.5 h-auto bg-orange-600 rounded-full shrink-0,0,DIV Buit (Sense contingut)
ArchitecteView.jsx,src/components/features/ArchitecteView.jsx,106,,,2,Contenidor simple sense classes/id
ArchitecteView.jsx,src/components/features/ArchitecteView.jsx,116,,flex gap-4,2,
ArchitecteView.jsx,src/components/features/ArchitecteView.jsx,117,,w-1.5 h-auto bg-purple-600 rounded-full shrink-0,0,DIV Buit (Sense contingut)
ArchitecteView.jsx,src/components/features/ArchitecteView.jsx,118,,,2,Contenidor simple sense classes/id
ArchitecteView.jsx,src/components/features/ArchitecteView.jsx,131,,bg-slate-900 border border-slate-700 rounded-[28px] p-6 mb-10 font-mono text-sm text-green-400/80,2,
ArchitecteView.jsx,src/components/features/ArchitecteView.jsx,133,,whitespace-pre-wrap,1,
ArchitecteView.jsx,src/components/features/ArchitecteView.jsx,138,,bg-black/40 border border-white/5 genesis-radius p-8 mb-10,2,
ArchitecteView.jsx,src/components/features/ArchitecteView.jsx,139,,flex items-center gap-3 mb-4 text-xs font-black uppercase tracking-widest opacity-60,2,
ArchitecteView.jsx,src/components/features/ArchitecteView.jsx,148,,flex items-center gap-2 p-6 bg-orange-600/10 border border-orange-600/20 genesis-radius text-orange-500 text-[10px] font-black uppercase tracking-widest mb-8,2,
ArchitecteView.jsx,src/components/features/ArchitecteView.jsx,154,,[Expressió Dinàmica],2,
ArchitecteView.jsx,src/components/features/ArchitecteView.jsx,155,,flex items-center justify-between mb-4,2,
ArchitecteView.jsx,src/components/features/ArchitecteView.jsx,156,,flex items-center gap-3,2,
CartManager.jsx,src/components/features/CartManager.jsx,112,,[Expressió Dinàmica],1,
CartManager.jsx,src/components/features/CartManager.jsx,118,,[Expressió Dinàmica],3,
CartManager.jsx,src/components/features/CartManager.jsx,124,,cart-header,2,
CartManager.jsx,src/components/features/CartManager.jsx,134,,cart-content,1,
CartManager.jsx,src/components/features/CartManager.jsx,136,,cart-empty-state,2,
CartManager.jsx,src/components/features/CartManager.jsx,150,,cart-item,2,
CartManager.jsx,src/components/features/CartManager.jsx,154,,cart-item-image flex items-center justify-center,1,
CartManager.jsx,src/components/features/CartManager.jsx,158,,cart-item-details,2,
CartManager.jsx,src/components/features/CartManager.jsx,161,,cart-item-actions,2,
CartManager.jsx,src/components/features/CartManager.jsx,164,,flex items-center gap-3,2,
CartManager.jsx,src/components/features/CartManager.jsx,165,,quantity-selector,3,
CartManager.jsx,src/components/features/CartManager.jsx,208,,cart-footer,2,
CartManager.jsx,src/components/features/CartManager.jsx,209,,cart-summary-row,2,
CategoryManager.jsx,src/components/features/CategoryManager.jsx,7,,p-6 lg:p-10 max-w-4xl mx-auto space-y-8 animate-fade-in relative,3,
CategoryManager.jsx,src/components/features/CategoryManager.jsx,8,,space-y-4 border-b border-white/10 pb-8,3,
CategoryManager.jsx,src/components/features/CategoryManager.jsx,16,,flex items-center gap-3,2,
CategoryManager.jsx,src/components/features/CategoryManager.jsx,25,,grid grid-cols-1 md:grid-cols-2 gap-6,4,
CategoryManager.jsx,src/components/features/CategoryManager.jsx,27,,bg-[#111111] border border-white/5 rounded-[28px] overflow-hidden,2,
CategoryManager.jsx,src/components/features/CategoryManager.jsx,28,,p-6 border-b border-white/5 bg-white/5 flex items-center justify-between,2,
CategoryManager.jsx,src/components/features/CategoryManager.jsx,29,,flex items-center gap-2,2,
CategoryManager.jsx,src/components/features/CategoryManager.jsx,35,,p-6 space-y-4,1,
CategoryManager.jsx,src/components/features/CategoryManager.jsx,37,,flex items-center justify-between p-3 bg-black/40 rounded-[28px] border border-white/5,2,
CategoryManager.jsx,src/components/features/CategoryManager.jsx,39,,flex gap-2,1,
CategoryManager.jsx,src/components/features/CategoryManager.jsx,48,,bg-[#111111] border border-white/5 rounded-[28px] overflow-hidden,2,
CategoryManager.jsx,src/components/features/CategoryManager.jsx,49,,p-6 border-b border-white/5 bg-white/5 flex items-center justify-between,2,
CategoryManager.jsx,src/components/features/CategoryManager.jsx,50,,flex items-center gap-2,2,
CategoryManager.jsx,src/components/features/CategoryManager.jsx,58,,p-6 space-y-2 flex flex-wrap gap-2,1,
ChatDetail.jsx,src/components/features/ChatDetail.jsx,97,,glass-rural w-full max-w-sm rounded-3xl px-4 py-3 shadow-2xl text-[#E5E2E1],1,
ChatDetail.jsx,src/components/features/ChatDetail.jsx,98,,flex items-center justify-between gap-3,2,
ChatDetail.jsx,src/components/features/ChatDetail.jsx,457,,flex min-h-full flex-1 items-center justify-center bg-[#131313],1,
ChatDetail.jsx,src/components/features/ChatDetail.jsx,480,,flex min-h-0 flex-1 flex-col bg-theme-bg,3,
ChatDetail.jsx,src/components/features/ChatDetail.jsx,482,,mx-3 mt-2 rounded-3xl bg-theme-surface px-4 py-3 text-center text-[13px] text-theme-accent-primary shadow-lg,4,
ChatDetail.jsx,src/components/features/ChatDetail.jsx,490,,mx-3 mt-2 rounded-3xl bg-theme-accent-primary/10 px-4 py-3 text-center text-[15px] text-theme-accent-primary shadow-xl,4,
ChatDetail.jsx,src/components/features/ChatDetail.jsx,498,,relative flex min-h-0 flex-1 flex-col,2,
ChatDetail.jsx,src/components/features/ChatDetail.jsx,499,,relative min-h-0 flex-1 overflow-hidden,1,
ChatDetail.jsx,src/components/features/ChatDetail.jsx,518,,shrink-0,1,
ChatDetail.jsx,src/components/features/ChatDetail.jsx,558,,sticky top-0 z-[190] w-full shrink-0 shadow-sm,1,
ChatDetail.jsx,src/components/features/ChatDetail.jsx,583,,flex-1 h-full overflow-y-auto px-4 py-6 flex flex-col gap-4 bg-theme-base custom-scrollbar,3,
ChatDetail.jsx,src/components/features/ChatDetail.jsx,587,,[Expressió Dinàmica],2,
ChatDetail.jsx,src/components/features/ChatDetail.jsx,588,,[Expressió Dinàmica],1,
ChatDetail.jsx,src/components/features/ChatDetail.jsx,603,,flex flex-col items-center justify-center text-center text-theme-muted mt-20 opacity-60,3,
ChatDetail.jsx,src/components/features/ChatDetail.jsx,604,,w-16 h-16 rounded-full bg-white/10 flex items-center justify-center mb-4 border border-white/5 shadow-inner,1,
ChatDetail.jsx,src/components/features/ChatDetail.jsx,611,,h-4,0,DIV Buit (Sense contingut)
ChatDetail.jsx,src/components/features/ChatDetail.jsx,627,,p-3 bg-white dark:bg-[#111111] border-t border-gray-100 dark:border-white/5 pb-safe,1,
ChatDetail.jsx,src/components/features/ChatDetail.jsx,630,,flex gap-1 pb-1 shrink-0,2,
ChatDetail.jsx,src/components/features/ChatDetail.jsx,640,,flex-1 bg-gray-100 dark:bg-[#1A1A1A] border border-transparent dark:border-white/5 rounded-[24px] flex items-center relative overflow-hidden transition-all focus-within:border-[#FF6D00]/30 focus-within:bg-white dark:focus-within:bg-[#222222] focus-within:shadow-[0_4px_20px_rgba(255;109;0;0.08)] min-h-[48px],1,
ChatDetail.jsx,src/components/features/ChatDetail.jsx,658,,pb-[2px] shrink-0,1,
ChatEmptyState.jsx,src/components/features/ChatEmptyState.jsx,12,,flex-1 flex flex-col items-center justify-center p-8 md:p-12 bg-[#050505] text-white min-h-0,1,
ChatEmptyState.jsx,src/components/features/ChatEmptyState.jsx,13,,max-w-2xl w-full border border-[var(--theme-accent-primary)]/30 bg-[var(--theme-accent-primary)]/5 genesis-radius p-8 md:p-10 backdrop-blur-xl animate-fade-in,1,
ChatEmptyState.jsx,src/components/features/ChatEmptyState.jsx,14,,flex items-center gap-3 mb-8 text-[var(--theme-accent-primary)] font-black text-xs uppercase tracking-[0.3em],2,
ChatEmptyState.jsx,src/components/features/ChatEmptyState.jsx,24,,flex-1 w-full h-full relative overflow-y-auto bg-theme-base,1,
ChatList.jsx,src/components/features/ChatList.jsx,275,,flex-1 flex flex-col min-w-0 bg-white dark:bg-[#0e0e0e] relative overflow-hidden h-full chat-list-container font-['Noto_Sans';sans-serif] transition-colors border-r border-[#0000000a] dark:border-transparent,5,
ChatList.jsx,src/components/features/ChatList.jsx,277,,shrink-0 flex items-center justify-between px-3 sm:px-4 h-[56px] min-h-[56px] bg-[#F97316] dark:bg-[#4F46E5] sticky top-0 z-20 transition-colors gap-2 shadow-md,2,
ChatList.jsx,src/components/features/ChatList.jsx,278,,flex items-center flex-1 h-[36px] bg-white rounded-[28px] overflow-hidden focus-within:ring-2 focus-within:ring-[#0369A1] transition-all group,2,
ChatList.jsx,src/components/features/ChatList.jsx,279,,flex items-center justify-center pl-4 pr-2 h-full,1,
ChatList.jsx,src/components/features/ChatList.jsx,298,,relative flex-shrink-0 flex items-center justify-center,2,
ChatList.jsx,src/components/features/ChatList.jsx,309,,fixed inset-0 z-40,0,DIV Buit (Sense contingut)
ChatList.jsx,src/components/features/ChatList.jsx,310,,absolute right-0 top-14 z-50 w-72 origin-top-right animate-in fade-in zoom-in-95 rounded-[28px] bg-white dark:bg-[#1a1a1a] py-3 text-[16px] text-theme-text shadow-[0_8px_32px_rgba(0;0;0;0.25)] border border-gray-100 dark:border-gray-800 duration-200,14,
ChatList.jsx,src/components/features/ChatList.jsx,312,,px-5 pb-3 mb-2 border-b border-gray-100 dark:border-gray-800 flex items-center justify-between,1,
ChatList.jsx,src/components/features/ChatList.jsx,319,,mx-5 my-1 border-b border-gray-100 dark:border-gray-800,0,DIV Buit (Sense contingut)
ChatList.jsx,src/components/features/ChatList.jsx,336,,flex-1 overflow-y-auto bg-white dark:bg-[#0e0e0e] min-h-0 custom-scrollbar overscroll-contain transition-colors,1,
ChatList.jsx,src/components/features/ChatList.jsx,342,,[Expressió Dinàmica],4,
ChatList.jsx,src/components/features/ChatList.jsx,351,,flex-shrink-0 relative py-3 pr-4,2,
ChatList.jsx,src/components/features/ChatList.jsx,359,,absolute bottom-2 right-3 bg-white dark:bg-[#0e0e0e] rounded-[10px] px-1.5 py-0.5 z-10 shadow-sm border border-gray-200 dark:border-[rgba(255;255;255;0.1)] flex items-center justify-center,1,
ChatList.jsx,src/components/features/ChatList.jsx,366,,flex-1 min-w-0 flex flex-col justify-center h-[72px] pr-4 border-b border-gray-200 dark:border-white/5 group-last:border-0,4,
ChatList.jsx,src/components/features/ChatList.jsx,368,,flex justify-between items-center gap-2,2,
ChatList.jsx,src/components/features/ChatList.jsx,369,,m-0 truncate text-[17px] md:text-[19px] font-semibold leading-tight text-[#0369A1] dark:text-[#F97316] transition-colors tracking-normal,1,
ChatList.jsx,src/components/features/ChatList.jsx,376,,shrink-0 text-[12px] md:text-[13px] font-normal leading-tight text-[#54656F] dark:text-[#8696A0] ml-2,1,
ChatList.jsx,src/components/features/ChatList.jsx,385,,flex items-center text-[15px] font-normal transition-colors mt-[1px],1,
ChatList.jsx,src/components/features/ChatList.jsx,394,,h-full flex flex-col items-center justify-center p-12 text-center opacity-80,3,
CreationHub.jsx,src/components/features/CreationHub.jsx,19,,fixed inset-0 z-modal flex items-center justify-center p-4,4,
CreationHub.jsx,src/components/features/CreationHub.jsx,21,,absolute inset-0 bg-black/60 backdrop-blur-md,0,DIV Buit (Sense contingut)
CreationHub.jsx,src/components/features/CreationHub.jsx,27,,relative z-50 w-full max-w-lg p-6 rounded-[32px] shadow-2xl bg-[#0A0A0A] border border-white/10 text-white animate-in zoom-in-95,5,
CreationHub.jsx,src/components/features/CreationHub.jsx,37,,text-center mb-6 mt-2 relative z-10,3,
CreationHub.jsx,src/components/features/CreationHub.jsx,38,,w-16 h-16 mx-auto bg-[#0984E3] rounded-[28px] flex items-center justify-center mb-4 shadow-xl shadow-[#0984E3]/20,1,
CreationHub.jsx,src/components/features/CreationHub.jsx,49,,grid grid-cols-2 gap-3 mb-6 relative z-10,8,
CreationHub.jsx,src/components/features/CreationHub.jsx,52,,icon-wrap,1,
CreationHub.jsx,src/components/features/CreationHub.jsx,60,,icon-wrap,1,
CreationHub.jsx,src/components/features/CreationHub.jsx,68,,icon-wrap,1,
CreationHub.jsx,src/components/features/CreationHub.jsx,76,,icon-wrap,1,
CreationHub.jsx,src/components/features/CreationHub.jsx,84,,space-y-3 pt-4 border-t border-white/5 relative z-10,3,
CreationHub.jsx,src/components/features/CreationHub.jsx,85,,grid grid-cols-3 gap-3,3,
EpubViewer.jsx,src/components/features/EpubViewer.jsx,127,,fixed inset-0 z-[5000] bg-black text-white flex flex-col animate-in fade-in duration-300,12,
EpubViewer.jsx,src/components/features/EpubViewer.jsx,129,,flex-none h-16 w-full flex items-center justify-between px-3 md:px-6 border-b border-white/10 bg-[#0e0e0e] z-20,2,
EpubViewer.jsx,src/components/features/EpubViewer.jsx,130,,flex items-center gap-2 md:gap-4,2,
EpubViewer.jsx,src/components/features/EpubViewer.jsx,139,,flex items-center gap-1 md:gap-2,5,
EpubViewer.jsx,src/components/features/EpubViewer.jsx,176,,absolute top-16 left-0 bottom-10 w-full md:w-80 bg-[#1a1a1a] border-r border-white/10 shadow-2xl z-20 overflow-y-auto animate-in slide-in-from-left,2,
EpubViewer.jsx,src/components/features/EpubViewer.jsx,177,,p-4 border-b border-white/10 sticky top-0 bg-[#1a1a1a]/90 backdrop-blur-md,1,
EpubViewer.jsx,src/components/features/EpubViewer.jsx,182,,p-4 text-center text-white/50 text-sm,1,
EpubViewer.jsx,src/components/features/EpubViewer.jsx,202,,absolute top-16 right-0 md:right-4 w-full md:w-96 bg-[#1a1a1a] md:border border-white/10 md:rounded-b-2xl md:shadow-2xl z-20 max-h-[80vh] flex flex-col animate-in slide-in-from-top-2,2,
EpubViewer.jsx,src/components/features/EpubViewer.jsx,203,,p-4 border-b border-white/10 shrink-0,2,
EpubViewer.jsx,src/components/features/EpubViewer.jsx,205,,flex gap-2,2,
EpubViewer.jsx,src/components/features/EpubViewer.jsx,223,,flex-1 overflow-y-auto p-2,2,
EpubViewer.jsx,src/components/features/EpubViewer.jsx,225,,p-4 text-center text-white/50 text-sm,1,
EpubViewer.jsx,src/components/features/EpubViewer.jsx,245,,absolute top-16 right-0 md:right-4 w-full md:w-72 bg-[#1a1a1a] md:border border-white/10 md:rounded-b-2xl md:shadow-2xl p-5 z-20 animate-in slide-in-from-top-2,7,
EpubViewer.jsx,src/components/features/EpubViewer.jsx,249,,flex items-center justify-between bg-black/40 rounded-xl mb-4 overflow-hidden border border-white/5,3,
EpubViewer.jsx,src/components/features/EpubViewer.jsx,266,,grid grid-cols-2 gap-2 mb-4,2,
EpubViewer.jsx,src/components/features/EpubViewer.jsx,282,,flex gap-2,2,
EpubViewer.jsx,src/components/features/EpubViewer.jsx,296,,flex-1 w-full relative bg-white overflow-hidden,1,
EpubViewer.jsx,src/components/features/EpubViewer.jsx,337,,flex-none h-10 w-full flex items-center justify-center border-t border-white/10 bg-[#0e0e0e] z-10 text-[10px] text-white/50 tracking-widest uppercase font-bold shadow-[0_-5px_20px_rgba(0;0;0;0.5)] leading-none pt-0.5,1,
Feed.jsx,src/components/features/Feed.jsx,49,,w-full h-full min-h-[300px] flex flex-col items-center justify-center bg-[#1A1A1A]/80 backdrop-blur-md rounded-[20px] border border-red-500/20 p-6 text-center,3,
Feed.jsx,src/components/features/Feed.jsx,259,,iaia-transparency-genesis mt-2 mb-1,1,
Feed.jsx,src/components/features/Feed.jsx,260,,flex items-center gap-1 font-black text-[12px] text-cyan-400,2,
Feed.jsx,src/components/features/Feed.jsx,276,,flex-1 flex flex-col h-full bg-theme-base relative overflow-hidden items-center justify-center p-8,1,
Feed.jsx,src/components/features/Feed.jsx,284,,flex-1 flex flex-col h-full bg-theme-base relative overflow-hidden items-center justify-center p-8,2,
Feed.jsx,src/components/features/Feed.jsx,292,,flex flex-col w-full h-full relative isolate bg-theme-base,5,
Feed.jsx,src/components/features/Feed.jsx,293,,sr-only,4,
Feed.jsx,src/components/features/Feed.jsx,308,,flex-none w-full z-dropdown,1,
Feed.jsx,src/components/features/Feed.jsx,321,,flex-1 w-full overflow-y-auto overflow-x-hidden min-h-0 relative,2,
Feed.jsx,src/components/features/Feed.jsx,329,,w-full pb-24,2,
Feed.jsx,src/components/features/Feed.jsx,331,,feed-list mx-auto w-full relative,1,
Feed.jsx,src/components/features/Feed.jsx,357,,,1,Wrapper Innecessari (1 fill, sense classes)
Feed.jsx,src/components/features/Feed.jsx,402,,load-more-container mt-12 mb-12 flex justify-center w-full,1,
Feed.jsx,src/components/features/Feed.jsx,404,,flex items-center gap-2 text-[#F97316]/50,2,
IAIAChatSidebar.jsx,src/components/features/IAIAChatSidebar.jsx,13,,h-12 flex items-center justify-center,1,
IAIAChatSidebar.jsx,src/components/features/IAIAChatSidebar.jsx,492,,[Expressió Dinàmica],1,
IAIAChatSidebar.jsx,src/components/features/IAIAChatSidebar.jsx,493,,[Expressió Dinàmica],4,
IAIAChatSidebar.jsx,src/components/features/IAIAChatSidebar.jsx,495,,chat-media-preview mb-3 card-radius overflow-hidden border border-white/10 glass-premium,1,
IAIAChatSidebar.jsx,src/components/features/IAIAChatSidebar.jsx,501,,file-bubble flex items-center gap-3 p-4 bg-white/5,3,
IAIAChatSidebar.jsx,src/components/features/IAIAChatSidebar.jsx,502,,file-icon p-2 bg-orange-500/20 rounded-[20px] text-blue-400,1,
IAIAChatSidebar.jsx,src/components/features/IAIAChatSidebar.jsx,505,,file-info flex-1,2,
IAIAChatSidebar.jsx,src/components/features/IAIAChatSidebar.jsx,515,,archon-steps mb-3,1,
IAIAChatSidebar.jsx,src/components/features/IAIAChatSidebar.jsx,517,,step-line flex items-center gap-2 text-[9px] opacity-40,2,
IAIAChatSidebar.jsx,src/components/features/IAIAChatSidebar.jsx,527,,audio-preference-actions mt-4 flex gap-2,2,
IAIAChatSidebar.jsx,src/components/features/IAIAChatSidebar.jsx,550,,fixed inset-0 bg-black/50 z-[var(--z-overlay;9998)] touch-none overscroll-none animate-in fade-in duration-300 pointer-events-auto,0,DIV Buit (Sense contingut)
IAIAChatSidebar.jsx,src/components/features/IAIAChatSidebar.jsx,555,,[Expressió Dinàmica],7,
IAIAChatSidebar.jsx,src/components/features/IAIAChatSidebar.jsx,568,,bottom-sheet-handle,0,DIV Buit (Sense contingut)
IAIAChatSidebar.jsx,src/components/features/IAIAChatSidebar.jsx,570,,resize-handle,1,
IAIAChatSidebar.jsx,src/components/features/IAIAChatSidebar.jsx,585,,handle-line,0,DIV Buit (Sense contingut)
IAIAChatSidebar.jsx,src/components/features/IAIAChatSidebar.jsx,588,,chat-messages-container flex-1 min-h-0 overflow-y-auto overscroll-contain custom-scrollbar,2,
IAIAChatSidebar.jsx,src/components/features/IAIAChatSidebar.jsx,594,,typing-indicator flex items-center gap-2 p-4 opacity-50,2,
IAIAChatSidebar.jsx,src/components/features/IAIAChatSidebar.jsx,603,,formatting-toolbar flex items-center gap-1 p-1 bg-black/40 border border-white/10 rounded-[28px] shadow-2xl animate-in fade-in slide-in-from-bottom-2 mb-3 backdrop-blur-md,5,
IAIAChatSidebar.jsx,src/components/features/IAIAChatSidebar.jsx,613,,w-[1px] h-4 bg-white/10 mx-1,0,DIV Buit (Sense contingut)
IAIAChatSidebar.jsx,src/components/features/IAIAChatSidebar.jsx,617,,input-pills flex gap-2 mb-4 overflow-x-auto pb-2,3,
IAIAChatSidebar.jsx,src/components/features/IAIAChatSidebar.jsx,622,,chat-input-wrapper relative flex items-center gap-2,3,
IAIAChatSidebar.jsx,src/components/features/IAIAChatSidebar.jsx,632,,relative,2,
IAIAChatSidebar.jsx,src/components/features/IAIAChatSidebar.jsx,642,,absolute bottom-[calc(100%+12px)] left-0 w-56 bg-[#232323] border border-white/5 genesis-radius p-2 shadow-2xl animate-in fade-in zoom-in slide-in-from-bottom-4 flex flex-col gap-1 z-50,1,
IAIAChatSidebar.jsx,src/components/features/IAIAChatSidebar.jsx,662,,w-10 h-10 rounded-[28px] flex items-center justify-center text-white,1,
IAIAChatSidebar.jsx,src/components/features/IAIAChatSidebar.jsx,672,,flex-1 relative,1,
IAIAChatSidebar.jsx,src/components/features/IAIAChatSidebar.jsx,674,,voice-recorder-overlay animate-in slide-in-from-bottom-5 duration-300 w-full bg-[#1a1a1a] shadow-2xl relative z-40 rounded-[28px] overflow-hidden,1,
IAIAChatSidebar.jsx,src/components/features/IAIAChatSidebar.jsx,685,,absolute bottom-full left-0 mb-4 p-3 bg-[#1a1a1a] border border-white/10 genesis-radius flex items-center gap-4 animate-in fade-in slide-in-from-bottom-2 shadow-2xl z-40,3,
IAIAChatSidebar.jsx,src/components/features/IAIAChatSidebar.jsx,686,,w-12 h-12 bg-white/5 card-radius flex items-center justify-center overflow-hidden,1,
IAIAChatSidebar.jsx,src/components/features/IAIAChatSidebar.jsx,693,,flex-1 min-w-0 pr-4,2,
IAIAChatSidebar.jsx,src/components/features/IAIAChatSidebar.jsx,741,,footer-status mt-3 flex items-center justify-center gap-2 opacity-30,2,
IAIACorrectorOverlay.jsx,src/components/features/IAIACorrectorOverlay.jsx,10,,iaia-corrector-overlay animate-in fade-in slide-in-from-bottom-5,3,
IAIACorrectorOverlay.jsx,src/components/features/IAIACorrectorOverlay.jsx,11,,corrector-header,2,
IAIACorrectorOverlay.jsx,src/components/features/IAIACorrectorOverlay.jsx,12,,flex items-center gap-2,2,
IAIACorrectorOverlay.jsx,src/components/features/IAIACorrectorOverlay.jsx,24,,corrections-container custom-scrollbar,2,
IAIACorrectorOverlay.jsx,src/components/features/IAIACorrectorOverlay.jsx,25,,corrector-badge-info mb-4,2,
IAIACorrectorOverlay.jsx,src/components/features/IAIACorrectorOverlay.jsx,30,,corrections-grid,1,
IAIACorrectorOverlay.jsx,src/components/features/IAIACorrectorOverlay.jsx,32,,correction-card group,1,
IAIACorrectorOverlay.jsx,src/components/features/IAIACorrectorOverlay.jsx,33,,flex items-start justify-between gap-4 mb-2,2,
IAIACorrectorOverlay.jsx,src/components/features/IAIACorrectorOverlay.jsx,34,,space-y-1 flex-1,2,
IAIACorrectorOverlay.jsx,src/components/features/IAIACorrectorOverlay.jsx,35,,flex items-center gap-2 text-[10px],3,
IAIACorrectorOverlay.jsx,src/components/features/IAIACorrectorOverlay.jsx,57,,corrector-footer text-[9px] font-bold text-gray-600 uppercase tracking-widest text-center py-2 border-t border-white/5 mt-4,1,
MagicPregoner.jsx,src/components/features/MagicPregoner.jsx,60,,fixed inset-0 z-modal flex items-center justify-center p-4 bg-black/80 backdrop-blur-md animate-in fade-in duration-300,1,
MagicPregoner.jsx,src/components/features/MagicPregoner.jsx,61,,bg-[#1a1a1c] border border-orange-500/30 rounded-[32px] w-full max-w-xl overflow-hidden shadow-[0_0_50px_rgba(249;115;22;0.15)] relative text-white,2,
MagicPregoner.jsx,src/components/features/MagicPregoner.jsx,62,,bg-gradient-to-r from-[#F97316] to-[#EA580C] p-6 flex justify-between items-center relative overflow-hidden,2,
MagicPregoner.jsx,src/components/features/MagicPregoner.jsx,63,,flex items-center gap-3 text-white font-black text-2xl tracking-tight z-10,2,
MagicPregoner.jsx,src/components/features/MagicPregoner.jsx,64,,bg-white/20 p-2 rounded-[28px] backdrop-blur-sm,1,
MagicPregoner.jsx,src/components/features/MagicPregoner.jsx,71,,p-8 space-y-6,5,
MagicPregoner.jsx,src/components/features/MagicPregoner.jsx,72,,grid grid-cols-2 gap-3 p-1 bg-black/40 rounded-[24px] border border-white/5,2,
MagicPregoner.jsx,src/components/features/MagicPregoner.jsx,86,,space-y-2,2,
MagicPregoner.jsx,src/components/features/MagicPregoner.jsx,108,,animate-in slide-in-from-bottom-4 duration-500 space-y-4,2,
MagicPregoner.jsx,src/components/features/MagicPregoner.jsx,109,,bg-[#050505] border border-green-500/30 rounded-[24px] p-6 text-gray-100 text-xl leading-relaxed shadow-inner,1,
MagicPregoner.jsx,src/components/features/MagicPregoner.jsx,112,,flex gap-4,2,
MagicPregoner.jsx,src/components/features/MagicPregoner.jsx,123,,text-red-400 text-sm text-center bg-red-900/20 p-4 rounded-[20px] border border-red-500/30,1,
Marketplace.jsx,src/components/features/Marketplace.jsx,278,,market-container,1,
Marketplace.jsx,src/components/features/Marketplace.jsx,279,,market-grid max-w-3xl mx-auto,1,
Marketplace.jsx,src/components/features/Marketplace.jsx,325,,flex-none w-full z-dropdown shadow-md bg-theme-base,1,
Marketplace.jsx,src/components/features/Marketplace.jsx,337,,flex-1 pb-24 w-full relative,2,
Marketplace.jsx,src/components/features/Marketplace.jsx,352,,market-list mx-auto w-full relative,1,
Marketplace.jsx,src/components/features/Marketplace.jsx,363,,,1,Wrapper Innecessari (1 fill, sense classes)
Marketplace.jsx,src/components/features/Marketplace.jsx,402,,load-more-container,1,
MasterEditor.jsx,src/components/features/MasterEditor.jsx,386,,master-editor-container min-h-0,6,
MasterEditor.jsx,src/components/features/MasterEditor.jsx,387,,master-editor-toolbar,18,
MasterEditor.jsx,src/components/features/MasterEditor.jsx,406,,flex items-center gap-1.5 px-2 md:px-4 h-full border-l border-gray-200 dark:border-[#333] relative shrink-0,2,
MasterEditor.jsx,src/components/features/MasterEditor.jsx,416,,absolute left-0 top-full mt-2 bg-white/90 border-gray-200 dark:bg-[#1e1e1e]/90 dark:border-[#333] backdrop-blur-xl border rounded-2xl shadow-xl z-dropdown overflow-hidden min-w-[220px] origin-top-left animate-in fade-in zoom-in duration-200,3,
MasterEditor.jsx,src/components/features/MasterEditor.jsx,417,,px-4 py-2 border-b border-gray-100 bg-gray-50/50 dark:border-[#333] dark:bg-[#252525],1,
MasterEditor.jsx,src/components/features/MasterEditor.jsx,480,,toolbar-divider,0,DIV Buit (Sense contingut)
MasterEditor.jsx,src/components/features/MasterEditor.jsx,508,,toolbar-divider,0,DIV Buit (Sense contingut)
MasterEditor.jsx,src/components/features/MasterEditor.jsx,545,,toolbar-divider,0,DIV Buit (Sense contingut)
MasterEditor.jsx,src/components/features/MasterEditor.jsx,581,,master-editor-content flex-1 min-h-0 font-sans outline-none overflow-y-auto custom-scrollbar,0,DIV Buit (Sense contingut)
NotebookList.jsx,src/components/features/NotebookList.jsx,55,notebook-list,[Expressió Dinàmica],2,
NotebookList.jsx,src/components/features/NotebookList.jsx,60,,[Expressió Dinàmica],2,
NotebookList.jsx,src/components/features/NotebookList.jsx,61,,flex justify-between items-center w-full,2,
NotebookList.jsx,src/components/features/NotebookList.jsx,81,,relative,2,
NotebookList.jsx,src/components/features/NotebookList.jsx,94,,flex-1 overflow-y-auto custom-scrollbar,2,
NotebookList.jsx,src/components/features/NotebookList.jsx,109,,[Expressió Dinàmica],2,
NotebookList.jsx,src/components/features/NotebookList.jsx,132,,flex items-center gap-2,2,
NotebookList.jsx,src/components/features/NotebookList.jsx,142,,flex flex-col items-center justify-center h-40 opacity-40 p-8 text-center text-gray-500,2,
SocialManager.jsx,src/components/features/SocialManager.jsx,30,,social-manager-overlay,1,
SocialManager.jsx,src/components/features/SocialManager.jsx,31,,social-manager-content,3,
SocialManager.jsx,src/components/features/SocialManager.jsx,32,,sm-header,2,
SocialManager.jsx,src/components/features/SocialManager.jsx,33,,sm-title-row,2,
SocialManager.jsx,src/components/features/SocialManager.jsx,42,,sm-scroll-body,3,
SocialManager.jsx,src/components/features/SocialManager.jsx,45,,sm-section-header,2,
SocialManager.jsx,src/components/features/SocialManager.jsx,47,,sm-section-text,2,
SocialManager.jsx,src/components/features/SocialManager.jsx,52,,sm-tags-cloud,1,
SocialManager.jsx,src/components/features/SocialManager.jsx,82,,sm-section-header,2,
SocialManager.jsx,src/components/features/SocialManager.jsx,84,,sm-section-text,2,
SocialManager.jsx,src/components/features/SocialManager.jsx,89,,sm-categories-grid,1,
SocialManager.jsx,src/components/features/SocialManager.jsx,98,,sm-cat-icon-wrapper,1,
SocialManager.jsx,src/components/features/SocialManager.jsx,110,,sm-section-header,2,
SocialManager.jsx,src/components/features/SocialManager.jsx,112,,sm-section-text,2,
SocialManager.jsx,src/components/features/SocialManager.jsx,117,,sm-tags-cloud,1,
InfografiaGallery.jsx,src/components/features/infoteca/InfografiaGallery.jsx,89,,infoteca-container animate-in,4,
InfografiaGallery.jsx,src/components/features/infoteca/InfografiaGallery.jsx,90,,infoteca-header,2,
InfografiaGallery.jsx,src/components/features/infoteca/InfografiaGallery.jsx,91,,flex items-center gap-6,2,
InfografiaGallery.jsx,src/components/features/infoteca/InfografiaGallery.jsx,99,,,2,Contenidor simple sense classes/id
InfografiaGallery.jsx,src/components/features/infoteca/InfografiaGallery.jsx,104,,infoteca-filters,1,
InfografiaGallery.jsx,src/components/features/infoteca/InfografiaGallery.jsx,117,,infoteca-grid,1,
InfografiaGallery.jsx,src/components/features/infoteca/InfografiaGallery.jsx,119,,infografia-card glass-panel,2,
InfografiaGallery.jsx,src/components/features/infoteca/InfografiaGallery.jsx,120,,infografia-media group,2,
InfografiaGallery.jsx,src/components/features/infoteca/InfografiaGallery.jsx,122,,infografia-overlay opacity-0 group-hover:opacity-100 transition-opacity duration-300,3,
InfografiaGallery.jsx,src/components/features/infoteca/InfografiaGallery.jsx,128,,infografia-info,2,
InfografiaGallery.jsx,src/components/features/infoteca/InfografiaGallery.jsx,130,,infografia-meta,2,
InfografiaGallery.jsx,src/components/features/infoteca/InfografiaGallery.jsx,141,,fixed inset-0 z-modal bg-black/95 backdrop-blur-xl flex items-center justify-center p-4 md:p-10 animate-in fade-in duration-300,2,
InfografiaGallery.jsx,src/components/features/infoteca/InfografiaGallery.jsx,151,,relative max-w-6xl w-full h-full flex flex-col items-center justify-center gap-6,2,
InfografiaGallery.jsx,src/components/features/infoteca/InfografiaGallery.jsx,160,,text-center space-y-2,3,
InfografiaGallery.jsx,src/components/features/infoteca/InfografiaGallery.jsx,163,,flex gap-4 justify-center pt-4,2,
VirtualCardList.jsx,src/components/feed/VirtualCardList.jsx,12,,,2,Contenidor simple sense classes/id
VirtualCardList.jsx,src/components/feed/VirtualCardList.jsx,39,,,1,Wrapper Innecessari (1 fill, sense classes)
VirtualCardList.jsx,src/components/feed/VirtualCardList.jsx,59,,,1,Wrapper Innecessari (1 fill, sense classes)
AuthGate.jsx,src/components/gates/AuthGate.jsx,14,,min-h-screen flex items-center justify-center flex-col relative overflow-hidden,6,
AuthGate.jsx,src/components/gates/AuthGate.jsx,16,,absolute inset-0 bg-gradient-to-br from-[#00f2ff]/5 to-transparent pointer-events-none,0,DIV Buit (Sense contingut)
AuthGate.jsx,src/components/gates/AuthGate.jsx,17,,absolute top-1/2 left-1/2 -translate-x-1/2 -translate-y-1/2 w-64 h-64 bg-[#00f2ff] opacity-[0.03] blur-[60px] rounded-full pointer-events-none,0,DIV Buit (Sense contingut)
LocalFirstGate.jsx,src/components/gates/LocalFirstGate.jsx,215,,bg-[#111827] text-white min-h-screen flex items-center justify-center flex-col p-6 text-center,4,
LocalFirstGate.jsx,src/components/gates/LocalFirstGate.jsx,241,,min-h-screen flex items-center justify-center flex-col relative overflow-hidden,4,
LocalFirstGate.jsx,src/components/gates/LocalFirstGate.jsx,242,,absolute inset-0 bg-gradient-to-br from-[#00f2ff]/5 to-transparent pointer-events-none,0,DIV Buit (Sense contingut)
LocalFirstGate.jsx,src/components/gates/LocalFirstGate.jsx,244,,flex justify-center gap-2 mb-6,1,
LocalFirstGate.jsx,src/components/gates/LocalFirstGate.jsx,246,,w-1.5 h-1.5 rounded-full bg-[#00f2ff] animate-pulse opacity-80,0,DIV Buit (Sense contingut)
OfflineGate.jsx,src/components/gates/OfflineGate.jsx,65,,fixed bottom-6 left-1/2 transform -translate-x-1/2 w-max max-w-[90%] bg-red-600 text-white font-bold text-center text-[15px] py-3 px-6 rounded-[28px] shadow-lg z-dropdown animate-[bounce_2s_infinite],1,
KeychainBackupUI.jsx,src/components/keychain/KeychainBackupUI.jsx,6,,,1,Wrapper Innecessari (1 fill, sense classes)
KeychainBackupUI.jsx,src/components/keychain/KeychainBackupUI.jsx,47,,keychain-backup p-6 bg-[var(--sdp-bg-surface)] rounded-lg,3,
KeychainBackupUI.jsx,src/components/keychain/KeychainBackupUI.jsx,65,,space-y-6,6,
KeychainBackupUI.jsx,src/components/keychain/KeychainBackupUI.jsx,67,,text-center,2,
KeychainBackupUI.jsx,src/components/keychain/KeychainBackupUI.jsx,69,,inline-block bg-white p-4 rounded-lg,1,
KeychainBackupUI.jsx,src/components/keychain/KeychainBackupUI.jsx,75,,,2,Contenidor simple sense classes/id
KeychainBackupUI.jsx,src/components/keychain/KeychainBackupUI.jsx,77,,bg-[var(--sdp-bg-primary)] p-4 rounded-lg font-mono text-lg text-center,1,
KeychainBackupUI.jsx,src/components/keychain/KeychainBackupUI.jsx,83,,text-center,2,
AppLayout.jsx,src/components/layout/AppLayout.jsx,267,,flex flex-col h-screen support-dvh:h-[100dvh] w-full overflow-hidden font-sans bg-theme-base text-theme-text relative,18,
AppLayout.jsx,src/components/layout/AppLayout.jsx,283,,absolute inset-0 z-[var(--z-overlay)] bg-[var(--theme-accent-primary)]/95 flex flex-col items-center justify-center text-white pointer-events-none transition-all duration-300 animate-in fade-in zoom-in-95,3,
AppLayout.jsx,src/components/layout/AppLayout.jsx,284,,w-32 h-32 rounded-full bg-white/20 flex items-center justify-center mb-6 animate-pulse,1,
AppLayout.jsx,src/components/layout/AppLayout.jsx,298,,w-full relative z-[500] bg-[#000000],1,
AppLayout.jsx,src/components/layout/AppLayout.jsx,313,,flex-1 grid md:grid-cols-[auto_1fr] overflow-hidden relative min-h-0,5,
AppLayout.jsx,src/components/layout/AppLayout.jsx,316,,fixed inset-0 bg-black/80 z-[var(--z-overlay)] md:hidden transition-opacity duration-300 animate-in fade-in cursor-pointer,0,DIV Buit (Sense contingut)
AppLayout.jsx,src/components/layout/AppLayout.jsx,327,,[Expressió Dinàmica],1,
AppLayout.jsx,src/components/layout/AppLayout.jsx,377,,flex-1 min-h-0 relative min-w-0 m-0 flex flex-col,1,
AppLayout.jsx,src/components/layout/AppLayout.jsx,502,,fixed inset-0 z-[var(--z-modal)] glass-overlay bg-black/80 animate-in fade-in duration-300,1,
AppLayout.jsx,src/components/layout/AppLayout.jsx,520,,w-[300px] md:w-[320px] h-full,0,DIV Buit (Sense contingut)
AppLayout.jsx,src/components/layout/AppLayout.jsx,535,,fixed inset-0 z-[var(--z-modal)] glass-overlay bg-black/90 md:pl-[240px],1,
AppLayout.jsx,src/components/layout/AppLayout.jsx,541,,h-full flex flex-col relative animate-slide-up,1,
ChatLayout.jsx,src/components/layout/ChatLayout.jsx,63,,absolute inset-0 w-full h-full bg-theme-base isolate grid grid-cols-1 lg:grid-cols-[var(--left-width)_minmax(0;1fr)],4,
ChatLayout.jsx,src/components/layout/ChatLayout.jsx,70,,[Expressió Dinàmica],3,
ChatLayout.jsx,src/components/layout/ChatLayout.jsx,86,,hidden lg:flex absolute -right-3 top-0 bottom-0 w-6 cursor-col-resize z-50 items-center justify-center group,1,
ChatLayout.jsx,src/components/layout/ChatLayout.jsx,90,,[Expressió Dinàmica],1,
ChatLayout.jsx,src/components/layout/ChatLayout.jsx,95,,[Expressió Dinàmica],2,
ChatLayout.jsx,src/components/layout/ChatLayout.jsx,107,,[Expressió Dinàmica],1,
ContextualHeader.jsx,src/components/layout/ContextualHeader.jsx,34,,relative z-10 bg-[var(--theme-accent-primary)] w-full h-[56px] min-h-[56px] max-h-[56px] flex items-center justify-between px-3 transition-colors duration-500 shadow-md,7,
ContextualHeader.jsx,src/components/layout/ContextualHeader.jsx,38,,shrink-0 mr-3 text-white/90 hover:text-white transition-colors flex items-center justify-center,1,
ContextualHeader.jsx,src/components/layout/ContextualHeader.jsx,49,,shrink-0 w-12 mr-2,0,DIV Buit (Sense contingut)
ContextualHeader.jsx,src/components/layout/ContextualHeader.jsx,53,,flex items-center flex-1 h-[36px] bg-white rounded-[24px] overflow-hidden focus-within:ring-2 focus-within:ring-[var(--theme-accent-primary)] transition-all group,6,
ContextualHeader.jsx,src/components/layout/ContextualHeader.jsx,54,,flex items-center justify-center pl-4 pr-2 h-full,1,
ContextualHeader.jsx,src/components/layout/ContextualHeader.jsx,74,,flex items-center pr-2 gap-2 shrink-0,1,
ContextualHeader.jsx,src/components/layout/ContextualHeader.jsx,92,,hidden sm:flex items-center bg-black/20 dark:bg-white/10 p-1 rounded-full gap-1 ml-3 shrink-0,3,
Header.jsx,src/components/layout/Header.jsx,39,,shrink-0 z-50,1,
Header.jsx,src/components/layout/Header.jsx,87,,notranslate shrink-0 w-[36px] h-[36px] max-[350px]:w-[28px] max-[350px]:h-[28px] rounded-full bg-[#1A1A1A] flex items-center justify-center text-xs font-black text-white border border-[#333] overflow-hidden relative,2,
MobileBottomNav.jsx,src/components/layout/MobileBottomNav.jsx,34,,notranslate flex flex-1 items-center justify-evenly w-full h-[64px] px-2,1,
NavigationRail.jsx,src/components/layout/NavigationRail.jsx,55,,flex-1 overflow-y-auto stable-scroll custom-scrollbar flex flex-col pt-1 px-3 pb-6,1,
NavigationRail.jsx,src/components/layout/NavigationRail.jsx,65,,absolute inset-0 bg-[#F97316] rounded-tactile transition-colors duration-200,0,DIV Buit (Sense contingut)
NavigationRail.jsx,src/components/layout/NavigationRail.jsx,87,,absolute inset-0 bg-red-500/10 rounded-tactile transition-colors duration-200,0,DIV Buit (Sense contingut)
NavigationRail.jsx,src/components/layout/NavigationRail.jsx,106,,flex flex-col items-start gap-3 px-4,2,
NotebookSidebar.jsx,src/components/layout/NotebookSidebar.jsx,43,,folder-item-wrapper,2,
NotebookSidebar.jsx,src/components/layout/NotebookSidebar.jsx,44,,[Expressió Dinàmica],2,
NotebookSidebar.jsx,src/components/layout/NotebookSidebar.jsx,58,,flex items-center overflow-hidden,4,
NotebookSidebar.jsx,src/components/layout/NotebookSidebar.jsx,61,,w-5 flex items-center justify-center shrink-0 sidebar-chevron-element,1,
NotebookSidebar.jsx,src/components/layout/NotebookSidebar.jsx,75,,[Expressió Dinàmica],2,
NotebookSidebar.jsx,src/components/layout/NotebookSidebar.jsx,98,notebook-sidebar,[Expressió Dinàmica],3,
NotebookSidebar.jsx,src/components/layout/NotebookSidebar.jsx,103,,flex items-center gap-2 px-3 py-3 mb-1 sidebar-row-element,3,
NotebookSidebar.jsx,src/components/layout/NotebookSidebar.jsx,116,,flex-1 overflow-y-auto custom-scrollbar px-2 space-y-1,3,
NotebookSidebar.jsx,src/components/layout/NotebookSidebar.jsx,122,,mt-4 pt-2 border-t border-gray-200 dark:border-[#333],1,
NotebookSidebar.jsx,src/components/layout/NotebookSidebar.jsx,123,,[Expressió Dinàmica],2,
NotebookSidebar.jsx,src/components/layout/NotebookSidebar.jsx,142,,mt-4 pt-2 border-t border-gray-200 dark:border-[#333],2,
NotebookSidebar.jsx,src/components/layout/NotebookSidebar.jsx,143,,flex items-center gap-2 px-3 py-2 mb-1 sidebar-row-element,2,
NotebookSidebar.jsx,src/components/layout/NotebookSidebar.jsx,147,,space-y-1 px-2,1,
NotebookSidebar.jsx,src/components/layout/NotebookSidebar.jsx,149,,[Expressió Dinàmica],2,
PageHeader.jsx,src/components/layout/PageHeader.jsx,21,,w-12 flex items-center justify-start,1,
PageHeader.jsx,src/components/layout/PageHeader.jsx,23,,fixed top-[max(env(safe-area-inset-top);0.5rem)] left-2 sm:left-4 z-[9999] isolate,1,
PageHeader.jsx,src/components/layout/PageHeader.jsx,44,,flex-1 flex flex-col items-center justify-center overflow-hidden px-2,2,
PageHeader.jsx,src/components/layout/PageHeader.jsx,56,,w-12 flex items-center justify-end,1,
SystemContainers.jsx,src/components/layout/SystemContainers.jsx,20,,[Expressió Dinàmica],1,
SystemContainers.jsx,src/components/layout/SystemContainers.jsx,35,,[Expressió Dinàmica],1,
SystemPageLayout.jsx,src/components/layout/SystemPageLayout.jsx,20,,[Expressió Dinàmica],6,
SystemPageLayout.jsx,src/components/layout/SystemPageLayout.jsx,35,,[Expressió Dinàmica],1,
SystemPageLayout.jsx,src/components/layout/SystemPageLayout.jsx,43,,w-full sticky bottom-0 mt-auto z-40 shadow-[0_-10px_40px_-5px_rgba(0;0;0;0.1)] bg-theme-base border-t border-[rgba(255;255;255;0.05)] isolate,1,
AddItemModal.jsx,src/components/modals/AddItemModal.jsx,120,,m3-dialog-overlay,2,
AddItemModal.jsx,src/components/modals/AddItemModal.jsx,121,,m3-dialog-content animate-in-up,3,
AddItemModal.jsx,src/components/modals/AddItemModal.jsx,122,,m3-dialog-header,3,
AddItemModal.jsx,src/components/modals/AddItemModal.jsx,126,,header-title-group,1,
AddItemModal.jsx,src/components/modals/AddItemModal.jsx,138,,m3-dialog-body scrollable,3,
AddItemModal.jsx,src/components/modals/AddItemModal.jsx,139,,flex items-center justify-between mb-4 mt-2,2,
AddItemModal.jsx,src/components/modals/AddItemModal.jsx,160,,flex flex-col gap-4,5,
AddItemModal.jsx,src/components/modals/AddItemModal.jsx,161,,w-full,2,
AddItemModal.jsx,src/components/modals/AddItemModal.jsx,175,,flex gap-4,2,
AddItemModal.jsx,src/components/modals/AddItemModal.jsx,176,,flex-1,2,
AddItemModal.jsx,src/components/modals/AddItemModal.jsx,189,,flex-1,3,
AddItemModal.jsx,src/components/modals/AddItemModal.jsx,216,,flex gap-4,3,
AddItemModal.jsx,src/components/modals/AddItemModal.jsx,217,,flex-1,1,
AddItemModal.jsx,src/components/modals/AddItemModal.jsx,226,,flex-1,1,
AddItemModal.jsx,src/components/modals/AddItemModal.jsx,236,,flex-1,1,
AddItemModal.jsx,src/components/modals/AddItemModal.jsx,247,,flex gap-4,3,
AddItemModal.jsx,src/components/modals/AddItemModal.jsx,248,,flex-1,1,
AddItemModal.jsx,src/components/modals/AddItemModal.jsx,261,,flex-1,1,
AddItemModal.jsx,src/components/modals/AddItemModal.jsx,272,,flex-1 flex items-center px-4,1,
AddItemModal.jsx,src/components/modals/AddItemModal.jsx,286,,m3-editor-container mt-6,1,
AddItemModal.jsx,src/components/modals/AddItemModal.jsx,297,,flex items-center gap-4,3,
AddItemModal.jsx,src/components/modals/AddItemModal.jsx,304,,flex items-center gap-2 bg-emerald-500/20 text-emerald-400 px-3 py-1.5 rounded-full text-xs font-bold animate-in zoom-in ml-auto,3,
AgentSelectorModal.jsx,src/components/modals/AgentSelectorModal.jsx,192,,modal-overlay animate-in,1,
AgentSelectorModal.jsx,src/components/modals/AgentSelectorModal.jsx,193,,agent-selector-content glass-morphism,3,
AgentSelectorModal.jsx,src/components/modals/AgentSelectorModal.jsx,194,,agent-header,2,
AgentSelectorModal.jsx,src/components/modals/AgentSelectorModal.jsx,195,,header-info,2,
AgentSelectorModal.jsx,src/components/modals/AgentSelectorModal.jsx,204,,agents-grid,1,
AgentSelectorModal.jsx,src/components/modals/AgentSelectorModal.jsx,206,,agent-card,2,
AgentSelectorModal.jsx,src/components/modals/AgentSelectorModal.jsx,212,,agent-icon,1,
AgentSelectorModal.jsx,src/components/modals/AgentSelectorModal.jsx,215,,agent-info,3,
CalendarManagerModal.jsx,src/components/modals/CalendarManagerModal.jsx,21,,calendar-modal-overlay animate-in,1,
CalendarManagerModal.jsx,src/components/modals/CalendarManagerModal.jsx,22,,calendar-modal-content,2,
CalendarManagerModal.jsx,src/components/modals/CalendarManagerModal.jsx,23,,calendar-modal-header,2,
CalendarManagerModal.jsx,src/components/modals/CalendarManagerModal.jsx,24,,title-group,2,
CalendarManagerModal.jsx,src/components/modals/CalendarManagerModal.jsx,31,,calendar-modal-body overflow-y-auto max-h-[70vh],4,
CalendarManagerModal.jsx,src/components/modals/CalendarManagerModal.jsx,34,,oauth-dashboard mb-6 pb-6 border-b border-[var(--border-master)],3,
CalendarManagerModal.jsx,src/components/modals/CalendarManagerModal.jsx,35,,dashboard-header-flex mb-2,1,
CalendarManagerModal.jsx,src/components/modals/CalendarManagerModal.jsx,43,,calendars-list,2,
CalendarManagerModal.jsx,src/components/modals/CalendarManagerModal.jsx,47,,[Expressió Dinàmica],2,
CalendarManagerModal.jsx,src/components/modals/CalendarManagerModal.jsx,48,,cal-info,2,
CalendarManagerModal.jsx,src/components/modals/CalendarManagerModal.jsx,49,,cal-color-dot,0,DIV Buit (Sense contingut)
CalendarManagerModal.jsx,src/components/modals/CalendarManagerModal.jsx,57,,cal-actions,1,
CalendarManagerModal.jsx,src/components/modals/CalendarManagerModal.jsx,64,,checkbox-visual,1,
CalendarManagerModal.jsx,src/components/modals/CalendarManagerModal.jsx,73,,p-4 text-center text-[var(--text-muted)] italic text-sm,1,
CalendarManagerModal.jsx,src/components/modals/CalendarManagerModal.jsx,82,,oauth-login-box,4,
CalendarManagerModal.jsx,src/components/modals/CalendarManagerModal.jsx,91,,oauth-dashboard,3,
CalendarManagerModal.jsx,src/components/modals/CalendarManagerModal.jsx,92,,dashboard-header-flex,2,
CalendarManagerModal.jsx,src/components/modals/CalendarManagerModal.jsx,103,,calendars-list,2,
CalendarManagerModal.jsx,src/components/modals/CalendarManagerModal.jsx,109,,[Expressió Dinàmica],2,
CalendarManagerModal.jsx,src/components/modals/CalendarManagerModal.jsx,110,,cal-info,2,
CalendarManagerModal.jsx,src/components/modals/CalendarManagerModal.jsx,111,,cal-color-dot,0,DIV Buit (Sense contingut)
CalendarManagerModal.jsx,src/components/modals/CalendarManagerModal.jsx,120,,cal-actions,2,
CalendarManagerModal.jsx,src/components/modals/CalendarManagerModal.jsx,135,,checkbox-visual,1,
CalendarManagerModal.jsx,src/components/modals/CalendarManagerModal.jsx,144,,p-4 text-center text-[var(--text-muted)] italic,1,
ConnectionSelectorModal.jsx,src/components/modals/ConnectionSelectorModal.jsx,14,,fixed inset-0 z-[var(--z-modal)] bg-black/60 backdrop-blur-sm flex items-center justify-center p-4 animate-in fade-in duration-200,1,
ConnectionSelectorModal.jsx,src/components/modals/ConnectionSelectorModal.jsx,15,,connection-modal-content glass-morphism w-full max-w-md w-[85%] sm:w-full,3,
ConnectionSelectorModal.jsx,src/components/modals/ConnectionSelectorModal.jsx,16,,connection-modal-header,3,
ConnectionSelectorModal.jsx,src/components/modals/ConnectionSelectorModal.jsx,17,,header-icon,1,
ConnectionSelectorModal.jsx,src/components/modals/ConnectionSelectorModal.jsx,20,,header-title,2,
ConnectionSelectorModal.jsx,src/components/modals/ConnectionSelectorModal.jsx,29,,connection-modal-body,3,
ConnectionSelectorModal.jsx,src/components/modals/ConnectionSelectorModal.jsx,31,,privacy-badge-notice,2,
CreateEventModal.jsx,src/components/modals/CreateEventModal.jsx,78,,px-6 pt-6 pb-4 flex items-center justify-between border-b border-theme-border,2,
CreateEventModal.jsx,src/components/modals/CreateEventModal.jsx,89,,,2,Contenidor simple sense classes/id
CreateEventModal.jsx,src/components/modals/CreateEventModal.jsx,103,,grid grid-cols-2 gap-4,2,
CreateEventModal.jsx,src/components/modals/CreateEventModal.jsx,104,,,2,Contenidor simple sense classes/id
CreateEventModal.jsx,src/components/modals/CreateEventModal.jsx,108,,,2,Contenidor simple sense classes/id
CreateEventModal.jsx,src/components/modals/CreateEventModal.jsx,115,,flex gap-4,2,
CreateEventModal.jsx,src/components/modals/CreateEventModal.jsx,132,,,1,Wrapper Innecessari (1 fill, sense classes)
CreateEventModal.jsx,src/components/modals/CreateEventModal.jsx,140,,,2,Contenidor simple sense classes/id
CreatePostModal.jsx,src/components/modals/CreatePostModal.jsx,151,,[Expressió Dinàmica],3,
CreatePostModal.jsx,src/components/modals/CreatePostModal.jsx,152,,absolute inset-0 bg-black/60 backdrop-blur-md,0,DIV Buit (Sense contingut)
CreatePostModal.jsx,src/components/modals/CreatePostModal.jsx,157,,[Expressió Dinàmica],4,
CreatePostModal.jsx,src/components/modals/CreatePostModal.jsx,163,,flex items-center justify-between p-5 border-b border-[var(--border-master)] bg-[var(--bg-panel-elevated)],2,
CreatePostModal.jsx,src/components/modals/CreatePostModal.jsx,164,,flex items-center gap-3,2,
CreatePostModal.jsx,src/components/modals/CreatePostModal.jsx,173,,flex items-center gap-2,1,
CreatePostModal.jsx,src/components/modals/CreatePostModal.jsx,191,,flex-1 overflow-y-auto p-5 space-y-5 custom-scrollbar pb-24,10,
CreatePostModal.jsx,src/components/modals/CreatePostModal.jsx,195,,space-y-1.5 opacity-in,2,
CreatePostModal.jsx,src/components/modals/CreatePostModal.jsx,208,,space-y-1.5,2,
CreatePostModal.jsx,src/components/modals/CreatePostModal.jsx,209,,flex justify-between items-center mb-1,2,
CreatePostModal.jsx,src/components/modals/CreatePostModal.jsx,217,,[Expressió Dinàmica],1,
CreatePostModal.jsx,src/components/modals/CreatePostModal.jsx,218,,h-40 w-full animate-pulse bg-[#3B332A] rounded-xl flex items-center justify-center text-white/40 font-mono text-xs,1,
CreatePostModal.jsx,src/components/modals/CreatePostModal.jsx,231,,grid grid-cols-2 gap-4,2,
CreatePostModal.jsx,src/components/modals/CreatePostModal.jsx,232,,space-y-1.5,2,
CreatePostModal.jsx,src/components/modals/CreatePostModal.jsx,234,,relative,2,
CreatePostModal.jsx,src/components/modals/CreatePostModal.jsx,243,,space-y-1.5,4,
CreatePostModal.jsx,src/components/modals/CreatePostModal.jsx,251,,absolute right-9 top-[372px] md:top-[388px] pointer-events-none text-white/50,1,
CreatePostModal.jsx,src/components/modals/CreatePostModal.jsx,259,,space-y-3 pt-2,2,
CreatePostModal.jsx,src/components/modals/CreatePostModal.jsx,263,,relative w-full aspect-video rounded-xl overflow-hidden bg-black/50 border border-white/10 group,3,
CreatePostModal.jsx,src/components/modals/CreatePostModal.jsx,293,,text-white/60 mb-3 group-hover:scale-110 group-hover:text-white transition-all,1,
CreatePostModal.jsx,src/components/modals/CreatePostModal.jsx,304,,px-5 py-2.5 bg-orange-500/20 text-orange-400 font-bold rounded-full text-sm group-hover:bg-orange-500 group-hover:text-white transition-colors,1,
GlobalModals.jsx,src/components/modals/GlobalModals.jsx,83,,outline-none contents,13,
HistoryModal.jsx,src/components/modals/HistoryModal.jsx,48,,fixed inset-0 z-[100] flex items-center justify-center p-4 bg-black/60 backdrop-blur-sm sm:items-center sm:p-0,1,
HistoryModal.jsx,src/components/modals/HistoryModal.jsx,55,,flex items-center justify-between p-5 border-b border-[var(--border-master)] bg-gradient-to-r from-[var(--theme-accent-primary)]/10 to-transparent,2,
HistoryModal.jsx,src/components/modals/HistoryModal.jsx,56,,flex items-center gap-3,2,
HistoryModal.jsx,src/components/modals/HistoryModal.jsx,68,,p-6 overflow-y-auto flex-1,1,
HistoryModal.jsx,src/components/modals/HistoryModal.jsx,70,,flex items-center justify-center py-10,1,
HistoryModal.jsx,src/components/modals/HistoryModal.jsx,74,,text-center py-10 opacity-60,2,
HistoryModal.jsx,src/components/modals/HistoryModal.jsx,79,,space-y-4,1,
HistoryModal.jsx,src/components/modals/HistoryModal.jsx,89,,[Expressió Dinàmica],1,
HistoryModal.jsx,src/components/modals/HistoryModal.jsx,98,,flex items-start gap-3,2,
HistoryModal.jsx,src/components/modals/HistoryModal.jsx,99,,mt-1 bg-black/40 p-2 rounded-full,1,
HistoryModal.jsx,src/components/modals/HistoryModal.jsx,102,,,3,Contenidor simple sense classes/id
HistoryModal.jsx,src/components/modals/HistoryModal.jsx,122,,p-5 border-t border-[var(--border-master)] bg-[var(--bg-panel)] flex justify-end gap-3,2,
LegalDocsModal.jsx,src/components/modals/LegalDocsModal.jsx,9,,legal-modal-overlay animate-fade-in,1,
LegalDocsModal.jsx,src/components/modals/LegalDocsModal.jsx,10,,[Expressió Dinàmica],3,
LegalDocsModal.jsx,src/components/modals/LegalDocsModal.jsx,11,,legal-modal-header,3,
LegalDocsModal.jsx,src/components/modals/LegalDocsModal.jsx,12,,header-icon-badge,1,
LegalDocsModal.jsx,src/components/modals/LegalDocsModal.jsx,15,,header-text,2,
LegalDocsModal.jsx,src/components/modals/LegalDocsModal.jsx,26,,legal-document-body,2,
LegalDocsModal.jsx,src/components/modals/LegalDocsModal.jsx,27,,watermark-logo,1,
LegalDocsModal.jsx,src/components/modals/LegalDocsModal.jsx,28,,doc-scroll-area,1,
LegalDocsModal.jsx,src/components/modals/LegalDocsModal.jsx,30,,legal-text-content,1,
LegalDocsModal.jsx,src/components/modals/LegalDocsModal.jsx,49,,no-content,2,
LegalDocsModal.jsx,src/components/modals/LegalDocsModal.jsx,58,,protection-badge,2,
LegalDocsModal.jsx,src/components/modals/LegalDocsModal.jsx,62,,footer-actions,2,
MediaViewerModal.jsx,src/components/modals/MediaViewerModal.jsx,139,,media-viewer-overlay,3,
MediaViewerModal.jsx,src/components/modals/MediaViewerModal.jsx,140,,media-viewer-toolbar,2,
MediaViewerModal.jsx,src/components/modals/MediaViewerModal.jsx,141,,toolbar-left,1,
MediaViewerModal.jsx,src/components/modals/MediaViewerModal.jsx,144,,toolbar-right,3,
MediaViewerModal.jsx,src/components/modals/MediaViewerModal.jsx,161,,media-viewer-content,4,
MediaViewerModal.jsx,src/components/modals/MediaViewerModal.jsx,168,,viewer-main-media-container relative h-full w-full flex items-center justify-center,4,
MediaViewerModal.jsx,src/components/modals/MediaViewerModal.jsx,183,,viewer-main-media flex items-center justify-center bg-[var(--theme-surface-sunken)] flex-col text-[var(--theme-text-muted)] p-8 text-center rounded-2xl w-full h-full min-h-[300px] max-w-lg mx-auto,3,
MediaViewerModal.jsx,src/components/modals/MediaViewerModal.jsx,192,,exif-info-panel absolute right-0 top-0 bottom-0 bg-black/80 backdrop-blur-md p-6 overflow-y-auto w-full md:w-80 text-white border-l border-white/10 animate-fade-in z-20,3,
MediaViewerModal.jsx,src/components/modals/MediaViewerModal.jsx,198,,mb-6 bg-white/10 p-3 rounded-lg,2,
MediaViewerModal.jsx,src/components/modals/MediaViewerModal.jsx,205,,text-center py-8 text-white/60 animate-pulse,1,
MediaViewerModal.jsx,src/components/modals/MediaViewerModal.jsx,207,,space-y-4,5,
MediaViewerModal.jsx,src/components/modals/MediaViewerModal.jsx,209,,exif-group bg-white/5 p-3 rounded-lg,2,
MediaViewerModal.jsx,src/components/modals/MediaViewerModal.jsx,216,,exif-group bg-white/5 p-3 rounded-lg,2,
MediaViewerModal.jsx,src/components/modals/MediaViewerModal.jsx,218,,grid grid-cols-2 gap-2 text-sm font-mono,4,
MediaViewerModal.jsx,src/components/modals/MediaViewerModal.jsx,219,,,3,Contenidor simple sense classes/id
MediaViewerModal.jsx,src/components/modals/MediaViewerModal.jsx,220,,,2,Contenidor simple sense classes/id
MediaViewerModal.jsx,src/components/modals/MediaViewerModal.jsx,221,,,2,Contenidor simple sense classes/id
MediaViewerModal.jsx,src/components/modals/MediaViewerModal.jsx,222,,,3,Contenidor simple sense classes/id
MediaViewerModal.jsx,src/components/modals/MediaViewerModal.jsx,228,,exif-group bg-white/5 p-3 rounded-lg,2,
MediaViewerModal.jsx,src/components/modals/MediaViewerModal.jsx,237,,mt-2 text-xs font-mono text-white/50 break-all bg-black/40 p-2 rounded h-32 overflow-y-auto,1,
MediaViewerModal.jsx,src/components/modals/MediaViewerModal.jsx,247,,text-center py-8 text-white/60,1,
MediaViewerModal.jsx,src/components/modals/MediaViewerModal.jsx,273,,media-viewer-footer,1,
ProfileSettingsModal.jsx,src/components/modals/ProfileSettingsModal.jsx,215,,fixed inset-0 z-50 flex items-center justify-center p-4,4,
ProfileSettingsModal.jsx,src/components/modals/ProfileSettingsModal.jsx,216,,absolute inset-0 bg-black/60 backdrop-blur-sm,0,DIV Buit (Sense contingut)
ProfileSettingsModal.jsx,src/components/modals/ProfileSettingsModal.jsx,217,,bg-theme-panel border border-[var(--border-master)] rounded-[28px] w-full max-w-md relative z-10 overflow-hidden flex flex-col max-h-[90vh] outline-none,3,
ProfileSettingsModal.jsx,src/components/modals/ProfileSettingsModal.jsx,222,,flex items-center justify-between p-6 border-b border-[var(--border-master)],2,
ProfileSettingsModal.jsx,src/components/modals/ProfileSettingsModal.jsx,229,,p-6 overflow-y-auto flex-1 flex flex-col gap-8,12,
ProfileSettingsModal.jsx,src/components/modals/ProfileSettingsModal.jsx,231,,space-y-4,4,
ProfileSettingsModal.jsx,src/components/modals/ProfileSettingsModal.jsx,232,,flex items-center gap-2 mb-4,2,
ProfileSettingsModal.jsx,src/components/modals/ProfileSettingsModal.jsx,238,,relative w-full h-32 rounded-2xl bg-black/40 overflow-visible border border-white/10 mb-10 mt-6 group/cover,8,
ProfileSettingsModal.jsx,src/components/modals/ProfileSettingsModal.jsx,247,,w-full h-full flex items-center justify-center rounded-2xl cursor-pointer,1,
ProfileSettingsModal.jsx,src/components/modals/ProfileSettingsModal.jsx,253,,absolute top-2 right-2 flex flex-col gap-2 opacity-0 group-hover/cover:opacity-100 transition-opacity z-20,1,
ProfileSettingsModal.jsx,src/components/modals/ProfileSettingsModal.jsx,261,,absolute inset-0 flex flex-col items-center justify-center opacity-0 group-hover/cover:opacity-100 transition-opacity pointer-events-none,2,
ProfileSettingsModal.jsx,src/components/modals/ProfileSettingsModal.jsx,277,,absolute -bottom-8 left-6 z-30,1,
ProfileSettingsModal.jsx,src/components/modals/ProfileSettingsModal.jsx,278,,relative w-24 h-24 rounded-[50%] border-[3px] border-solid border-[var(--bg-master)] overflow-hidden bg-gray-900 group/avatar cursor-pointer shadow-xl isolate aspect-square flex items-center justify-center,3,
ProfileSettingsModal.jsx,src/components/modals/ProfileSettingsModal.jsx,282,,w-full h-full flex items-center justify-center bg-gray-800,1,
ProfileSettingsModal.jsx,src/components/modals/ProfileSettingsModal.jsx,286,,absolute inset-0 flex items-center justify-center opacity-0 group-hover/avatar:opacity-100 transition-opacity,1,
ProfileSettingsModal.jsx,src/components/modals/ProfileSettingsModal.jsx,294,,space-y-4 pt-2,2,
ProfileSettingsModal.jsx,src/components/modals/ProfileSettingsModal.jsx,295,,,2,Contenidor simple sense classes/id
ProfileSettingsModal.jsx,src/components/modals/ProfileSettingsModal.jsx,305,,,2,Contenidor simple sense classes/id
ProfileSettingsModal.jsx,src/components/modals/ProfileSettingsModal.jsx,317,,h-px w-full bg-white/5 my-0,0,DIV Buit (Sense contingut)
ProfileSettingsModal.jsx,src/components/modals/ProfileSettingsModal.jsx,319,,w-full,1,
ProfileSettingsModal.jsx,src/components/modals/ProfileSettingsModal.jsx,324,,space-y-4,5,
ProfileSettingsModal.jsx,src/components/modals/ProfileSettingsModal.jsx,325,,flex items-center gap-2 mb-2,2,
ProfileSettingsModal.jsx,src/components/modals/ProfileSettingsModal.jsx,331,,bg-white/5 border border-white/10 rounded-2xl p-4,2,
ProfileSettingsModal.jsx,src/components/modals/ProfileSettingsModal.jsx,336,,flex justify-between items-center cursor-pointer hover:bg-white/5 p-2 -mx-2 rounded-xl transition-all,2,
ProfileSettingsModal.jsx,src/components/modals/ProfileSettingsModal.jsx,346,,bg-white/5 border border-white/10 rounded-2xl p-4,2,
ProfileSettingsModal.jsx,src/components/modals/ProfileSettingsModal.jsx,350,,space-y-2,2,
ProfileSettingsModal.jsx,src/components/modals/ProfileSettingsModal.jsx,354,,flex justify-between items-center bg-black/40 p-3 rounded-xl border border-white/5 shadow-inner,2,
ProfileSettingsModal.jsx,src/components/modals/ProfileSettingsModal.jsx,355,,flex items-center gap-3,2,
ProfileSettingsModal.jsx,src/components/modals/ProfileSettingsModal.jsx,356,,w-8 h-8 rounded-full bg-[var(--theme-accent-primary)]/10 text-[var(--theme-accent-primary)] flex items-center justify-center font-black text-xs,1,
ProfileSettingsModal.jsx,src/components/modals/ProfileSettingsModal.jsx,389,,space-y-4 pt-6 border-t border-[var(--border-master)],1,
ProfileSettingsModal.jsx,src/components/modals/ProfileSettingsModal.jsx,390,,bg-white/5 border border-white/10 rounded-2xl p-4,1,
ProfileSettingsModal.jsx,src/components/modals/ProfileSettingsModal.jsx,391,,flex justify-between items-center mb-2,2,
ProfileSettingsModal.jsx,src/components/modals/ProfileSettingsModal.jsx,392,,,2,Contenidor simple sense classes/id
ProfileSettingsModal.jsx,src/components/modals/ProfileSettingsModal.jsx,406,,w-11 h-6 bg-gray-700 peer-focus:outline-none rounded-full peer peer-checked:after:translate-x-full peer-checked:after:border-white after:content-[''] after:absolute after:top-[2px] after:left-[2px] after:bg-white after:border-gray-300 after:border after:rounded-full after:h-5 after:w-5 after:transition-all peer-checked:bg-[var(--theme-accent-primary)],0,DIV Buit (Sense contingut)
ProfileSettingsModal.jsx,src/components/modals/ProfileSettingsModal.jsx,413,,space-y-4 pt-6 border-t border-[var(--border-master)],2,
ProfileSettingsModal.jsx,src/components/modals/ProfileSettingsModal.jsx,414,,flex items-center gap-2 mb-2,2,
ProfileSettingsModal.jsx,src/components/modals/ProfileSettingsModal.jsx,418,,bg-red-500/10 border border-red-500/20 rounded-2xl p-4,2,
ProfileSettingsModal.jsx,src/components/modals/ProfileSettingsModal.jsx,430,,space-y-3 bg-red-950/40 p-3 rounded-xl border border-red-500/30 animate-in fade-in slide-in-from-bottom-2 duration-300,2,
ProfileSettingsModal.jsx,src/components/modals/ProfileSettingsModal.jsx,432,,flex gap-2,2,
ProfileSettingsModal.jsx,src/components/modals/ProfileSettingsModal.jsx,455,,h-px w-full bg-emerald-500/20 my-2,0,DIV Buit (Sense contingut)
ProfileSettingsModal.jsx,src/components/modals/ProfileSettingsModal.jsx,457,,space-y-4 mb-8,2,
ProfileSettingsModal.jsx,src/components/modals/ProfileSettingsModal.jsx,458,,flex items-center gap-3 mb-6,2,
ProfileSettingsModal.jsx,src/components/modals/ProfileSettingsModal.jsx,465,,bg-[#052e16]/40 border border-[#10b981]/30 rounded-3xl p-6 relative overflow-hidden group,5,
ProfileSettingsModal.jsx,src/components/modals/ProfileSettingsModal.jsx,467,,absolute inset-0 bg-[url('/assets/patterns/noise.png')] opacity-10 mix-blend-overlay pointer-events-none,0,DIV Buit (Sense contingut)
ProfileSettingsModal.jsx,src/components/modals/ProfileSettingsModal.jsx,468,,absolute -inset-x-full top-0 h-px bg-gradient-to-r from-transparent via-[#10b981]/50 to-transparent group-hover:animate-[shimmer_2s_infinite],0,DIV Buit (Sense contingut)
ProfileSettingsModal.jsx,src/components/modals/ProfileSettingsModal.jsx,470,,flex items-start gap-3 mb-6,2,
ProfileSettingsModal.jsx,src/components/modals/ProfileSettingsModal.jsx,472,,,2,Contenidor simple sense classes/id
ProfileSettingsModal.jsx,src/components/modals/ProfileSettingsModal.jsx,478,,space-y-3 relative z-10 w-full,2,
ProfileSettingsModal.jsx,src/components/modals/ProfileSettingsModal.jsx,487,,flex items-center gap-3,2,
ProfileSettingsModal.jsx,src/components/modals/ProfileSettingsModal.jsx,497,,flex items-center gap-3,2,
ProfileSettingsModal.jsx,src/components/modals/ProfileSettingsModal.jsx,509,,p-6 border-t border-[var(--border-master)] bg-black/40,1,
ProfileStudioModal.jsx,src/components/modals/ProfileStudioModal.jsx,35,,studio-overlay,2,
ProfileStudioModal.jsx,src/components/modals/ProfileStudioModal.jsx,36,,studio-content,3,
ProfileStudioModal.jsx,src/components/modals/ProfileStudioModal.jsx,37,,studio-header,2,
ProfileStudioModal.jsx,src/components/modals/ProfileStudioModal.jsx,38,,header-title,2,
ProfileStudioModal.jsx,src/components/modals/ProfileStudioModal.jsx,45,,studio-body,6,
ProfileStudioModal.jsx,src/components/modals/ProfileStudioModal.jsx,46,,studio-advice alzina-blindatge,1,
ProfileStudioModal.jsx,src/components/modals/ProfileStudioModal.jsx,50,,studio-section,2,
ProfileStudioModal.jsx,src/components/modals/ProfileStudioModal.jsx,51,,section-header,2,
ProfileStudioModal.jsx,src/components/modals/ProfileStudioModal.jsx,62,,studio-section,3,
ProfileStudioModal.jsx,src/components/modals/ProfileStudioModal.jsx,63,,section-header,2,
ProfileStudioModal.jsx,src/components/modals/ProfileStudioModal.jsx,67,,cover-studio-section,2,
ProfileStudioModal.jsx,src/components/modals/ProfileStudioModal.jsx,68,,studio-preview cover-preview group/cover,3,
ProfileStudioModal.jsx,src/components/modals/ProfileStudioModal.jsx,81,,empty-preview,2,
ProfileStudioModal.jsx,src/components/modals/ProfileStudioModal.jsx,89,,absolute inset-0 flex flex-col items-center justify-center opacity-0 group-hover/cover:opacity-100 transition-opacity pointer-events-none z-dropdown bg-black/60,2,
ProfileStudioModal.jsx,src/components/modals/ProfileStudioModal.jsx,103,,studio-action-bar items-center,3,
ProfileStudioModal.jsx,src/components/modals/ProfileStudioModal.jsx,141,,studio-section,3,
ProfileStudioModal.jsx,src/components/modals/ProfileStudioModal.jsx,142,,section-header,2,
ProfileStudioModal.jsx,src/components/modals/ProfileStudioModal.jsx,146,,avatar-studio-section,2,
ProfileStudioModal.jsx,src/components/modals/ProfileStudioModal.jsx,147,,avatar-studio-preview,1,
ProfileStudioModal.jsx,src/components/modals/ProfileStudioModal.jsx,153,,avatar-big-preview,1,
ProfileStudioModal.jsx,src/components/modals/ProfileStudioModal.jsx,157,,avatar-placeholder,1,
ProfileStudioModal.jsx,src/components/modals/ProfileStudioModal.jsx,164,,studio-action-bar items-center,3,
TownSelectorModal.jsx,src/components/modals/TownSelectorModal.jsx,149,,fixed inset-0 z-modal bg-theme-base md:absolute md:inset-0 md:bg-theme-panel md:backdrop-blur-3xl flex flex-col animate-in slide-in-from-bottom-4 duration-300 font-sans text-theme-text overflow-hidden,3,
TownSelectorModal.jsx,src/components/modals/TownSelectorModal.jsx,151,,px-6 pt-12 pb-4 md:pt-8 flex flex-col gap-4 border-b border-[var(--border-master)] shrink-0,2,
TownSelectorModal.jsx,src/components/modals/TownSelectorModal.jsx,152,,flex justify-between items-start,2,
TownSelectorModal.jsx,src/components/modals/TownSelectorModal.jsx,153,,,2,Contenidor simple sense classes/id
TownSelectorModal.jsx,src/components/modals/TownSelectorModal.jsx,157,,flex items-center gap-2 mt-3 text-sm font-bold uppercase tracking-widest text-gray-400,6,
TownSelectorModal.jsx,src/components/modals/TownSelectorModal.jsx,184,,relative mt-2,3,
TownSelectorModal.jsx,src/components/modals/TownSelectorModal.jsx,203,,flex-1 overflow-y-auto custom-scrollbar p-2,1,
TownSelectorModal.jsx,src/components/modals/TownSelectorModal.jsx,205,,flex flex-col items-center justify-center h-full gap-4 text-gray-400,2,
TownSelectorModal.jsx,src/components/modals/TownSelectorModal.jsx,206,,w-8 h-8 rounded-full border-4 border-t-[var(--theme-accent-primary)] border-gray-700 animate-spin,0,DIV Buit (Sense contingut)
TownSelectorModal.jsx,src/components/modals/TownSelectorModal.jsx,210,,flex flex-col h-full items-center p-6 gap-6 text-center animate-in fade-in duration-500,3,
TownSelectorModal.jsx,src/components/modals/TownSelectorModal.jsx,211,,w-16 h-16 rounded-full bg-[var(--theme-accent-primary-faint)] flex items-center justify-center text-[var(--theme-accent-primary)] mb-2 shadow-[0_0_30px_rgba(255;107;0;0.3)],1,
TownSelectorModal.jsx,src/components/modals/TownSelectorModal.jsx,214,,,2,Contenidor simple sense classes/id
TownSelectorModal.jsx,src/components/modals/TownSelectorModal.jsx,219,,w-full max-w-sm flex flex-col gap-4 mt-4,3,
TownSelectorModal.jsx,src/components/modals/TownSelectorModal.jsx,241,,flex flex-col items-center justify-center h-full gap-2 text-gray-500 text-center px-8,4,
TownSelectorModal.jsx,src/components/modals/TownSelectorModal.jsx,245,,mt-6 p-5 bg-black/5 dark:bg-white/5 rounded-2xl border border-[var(--border-master)] text-center w-full max-w-sm transform hover:scale-[1.02] transition-transform,2,
TownSelectorModal.jsx,src/components/modals/TownSelectorModal.jsx,260,,flex flex-col gap-1,1,
TownSelectorModal.jsx,src/components/modals/TownSelectorModal.jsx,288,,flex flex-col items-start gap-1 text-left,2,
TownSelectorModal.jsx,src/components/modals/TownSelectorModal.jsx,298,,,1,Wrapper Innecessari (1 fill, sense classes)
TranslationModal.jsx,src/components/modals/TranslationModal.jsx,73,,fixed inset-0 bg-black/60 backdrop-blur-sm flex items-center justify-center p-4 notranslate,1,
TranslationModal.jsx,src/components/modals/TranslationModal.jsx,74,,relative w-full max-w-sm mx-4 shadow-2xl bg-white dark:bg-[#141417] rounded-3xl border border-black/10 dark:border-white/10,2,
TranslationModal.jsx,src/components/modals/TranslationModal.jsx,79,,p-6 pb-4,4,
TranslationModal.jsx,src/components/modals/TranslationModal.jsx,80,,flex items-center gap-3 mb-6,2,
TranslationModal.jsx,src/components/modals/TranslationModal.jsx,81,,w-10 h-10 rounded-full bg-[#ff6d23]/20 flex items-center justify-center text-[#ff6d23] flex-shrink-0,1,
TranslationModal.jsx,src/components/modals/TranslationModal.jsx,93,,flex flex-col gap-2 mb-2,2,
TranslationModal.jsx,src/components/modals/TranslationModal.jsx,105,,flex flex-col gap-2 mt-2,2,
TranslationModal.jsx,src/components/modals/TranslationModal.jsx,149,google_translate_inline_wrapper,w-full flex items-center justify-center p-1 rounded-xl bg-gray-50 dark:bg-white/5 border border-black/5 dark:border-white/5,0,DIV Buit (Sense contingut)
SearchNavBar.jsx,src/components/patterns/SearchNavBar.jsx,41,,sticky top-0 z-[100] bg-[var(--theme-accent-primary)] w-full h-[env(safe-area-inset-top;0px)+56px] min-h-[56px] flex items-end justify-between px-3 transition-colors duration-500 shadow-md transform-gpu pb-2 pt-[env(safe-area-inset-top;0px)],6,
SearchNavBar.jsx,src/components/patterns/SearchNavBar.jsx,44,,shrink-0 mr-3 text-white/90 hover:text-white transition-colors flex items-center justify-center,1,
SearchNavBar.jsx,src/components/patterns/SearchNavBar.jsx,55,,flex items-center flex-1 h-[36px] bg-white rounded-[24px] overflow-hidden focus-within:ring-2 focus-within:ring-[var(--theme-accent-primary)] transition-all group,4,
SearchNavBar.jsx,src/components/patterns/SearchNavBar.jsx,56,,flex items-center justify-center pl-4 pr-2 h-full,1,
SearchNavBar.jsx,src/components/patterns/SearchNavBar.jsx,58,,text-gray-400 group-focus-within:text-[var(--theme-accent-primary)] transition-colors flex items-center justify-center,1,
SearchNavBar.jsx,src/components/patterns/SearchNavBar.jsx,90,,shrink-0 w-2,0,DIV Buit (Sense contingut)
EntityProfile.jsx,src/components/profile/EntityProfile.jsx,88,,atom-root bg-theme-base min-h-screen pb-20,6,
EntityProfile.jsx,src/components/profile/EntityProfile.jsx,91,,sticky top-0 z-[var(--z-sticky;200)] w-full max-w-full overflow-hidden shadow-lg bg-[#4F46E5] text-white transition-all shrink-0,1,
EntityProfile.jsx,src/components/profile/EntityProfile.jsx,92,,flex items-center justify-between min-h-[56px] px-2 sm:px-4 w-full max-w-7xl mx-auto overflow-hidden,4,
EntityProfile.jsx,src/components/profile/EntityProfile.jsx,95,,flex items-center justify-start gap-1 shrink-0,1,
EntityProfile.jsx,src/components/profile/EntityProfile.jsx,106,,flex items-center justify-end gap-1 sm:gap-2 flex-1 min-w-0 overflow-x-auto no-scrollbar scroll-smooth,4,
EntityProfile.jsx,src/components/profile/EntityProfile.jsx,149,,relative w-full h-48 sm:h-64 md:h-80 bg-black/10 dark:bg-white/5,2,
EntityProfile.jsx,src/components/profile/EntityProfile.jsx,159,,absolute -bottom-4 right-6 flex justify-end items-end z-[201],1,
EntityProfile.jsx,src/components/profile/EntityProfile.jsx,173,,mt-6 px-4 sm:px-6 max-w-4xl mx-auto,8,
EntityProfile.jsx,src/components/profile/EntityProfile.jsx,174,,flex flex-col sm:flex-row sm:items-center justify-between gap-4 mb-2,2,
EntityProfile.jsx,src/components/profile/EntityProfile.jsx,175,,flex flex-row items-center gap-4,2,
EntityProfile.jsx,src/components/profile/EntityProfile.jsx,176,,w-24 h-24 sm:w-28 sm:h-28 rounded-full border-4 border-theme-panel bg-theme-panel overflow-hidden shadow-sm glass-rural shrink-0,1,
EntityProfile.jsx,src/components/profile/EntityProfile.jsx,178,,[Expressió Dinàmica],1,
EntityProfile.jsx,src/components/profile/EntityProfile.jsx,182,,w-full h-full flex items-center justify-center bg-black/10 dark:bg-white/10 text-3xl font-black text-theme-text opacity-50,1,
EntityProfile.jsx,src/components/profile/EntityProfile.jsx,188,,flex flex-col justify-center,2,
EntityProfile.jsx,src/components/profile/EntityProfile.jsx,209,,my-7 bg-[#FF6D23]/10 dark:bg-[#FF6D23]/15 border border-[#FF6D23]/40 dark:border-[#FF6D23]/60 rounded-xl px-4 py-3 sm:px-5 sm:py-3.5 flex flex-col sm:flex-row items-center sm:items-start gap-3 shadow-sm relative overflow-hidden max-w-4xl,3,
EntityProfile.jsx,src/components/profile/EntityProfile.jsx,210,,absolute top-0 right-0 w-32 h-32 bg-[#FF6D23] opacity-5 rounded-full blur-2xl transform translate-x-10 -translate-y-10 pointer-events-none,0,DIV Buit (Sense contingut)
EntityProfile.jsx,src/components/profile/EntityProfile.jsx,211,,shrink-0 bg-[#FF6D23] text-white p-2 rounded-lg shadow-sm z-10 animate-pulse-slow mt-1 sm:mt-0,1,
EntityProfile.jsx,src/components/profile/EntityProfile.jsx,214,,flex-1 z-10,2,
EntityProfile.jsx,src/components/profile/EntityProfile.jsx,222,,text-base leading-relaxed text-theme-text max-w-2xl mb-6 mt-4 app-cms-content prose prose-lg dark:prose-invert,1,
EntityProfile.jsx,src/components/profile/EntityProfile.jsx,238,,flex items-center justify-between border-b border-black/10 dark:border-white/10 mb-6 overflow-x-auto no-scrollbar scroll-smooth w-full mt-4,3,
EntityProfile.jsx,src/components/profile/EntityProfile.jsx,239,,flex gap-1 sm:gap-2,6,
EntityProfile.jsx,src/components/profile/EntityProfile.jsx,255,,flex gap-1 pr-2 pb-2 shrink-0,3,
EntityProfile.jsx,src/components/profile/EntityProfile.jsx,281,,stable-scroll min-h-[40vh] pb-10,6,
EntityProfile.jsx,src/components/profile/EntityProfile.jsx,283,,w-full,1,
EntityProfile.jsx,src/components/profile/EntityProfile.jsx,285,,min-h-[500px],1,
EntityProfile.jsx,src/components/profile/EntityProfile.jsx,289,,text-[var(--text-muted)] text-sm text-center py-10 glass-rural rounded-2xl mx-2 mt-4,1,
EntityProfile.jsx,src/components/profile/EntityProfile.jsx,296,,animate-in fade-in slide-in-from-bottom-2 duration-300,1,
EntityProfile.jsx,src/components/profile/EntityProfile.jsx,301,,animate-in fade-in slide-in-from-bottom-2 duration-300,2,
EntityProfile.jsx,src/components/profile/EntityProfile.jsx,311,,text-[var(--text-muted)] text-sm text-center py-10 glass-rural rounded-2xl mx-2,1,
EntityProfile.jsx,src/components/profile/EntityProfile.jsx,372,,glass-rural p-6 rounded-3xl mx-2 animate-in fade-in slide-in-from-bottom-2 duration-300,3,
EntityProfile.jsx,src/components/profile/EntityProfile.jsx,378,,space-y-6,5,
EntityProfile.jsx,src/components/profile/EntityProfile.jsx,379,,flex flex-col gap-1,2,
EntityProfile.jsx,src/components/profile/EntityProfile.jsx,385,,flex flex-col gap-1,2,
EntityProfile.jsx,src/components/profile/EntityProfile.jsx,392,,flex flex-col gap-1,2,
EntityProfile.jsx,src/components/profile/EntityProfile.jsx,399,,flex flex-col gap-1,2,
EntityProfile.jsx,src/components/profile/EntityProfile.jsx,406,,flex flex-col gap-1,2,
EntityProfile.jsx,src/components/profile/EntityProfile.jsx,413,,mt-10 pt-6 border-t border-border-master flex justify-end,1,
EntityProfile.jsx,src/components/profile/EntityProfile.jsx,429,,glass-rural p-6 rounded-3xl mx-2 shadow-sm border border-black/5 dark:border-white/5 mb-6,2,
EntityProfile.jsx,src/components/profile/EntityProfile.jsx,430,,flex items-center gap-3 mb-6 border-b border-border-master pb-4,1,
EntityProfile.jsx,src/components/profile/EntityProfile.jsx,437,,bg-[#FF6D23]/10 border border-[#FF6D23]/20 dark:border-[#FF6D23]/30 rounded-2xl p-4 flex flex-col sm:flex-row items-center gap-4 relative overflow-hidden,4,
EntityProfile.jsx,src/components/profile/EntityProfile.jsx,438,,absolute right-0 top-0 w-32 h-32 bg-[#FF6D23] opacity-5 rounded-full blur-2xl transform translate-x-10 -translate-y-10 pointer-events-none,0,DIV Buit (Sense contingut)
EntityProfile.jsx,src/components/profile/EntityProfile.jsx,439,,w-14 h-14 rounded-full overflow-hidden border-2 border-[#FF6D23] shrink-0 shadow-sm relative z-10,1,
EntityProfile.jsx,src/components/profile/EntityProfile.jsx,442,,text-center sm:text-left flex-1 relative z-10,2,
EntityProfile.jsx,src/components/profile/EntityProfile.jsx,446,,shrink-0 mt-2 sm:mt-0 relative z-10,1,
EntityProfile.jsx,src/components/profile/EntityProfile.jsx,460,,glass-rural p-6 rounded-3xl mx-2 text-center text-sm font-bold text-[var(--text-muted)],1,
EntityProfile.jsx,src/components/profile/EntityProfile.jsx,476,,glass-rural p-6 rounded-3xl mx-2 shadow-sm border border-black/5 dark:border-white/5,2,
EntityProfile.jsx,src/components/profile/EntityProfile.jsx,477,,flex items-center gap-3 mb-6 border-b border-border-master pb-4,2,
EntityProfile.jsx,src/components/profile/EntityProfile.jsx,484,,grid grid-cols-1 sm:grid-cols-2 gap-6,1,
EntityProfile.jsx,src/components/profile/EntityProfile.jsx,486,,bg-black/5 dark:bg-white/5 p-4 rounded-2xl border border-black/5 dark:border-white/5 overflow-hidden,2,
EntityProfile.jsx,src/components/profile/EntityProfile.jsx,492,,flex flex-wrap gap-2 mt-2,1,
TownProposalsTab.jsx,src/components/profile/TownProposalsTab.jsx,72,,p-6 text-center text-[var(--text-muted)] font-bold,1,
TownProposalsTab.jsx,src/components/profile/TownProposalsTab.jsx,75,,glass-rural p-6 rounded-3xl mx-2 shadow-sm border border-black/5 dark:border-white/5 mb-6 animate-in fade-in slide-in-from-bottom-2 duration-300,2,
TownProposalsTab.jsx,src/components/profile/TownProposalsTab.jsx,76,,flex flex-col sm:flex-row sm:items-center justify-between gap-4 mb-6 border-b border-border-master pb-4,2,
TownProposalsTab.jsx,src/components/profile/TownProposalsTab.jsx,77,,,2,Contenidor simple sense classes/id
TownProposalsTab.jsx,src/components/profile/TownProposalsTab.jsx,94,,bg-black/5 dark:bg-white/5 rounded-2xl border border-black/10 dark:border-white/10 p-6 animate-in fade-in slide-in-from-top-2 duration-200 mt-4,1,
TownProposalsTab.jsx,src/components/profile/TownProposalsTab.jsx,96,,bg-[#FF6D23]/10 border border-[#FF6D23]/30 rounded-xl p-4 mb-4,1,
TownProposalsTab.jsx,src/components/profile/TownProposalsTab.jsx,102,,,2,Contenidor simple sense classes/id
TownProposalsTab.jsx,src/components/profile/TownProposalsTab.jsx,113,,,2,Contenidor simple sense classes/id
TownProposalsTab.jsx,src/components/profile/TownProposalsTab.jsx,124,,,2,Contenidor simple sense classes/id
TownProposalsTab.jsx,src/components/profile/TownProposalsTab.jsx,126,,relative,2,
TownProposalsTab.jsx,src/components/profile/TownProposalsTab.jsx,127,,absolute left-3 top-1/2 -translate-y-1/2 text-[var(--text-muted)],1,
TownProposalsTab.jsx,src/components/profile/TownProposalsTab.jsx,140,,,2,Contenidor simple sense classes/id
TownProposalsTab.jsx,src/components/profile/TownProposalsTab.jsx,142,,relative,2,
TownProposalsTab.jsx,src/components/profile/TownProposalsTab.jsx,143,,absolute left-3 top-1/2 -translate-y-1/2 text-[var(--text-muted)],1,
TownProposalsTab.jsx,src/components/profile/TownProposalsTab.jsx,156,,pt-4 flex gap-3,2,
TownProposalsTab.jsx,src/components/profile/TownProposalsTab.jsx,175,,space-y-6 mt-4,3,
TownProposalsTab.jsx,src/components/profile/TownProposalsTab.jsx,178,,flex gap-2 overflow-x-auto no-scrollbar py-2,4,
TownProposalsTab.jsx,src/components/profile/TownProposalsTab.jsx,198,,text-center py-10 text-[var(--text-muted)] font-medium bg-black/5 dark:bg-white/5 rounded-2xl,1,
TownProposalsTab.jsx,src/components/profile/TownProposalsTab.jsx,216,,relative mt-4,2,
TownProposalsTab.jsx,src/components/profile/TownProposalsTab.jsx,218,,absolute -top-3 left-1/2 -translate-x-1/2 z-10 bg-theme-accent-primary text-white text-[10px] font-black uppercase tracking-widest px-3 py-1 rounded-full shadow-md,1,
TownProposalsTab.jsx,src/components/profile/TownProposalsTab.jsx,233,,flex justify-end pt-2,1,
UniversalAjuntament.jsx,src/components/profile/UniversalAjuntament.jsx,70,,atom-root bg-theme-base min-h-screen pb-20,6,
UniversalAjuntament.jsx,src/components/profile/UniversalAjuntament.jsx,73,,sticky top-0 z-[var(--z-sticky;200)] w-full max-w-full overflow-hidden shadow-lg bg-[#4F46E5] text-white transition-all shrink-0,1,
UniversalAjuntament.jsx,src/components/profile/UniversalAjuntament.jsx,74,,flex items-center justify-between min-h-[56px] px-2 sm:px-4 w-full max-w-7xl mx-auto overflow-hidden,4,
UniversalAjuntament.jsx,src/components/profile/UniversalAjuntament.jsx,77,,flex items-center justify-start gap-1 shrink-0,1,
UniversalAjuntament.jsx,src/components/profile/UniversalAjuntament.jsx,88,,flex items-center justify-end gap-1 sm:gap-2 flex-1 min-w-0 overflow-x-auto no-scrollbar scroll-smooth,4,
UniversalAjuntament.jsx,src/components/profile/UniversalAjuntament.jsx,131,,relative w-full h-48 sm:h-64 md:h-80 bg-black/10 dark:bg-white/5,2,
UniversalAjuntament.jsx,src/components/profile/UniversalAjuntament.jsx,141,,absolute -bottom-4 right-6 flex justify-end items-end z-[201],1,
UniversalAjuntament.jsx,src/components/profile/UniversalAjuntament.jsx,155,,mt-6 px-4 sm:px-6 max-w-4xl mx-auto,8,
UniversalAjuntament.jsx,src/components/profile/UniversalAjuntament.jsx,156,,flex flex-col sm:flex-row sm:items-center justify-between gap-4 mb-2,2,
UniversalAjuntament.jsx,src/components/profile/UniversalAjuntament.jsx,157,,flex flex-row items-center gap-4,2,
UniversalAjuntament.jsx,src/components/profile/UniversalAjuntament.jsx,158,,w-24 h-24 sm:w-28 sm:h-28 rounded-full border-4 border-theme-panel bg-theme-panel overflow-hidden shadow-sm glass-rural shrink-0,1,
UniversalAjuntament.jsx,src/components/profile/UniversalAjuntament.jsx,160,,[Expressió Dinàmica],1,
UniversalAjuntament.jsx,src/components/profile/UniversalAjuntament.jsx,164,,w-full h-full flex items-center justify-center bg-black/10 dark:bg-white/10 text-3xl font-black text-theme-text opacity-50,1,
UniversalAjuntament.jsx,src/components/profile/UniversalAjuntament.jsx,170,,flex flex-col justify-center,2,
UniversalAjuntament.jsx,src/components/profile/UniversalAjuntament.jsx,191,,my-7 bg-[#FF6D23]/10 dark:bg-[#FF6D23]/15 border border-[#FF6D23]/40 dark:border-[#FF6D23]/60 rounded-xl px-4 py-3 sm:px-5 sm:py-3.5 flex flex-col sm:flex-row items-center sm:items-start gap-3 shadow-sm relative overflow-hidden max-w-4xl,3,
UniversalAjuntament.jsx,src/components/profile/UniversalAjuntament.jsx,192,,absolute top-0 right-0 w-32 h-32 bg-[#FF6D23] opacity-5 rounded-full blur-2xl transform translate-x-10 -translate-y-10 pointer-events-none,0,DIV Buit (Sense contingut)
UniversalAjuntament.jsx,src/components/profile/UniversalAjuntament.jsx,193,,shrink-0 bg-[#FF6D23] text-white p-2 rounded-lg shadow-sm z-10 animate-pulse-slow mt-1 sm:mt-0,1,
UniversalAjuntament.jsx,src/components/profile/UniversalAjuntament.jsx,196,,flex-1 z-10,2,
UniversalAjuntament.jsx,src/components/profile/UniversalAjuntament.jsx,204,,text-base leading-relaxed text-theme-text max-w-2xl mb-6 mt-4 app-cms-content prose prose-lg dark:prose-invert,1,
UniversalAjuntament.jsx,src/components/profile/UniversalAjuntament.jsx,220,,flex items-center justify-between border-b border-black/10 dark:border-white/10 mb-6 overflow-x-auto no-scrollbar scroll-smooth w-full mt-4,3,
UniversalAjuntament.jsx,src/components/profile/UniversalAjuntament.jsx,221,,flex gap-1 sm:gap-2,4,
UniversalAjuntament.jsx,src/components/profile/UniversalAjuntament.jsx,231,,flex gap-1 pr-2 pb-2 shrink-0,3,
UniversalAjuntament.jsx,src/components/profile/UniversalAjuntament.jsx,257,,stable-scroll min-h-[40vh] pb-10,4,
UniversalAjuntament.jsx,src/components/profile/UniversalAjuntament.jsx,259,,w-full,1,
UniversalAjuntament.jsx,src/components/profile/UniversalAjuntament.jsx,261,,min-h-[500px],1,
UniversalAjuntament.jsx,src/components/profile/UniversalAjuntament.jsx,265,,text-[var(--text-muted)] text-sm text-center py-10 glass-rural rounded-2xl mx-2 mt-4,1,
UniversalAjuntament.jsx,src/components/profile/UniversalAjuntament.jsx,272,,animate-in fade-in slide-in-from-bottom-2 duration-300,1,
UniversalAjuntament.jsx,src/components/profile/UniversalAjuntament.jsx,277,,animate-in fade-in slide-in-from-bottom-2 duration-300,2,
UniversalAjuntament.jsx,src/components/profile/UniversalAjuntament.jsx,340,,glass-rural p-6 rounded-3xl mx-2 animate-in fade-in slide-in-from-bottom-2 duration-300,3,
UniversalAjuntament.jsx,src/components/profile/UniversalAjuntament.jsx,346,,space-y-6,5,
UniversalAjuntament.jsx,src/components/profile/UniversalAjuntament.jsx,347,,flex flex-col gap-1,2,
UniversalAjuntament.jsx,src/components/profile/UniversalAjuntament.jsx,353,,flex flex-col gap-1,2,
UniversalAjuntament.jsx,src/components/profile/UniversalAjuntament.jsx,360,,flex flex-col gap-1,2,
UniversalAjuntament.jsx,src/components/profile/UniversalAjuntament.jsx,367,,flex flex-col gap-1,2,
UniversalAjuntament.jsx,src/components/profile/UniversalAjuntament.jsx,374,,flex flex-col gap-1,2,
UniversalAjuntament.jsx,src/components/profile/UniversalAjuntament.jsx,381,,mt-10 pt-6 border-t border-border-master flex justify-end,1,
UniversalAjuntament.jsx,src/components/profile/UniversalAjuntament.jsx,397,,glass-rural p-6 rounded-3xl mx-2 shadow-sm border border-black/5 dark:border-white/5 mb-6,2,
UniversalAjuntament.jsx,src/components/profile/UniversalAjuntament.jsx,398,,flex items-center gap-3 mb-6 border-b border-border-master pb-4,1,
UniversalAjuntament.jsx,src/components/profile/UniversalAjuntament.jsx,405,,bg-[#FF6D23]/10 border border-[#FF6D23]/20 dark:border-[#FF6D23]/30 rounded-2xl p-4 flex flex-col sm:flex-row items-center gap-4 relative overflow-hidden,4,
UniversalAjuntament.jsx,src/components/profile/UniversalAjuntament.jsx,406,,absolute right-0 top-0 w-32 h-32 bg-[#FF6D23] opacity-5 rounded-full blur-2xl transform translate-x-10 -translate-y-10 pointer-events-none,0,DIV Buit (Sense contingut)
UniversalAjuntament.jsx,src/components/profile/UniversalAjuntament.jsx,407,,w-14 h-14 rounded-full overflow-hidden border-2 border-[#FF6D23] shrink-0 shadow-sm relative z-10,1,
UniversalAjuntament.jsx,src/components/profile/UniversalAjuntament.jsx,410,,text-center sm:text-left flex-1 relative z-10,2,
UniversalAjuntament.jsx,src/components/profile/UniversalAjuntament.jsx,414,,shrink-0 mt-2 sm:mt-0 relative z-10,1,
UniversalAjuntament.jsx,src/components/profile/UniversalAjuntament.jsx,428,,glass-rural p-6 rounded-3xl mx-2 text-center text-sm font-bold text-[var(--text-muted)],1,
UniversalAjuntament.jsx,src/components/profile/UniversalAjuntament.jsx,444,,glass-rural p-6 rounded-3xl mx-2 shadow-sm border border-black/5 dark:border-white/5,2,
UniversalAjuntament.jsx,src/components/profile/UniversalAjuntament.jsx,445,,flex items-center gap-3 mb-6 border-b border-border-master pb-4,2,
UniversalAjuntament.jsx,src/components/profile/UniversalAjuntament.jsx,452,,grid grid-cols-1 sm:grid-cols-2 gap-6,1,
UniversalAjuntament.jsx,src/components/profile/UniversalAjuntament.jsx,454,,bg-black/5 dark:bg-white/5 p-4 rounded-2xl border border-black/5 dark:border-white/5 overflow-hidden,2,
UniversalAjuntament.jsx,src/components/profile/UniversalAjuntament.jsx,460,,flex flex-wrap gap-2 mt-2,1,
UniversalGentDePoble.jsx,src/components/profile/UniversalGentDePoble.jsx,92,,atom-root bg-theme-base min-h-screen pb-20,6,
UniversalGentDePoble.jsx,src/components/profile/UniversalGentDePoble.jsx,95,,sticky top-0 z-[var(--z-sticky;200)] w-full max-w-full overflow-hidden shadow-lg bg-[#4F46E5] text-white transition-all shrink-0,1,
UniversalGentDePoble.jsx,src/components/profile/UniversalGentDePoble.jsx,96,,flex items-center justify-between min-h-[56px] px-2 sm:px-4 w-full max-w-7xl mx-auto overflow-hidden,4,
UniversalGentDePoble.jsx,src/components/profile/UniversalGentDePoble.jsx,99,,flex items-center justify-start gap-1 shrink-0,1,
UniversalGentDePoble.jsx,src/components/profile/UniversalGentDePoble.jsx,110,,flex items-center justify-end gap-1 sm:gap-2 flex-1 min-w-0 overflow-x-auto no-scrollbar scroll-smooth,4,
UniversalGentDePoble.jsx,src/components/profile/UniversalGentDePoble.jsx,153,,relative w-full h-48 sm:h-64 md:h-80 bg-black/10 dark:bg-white/5,4,
UniversalGentDePoble.jsx,src/components/profile/UniversalGentDePoble.jsx,155,,absolute top-4 right-4 z-[201],1,
UniversalGentDePoble.jsx,src/components/profile/UniversalGentDePoble.jsx,174,,w-full h-full bg-gradient-to-r from-theme-panel to-theme-base opacity-50,0,DIV Buit (Sense contingut)
UniversalGentDePoble.jsx,src/components/profile/UniversalGentDePoble.jsx,176,,absolute inset-0 bg-gradient-to-b from-transparent via-transparent to-theme-base opacity-90,0,DIV Buit (Sense contingut)
UniversalGentDePoble.jsx,src/components/profile/UniversalGentDePoble.jsx,177,,absolute bottom-2 right-2 bg-black/40 backdrop-blur-md px-2 py-1 rounded text-[10px] text-white/80 font-medium z-10,1,
UniversalGentDePoble.jsx,src/components/profile/UniversalGentDePoble.jsx,183,,mt-6 px-4 sm:px-6 max-w-4xl mx-auto,8,
UniversalGentDePoble.jsx,src/components/profile/UniversalGentDePoble.jsx,184,,flex flex-col sm:flex-row sm:items-center justify-between gap-4 mb-2,2,
UniversalGentDePoble.jsx,src/components/profile/UniversalGentDePoble.jsx,185,,flex flex-row items-center gap-4,2,
UniversalGentDePoble.jsx,src/components/profile/UniversalGentDePoble.jsx,186,,relative w-24 h-24 sm:w-28 sm:h-28 rounded-full border-4 border-theme-panel bg-theme-panel shadow-sm glass-rural shrink-0 group,2,
UniversalGentDePoble.jsx,src/components/profile/UniversalGentDePoble.jsx,188,,[Expressió Dinàmica],1,
UniversalGentDePoble.jsx,src/components/profile/UniversalGentDePoble.jsx,192,,w-full h-full flex items-center justify-center bg-black/10 dark:bg-white/10 text-3xl font-black text-theme-text opacity-50 rounded-full,1,
UniversalGentDePoble.jsx,src/components/profile/UniversalGentDePoble.jsx,196,,absolute -bottom-2 -right-2 bg-theme-base shadow-sm border border-black/5 dark:border-white/5 rounded px-1.5 py-0.5 text-[8px] font-bold text-[var(--text-muted)] whitespace-nowrap opacity-0 group-hover:opacity-100 transition-opacity,1,
UniversalGentDePoble.jsx,src/components/profile/UniversalGentDePoble.jsx,201,,flex flex-col justify-center,2,
UniversalGentDePoble.jsx,src/components/profile/UniversalGentDePoble.jsx,206,,flex items-center gap-2,2,
UniversalGentDePoble.jsx,src/components/profile/UniversalGentDePoble.jsx,225,,my-7 bg-[#FF6D23]/10 dark:bg-[#FF6D23]/15 border border-[#FF6D23]/40 dark:border-[#FF6D23]/60 rounded-xl px-4 py-3 sm:px-5 sm:py-3.5 flex flex-col sm:flex-row items-center sm:items-start gap-3 shadow-sm relative overflow-hidden max-w-4xl,3,
UniversalGentDePoble.jsx,src/components/profile/UniversalGentDePoble.jsx,226,,absolute top-0 right-0 w-32 h-32 bg-[#FF6D23] opacity-5 rounded-full blur-2xl transform translate-x-10 -translate-y-10 pointer-events-none,0,DIV Buit (Sense contingut)
UniversalGentDePoble.jsx,src/components/profile/UniversalGentDePoble.jsx,227,,shrink-0 bg-[#FF6D23] text-white p-2 rounded-lg shadow-sm z-10 animate-pulse-slow mt-1 sm:mt-0,1,
UniversalGentDePoble.jsx,src/components/profile/UniversalGentDePoble.jsx,230,,flex-1 z-10,2,
UniversalGentDePoble.jsx,src/components/profile/UniversalGentDePoble.jsx,231,,flex items-center gap-2,2,
UniversalGentDePoble.jsx,src/components/profile/UniversalGentDePoble.jsx,241,,text-base leading-relaxed text-theme-text max-w-2xl mb-6 mt-4 app-cms-content prose prose-lg dark:prose-invert,1,
UniversalGentDePoble.jsx,src/components/profile/UniversalGentDePoble.jsx,257,,flex items-center justify-between border-b border-black/10 dark:border-white/10 mb-6 overflow-x-auto no-scrollbar scroll-smooth w-full mt-4,3,
UniversalGentDePoble.jsx,src/components/profile/UniversalGentDePoble.jsx,258,,flex gap-1 sm:gap-2,5,
UniversalGentDePoble.jsx,src/components/profile/UniversalGentDePoble.jsx,269,,flex gap-1 pr-2 pb-2 shrink-0,3,
UniversalGentDePoble.jsx,src/components/profile/UniversalGentDePoble.jsx,295,,stable-scroll min-h-[40vh] pb-10,5,
UniversalGentDePoble.jsx,src/components/profile/UniversalGentDePoble.jsx,297,,w-full,1,
UniversalGentDePoble.jsx,src/components/profile/UniversalGentDePoble.jsx,299,,min-h-[500px],1,
UniversalGentDePoble.jsx,src/components/profile/UniversalGentDePoble.jsx,303,,text-[var(--text-muted)] text-sm text-center py-10 glass-rural rounded-2xl mx-2 mt-4,1,
UniversalGentDePoble.jsx,src/components/profile/UniversalGentDePoble.jsx,310,,animate-in fade-in slide-in-from-bottom-2 duration-300,1,
UniversalGentDePoble.jsx,src/components/profile/UniversalGentDePoble.jsx,315,,animate-in fade-in slide-in-from-bottom-2 duration-300,2,
UniversalGentDePoble.jsx,src/components/profile/UniversalGentDePoble.jsx,321,,flex flex-col gap-2,2,
UniversalGentDePoble.jsx,src/components/profile/UniversalGentDePoble.jsx,323,,mx-4 mb-6 text-center text-xs text-[var(--text-muted)] italic,1,
UniversalGentDePoble.jsx,src/components/profile/UniversalGentDePoble.jsx,386,,glass-rural p-6 rounded-3xl mx-2 animate-in fade-in slide-in-from-bottom-2 duration-300,3,
UniversalGentDePoble.jsx,src/components/profile/UniversalGentDePoble.jsx,392,,space-y-6,5,
UniversalGentDePoble.jsx,src/components/profile/UniversalGentDePoble.jsx,393,,flex flex-col gap-1,2,
UniversalGentDePoble.jsx,src/components/profile/UniversalGentDePoble.jsx,399,,flex flex-col gap-1,2,
UniversalGentDePoble.jsx,src/components/profile/UniversalGentDePoble.jsx,406,,flex flex-col gap-1,2,
UniversalGentDePoble.jsx,src/components/profile/UniversalGentDePoble.jsx,413,,flex flex-col gap-1,2,
UniversalGentDePoble.jsx,src/components/profile/UniversalGentDePoble.jsx,420,,flex flex-col gap-1,2,
UniversalGentDePoble.jsx,src/components/profile/UniversalGentDePoble.jsx,427,,mt-10 pt-6 border-t border-border-master flex justify-end,1,
UniversalGentDePoble.jsx,src/components/profile/UniversalGentDePoble.jsx,443,,glass-rural p-6 rounded-3xl mx-2 shadow-sm border border-black/5 dark:border-white/5 mb-6,2,
UniversalGentDePoble.jsx,src/components/profile/UniversalGentDePoble.jsx,444,,flex items-center gap-3 mb-6 border-b border-border-master pb-4,1,
UniversalGentDePoble.jsx,src/components/profile/UniversalGentDePoble.jsx,451,,bg-[#FF6D23]/10 border border-[#FF6D23]/20 dark:border-[#FF6D23]/30 rounded-2xl p-4 flex flex-col sm:flex-row items-center gap-4 relative overflow-hidden,4,
UniversalGentDePoble.jsx,src/components/profile/UniversalGentDePoble.jsx,452,,absolute right-0 top-0 w-32 h-32 bg-[#FF6D23] opacity-5 rounded-full blur-2xl transform translate-x-10 -translate-y-10 pointer-events-none,0,DIV Buit (Sense contingut)
UniversalGentDePoble.jsx,src/components/profile/UniversalGentDePoble.jsx,453,,w-14 h-14 rounded-full overflow-hidden border-2 border-[#FF6D23] shrink-0 shadow-sm relative z-10,1,
UniversalGentDePoble.jsx,src/components/profile/UniversalGentDePoble.jsx,456,,text-center sm:text-left flex-1 relative z-10,2,
UniversalGentDePoble.jsx,src/components/profile/UniversalGentDePoble.jsx,460,,shrink-0 mt-2 sm:mt-0 relative z-10,1,
UniversalGentDePoble.jsx,src/components/profile/UniversalGentDePoble.jsx,474,,glass-rural p-6 rounded-3xl mx-2 text-center text-sm font-bold text-[var(--text-muted)],1,
UniversalGentDePoble.jsx,src/components/profile/UniversalGentDePoble.jsx,490,,glass-rural p-6 rounded-3xl mx-2 shadow-sm border border-black/5 dark:border-white/5,2,
UniversalGentDePoble.jsx,src/components/profile/UniversalGentDePoble.jsx,491,,flex items-center gap-3 mb-6 border-b border-border-master pb-4,2,
UniversalGentDePoble.jsx,src/components/profile/UniversalGentDePoble.jsx,498,,grid grid-cols-1 sm:grid-cols-2 gap-6,1,
UniversalGentDePoble.jsx,src/components/profile/UniversalGentDePoble.jsx,500,,bg-black/5 dark:bg-white/5 p-4 rounded-2xl border border-black/5 dark:border-white/5 overflow-hidden,2,
UniversalGentDePoble.jsx,src/components/profile/UniversalGentDePoble.jsx,506,,flex flex-wrap gap-2 mt-2,1,
PwaUpdater.jsx,src/components/pwa/PwaUpdater.jsx,89,,,3,Contenidor simple sense classes/id
PwaUpdater.jsx,src/components/pwa/PwaUpdater.jsx,101,,,3,Contenidor simple sense classes/id
ProgressiveHydrator.jsx,src/components/shell/ProgressiveHydrator.jsx,22,,,4,Contenidor simple sense classes/id
ProgressiveHydrator.jsx,src/components/shell/ProgressiveHydrator.jsx,63,,,1,Wrapper Innecessari (1 fill, sense classes)
AccessibilitatUniversal.jsx,src/components/ui/AccessibilitatUniversal.jsx,46,,accessibilitat-overlay fixed inset-0 bg-black/80 backdrop-blur-sm z-overlay,0,DIV Buit (Sense contingut)
AccessibilitatUniversal.jsx,src/components/ui/AccessibilitatUniversal.jsx,54,,accessibilitat-modal fixed right-0 top-0 h-full w-full max-w-md bg-theme-surface border-l border-theme-border z-modal shadow-2xl animate-in slide-in-from-right,6,
AccessibilitatUniversal.jsx,src/components/ui/AccessibilitatUniversal.jsx,63,,accessibilitat-header h-[56px] min-h-[56px] px-4 flex items-center justify-between border-b border-theme-border flex-shrink-0,3,
AccessibilitatUniversal.jsx,src/components/ui/AccessibilitatUniversal.jsx,83,accessibilitat-description,accessibilitat-content flex-1 overflow-y-auto pb-20 custom-scrollbar,4,
AccessibilitatUniversal.jsx,src/components/ui/AccessibilitatUniversal.jsx,135,,accessibilitat-panels p-4 space-y-4,3,
AccessibilitatUniversal.jsx,src/components/ui/AccessibilitatUniversal.jsx,144,,accessibilitat-card bg-theme-surface-elevated rounded-xl p-4 border border-theme-border,3,
AccessibilitatUniversal.jsx,src/components/ui/AccessibilitatUniversal.jsx,145,,flex items-center gap-3 mb-3,2,
AccessibilitatUniversal.jsx,src/components/ui/AccessibilitatUniversal.jsx,153,,flex gap-2,3,
AccessibilitatUniversal.jsx,src/components/ui/AccessibilitatUniversal.jsx,166,,accessibilitat-card bg-theme-surface-elevated rounded-xl p-4 border border-theme-border,3,
AccessibilitatUniversal.jsx,src/components/ui/AccessibilitatUniversal.jsx,167,,flex items-center gap-3 mb-3,2,
AccessibilitatUniversal.jsx,src/components/ui/AccessibilitatUniversal.jsx,193,,accessibilitat-card bg-theme-surface-elevated rounded-xl p-4 border border-theme-border,5,
AccessibilitatUniversal.jsx,src/components/ui/AccessibilitatUniversal.jsx,194,,flex items-center gap-3 mb-3,2,
AccessibilitatUniversal.jsx,src/components/ui/AccessibilitatUniversal.jsx,201,,flex-1,2,
AccessibilitatUniversal.jsx,src/components/ui/AccessibilitatUniversal.jsx,233,,flex-1,2,
AccessibilitatUniversal.jsx,src/components/ui/AccessibilitatUniversal.jsx,272,,accessibilitat-card bg-theme-surface-elevated rounded-xl p-4 border border-theme-border,3,
AccessibilitatUniversal.jsx,src/components/ui/AccessibilitatUniversal.jsx,273,,flex items-center gap-3 mb-3,2,
AccessibilitatUniversal.jsx,src/components/ui/AccessibilitatUniversal.jsx,281,,space-y-3,2,
AdvancedDataGrid.jsx,src/components/ui/AdvancedDataGrid.jsx,140,,flex items-center gap-2,1,
AdvancedDataGrid.jsx,src/components/ui/AdvancedDataGrid.jsx,157,,mt-2,1,
AdvancedDataGrid.jsx,src/components/ui/AdvancedDataGrid.jsx,189,,[Expressió Dinàmica],3,
AdvancedDataGrid.jsx,src/components/ui/AdvancedDataGrid.jsx,190,,p-4 border-b border-gray-100 flex items-center justify-between,2,
AdvancedDataGrid.jsx,src/components/ui/AdvancedDataGrid.jsx,191,,,2,Contenidor simple sense classes/id
AdvancedDataGrid.jsx,src/components/ui/AdvancedDataGrid.jsx,196,,flex items-center gap-2,2,
AdvancedDataGrid.jsx,src/components/ui/AdvancedDataGrid.jsx,209,,overflow-auto,1,
AdvancedDataGrid.jsx,src/components/ui/AdvancedDataGrid.jsx,240,,p-3 border-t border-gray-100 flex items-center justify-between,2,
AdvancedDataGrid.jsx,src/components/ui/AdvancedDataGrid.jsx,241,,text-sm text-gray-600,7,
AdvancedDataGrid.jsx,src/components/ui/AdvancedDataGrid.jsx,245,,flex items-center gap-2,5,
Avatar.jsx,src/components/ui/Avatar.jsx,105,,[Expressió Dinàmica],1,
Avatar.jsx,src/components/ui/Avatar.jsx,115,,[Expressió Dinàmica],1,
Avatar.jsx,src/components/ui/Avatar.jsx,123,,[Expressió Dinàmica],1,
Avatar.jsx,src/components/ui/Avatar.jsx,148,,[Expressió Dinàmica],1,
BlueprintOverlay.jsx,src/components/ui/BlueprintOverlay.jsx,25,,[Expressió Dinàmica],2,
BlueprintOverlay.jsx,src/components/ui/BlueprintOverlay.jsx,28,,[Expressió Dinàmica],1,
BlueprintOverlay.jsx,src/components/ui/BlueprintOverlay.jsx,32,,[Expressió Dinàmica],4,
ConnectButton.jsx,src/components/ui/ConnectButton.jsx,12,,[Expressió Dinàmica],1,
ConnectButton.jsx,src/components/ui/ConnectButton.jsx,17,,w-[36px] h-[36px] rounded-xl bg-[#1A1A1A] flex items-center justify-center text-xs font-black text-white overflow-hidden shadow-sm,2,
ContextualMenu.jsx,src/components/ui/ContextualMenu.jsx,75,,h-[48px] min-h-[48px] max-h-[48px] w-full bg-[#1a1a1a] shadow-[inset_0_4px_10px_rgba(0;0;0;0.6)] flex items-center sticky top-0 z-sticky select-none overflow-hidden shrink-0,5,
ContextualMenu.jsx,src/components/ui/ContextualMenu.jsx,77,,flex-1 h-full overflow-x-auto no-scrollbar pl-4 pr-4 lg:pl-6 lg:pr-6,1,
ContextualMenu.jsx,src/components/ui/ContextualMenu.jsx,78,,flex justify-center items-center gap-8 lg:gap-14 h-full min-w-max mx-auto,1,
ContextualMenu.jsx,src/components/ui/ContextualMenu.jsx,101,,flex items-center h-full px-4 bg-[#1a1a1a]/90 backdrop-blur-md border-l border-white/5 shadow-[-10px_0_15px_rgba(0;0;0;0.5)],1,
DegradedBanner.jsx,src/components/ui/DegradedBanner.jsx,33,,bg-black text-[#FF6D00] border-b-4 border-[#FF6D00] px-4 py-4 flex items-center justify-between shadow-2xl transition-all duration-300 z-50 relative rounded-none,2,
DegradedBanner.jsx,src/components/ui/DegradedBanner.jsx,36,,flex-1 text-center pr-4 font-black uppercase tracking-wider text-[16px] leading-tight,3,
FloatingIndex.jsx,src/components/ui/FloatingIndex.jsx,93,,absolute bottom-6 right-6 z-[60],1,
FloatingIndex.jsx,src/components/ui/FloatingIndex.jsx,115,floating-index-wrapper,[Expressió Dinàmica],3,
FloatingIndex.jsx,src/components/ui/FloatingIndex.jsx,117,,w-2 cursor-col-resize absolute right-[-4px] top-0 h-full z-50 hover:bg-[var(--theme-accent-primary)]/20 hidden lg:block,0,DIV Buit (Sense contingut)
FloatingIndex.jsx,src/components/ui/FloatingIndex.jsx,123,,flex items-center justify-between mb-6,2,
FloatingIndex.jsx,src/components/ui/FloatingIndex.jsx,128,,flex items-center gap-1,2,
UniversalHeader.jsx,src/components/ui/Header/UniversalHeader.jsx,30,,[Expressió Dinàmica],1,
UniversalHeader.jsx,src/components/ui/Header/UniversalHeader.jsx,40,,[Expressió Dinàmica],1,
ImageCarousel.jsx,src/components/ui/ImageCarousel.jsx,44,,[Expressió Dinàmica],2,
ImageCarousel.jsx,src/components/ui/ImageCarousel.jsx,50,,carousel-track,1,
ImageCarousel.jsx,src/components/ui/ImageCarousel.jsx,55,,carousel-slide,1,
ImageCarousel.jsx,src/components/ui/ImageCarousel.jsx,89,,carousel-dots,1,
ImageCarousel.jsx,src/components/ui/ImageCarousel.jsx,111,,[Expressió Dinàmica],0,DIV Buit (Sense contingut)
UniversalInput.jsx,src/components/ui/Input/UniversalInput.jsx,16,,[Expressió Dinàmica],3,
LanguageSelector.jsx,src/components/ui/LanguageSelector.jsx,31,,w-full bg-white/5 border border-white/10 rounded-2xl overflow-hidden mt-6 mb-2,2,
LanguageSelector.jsx,src/components/ui/LanguageSelector.jsx,32,,px-5 py-4 border-b border-white/10 flex items-center gap-3,2,
LanguageSelector.jsx,src/components/ui/LanguageSelector.jsx,33,,w-10 h-10 rounded-full bg-[var(--theme-accent-primary)]/20 flex items-center justify-center text-[var(--theme-accent-primary)],1,
LanguageSelector.jsx,src/components/ui/LanguageSelector.jsx,36,,,2,Contenidor simple sense classes/id
LanguageSelector.jsx,src/components/ui/LanguageSelector.jsx,41,,p-2 grid grid-cols-1 sm:grid-cols-2 gap-2,1,
LanguageSelector.jsx,src/components/ui/LanguageSelector.jsx,58,,relative,1,
LazyHtmlRenderer.jsx,src/components/ui/LazyHtmlRenderer.jsx,143,,[Expressió Dinàmica],2,
LazyHtmlRenderer.jsx,src/components/ui/LazyHtmlRenderer.jsx,150,,w-full flex items-center justify-center p-8 opacity-40 transition-opacity,1,
LazyHtmlRenderer.jsx,src/components/ui/LazyHtmlRenderer.jsx,155,,w-6 h-6 border-2 border-[var(--theme-accent-primary)] border-t-transparent rounded-full animate-spin,0,DIV Buit (Sense contingut)
NanoLoader.jsx,src/components/ui/NanoLoader.jsx,6,,fixed inset-0 z-[1000] flex items-center justify-center bg-[var(--bg-app)] text-[var(--text-main)] transition-opacity duration-300,1,
NanoLoader.jsx,src/components/ui/NanoLoader.jsx,7,,flex flex-col items-center space-y-4,2,
ProfilePowerMenu.jsx,src/components/ui/ProfilePowerMenu.jsx,55,,profile-power-menu-overlay,1,
ProfilePowerMenu.jsx,src/components/ui/ProfilePowerMenu.jsx,56,,power-menu-container animate-in fade-in zoom-in duration-300,4,
ProfilePowerMenu.jsx,src/components/ui/ProfilePowerMenu.jsx,58,,power-header,2,
ProfilePowerMenu.jsx,src/components/ui/ProfilePowerMenu.jsx,59,,user-info-large,2,
ProfilePowerMenu.jsx,src/components/ui/ProfilePowerMenu.jsx,60,,avatar-huge,1,
ProfilePowerMenu.jsx,src/components/ui/ProfilePowerMenu.jsx,67,,u-text,2,
ProfilePowerMenu.jsx,src/components/ui/ProfilePowerMenu.jsx,77,,power-grid,10,
ProfilePowerMenu.jsx,src/components/ui/ProfilePowerMenu.jsx,79,,power-section,2,
ProfilePowerMenu.jsx,src/components/ui/ProfilePowerMenu.jsx,81,,pg-items,1,
ProfilePowerMenu.jsx,src/components/ui/ProfilePowerMenu.jsx,89,,pg-icon,1,
ProfilePowerMenu.jsx,src/components/ui/ProfilePowerMenu.jsx,99,,power-section,2,
ProfilePowerMenu.jsx,src/components/ui/ProfilePowerMenu.jsx,101,,pg-items,1,
ProfilePowerMenu.jsx,src/components/ui/ProfilePowerMenu.jsx,109,,pg-icon,1,
ProfilePowerMenu.jsx,src/components/ui/ProfilePowerMenu.jsx,118,,power-section,2,
ProfilePowerMenu.jsx,src/components/ui/ProfilePowerMenu.jsx,120,,pg-items,1,
ProfilePowerMenu.jsx,src/components/ui/ProfilePowerMenu.jsx,128,,pg-icon,1,
ProfilePowerMenu.jsx,src/components/ui/ProfilePowerMenu.jsx,137,,power-section,2,
ProfilePowerMenu.jsx,src/components/ui/ProfilePowerMenu.jsx,139,,pg-items,3,
ProfilePowerMenu.jsx,src/components/ui/ProfilePowerMenu.jsx,147,,pg-icon,1,
ProfilePowerMenu.jsx,src/components/ui/ProfilePowerMenu.jsx,160,,pg-icon text-orange-500,1,
ProfilePowerMenu.jsx,src/components/ui/ProfilePowerMenu.jsx,169,,power-section,2,
ProfilePowerMenu.jsx,src/components/ui/ProfilePowerMenu.jsx,171,,pg-items,2,
ProfilePowerMenu.jsx,src/components/ui/ProfilePowerMenu.jsx,172,,pg-item disabled opacity-50,2,
ProfilePowerMenu.jsx,src/components/ui/ProfilePowerMenu.jsx,173,,pg-icon,1,
ProfilePowerMenu.jsx,src/components/ui/ProfilePowerMenu.jsx,176,,pg-item,2,
ProfilePowerMenu.jsx,src/components/ui/ProfilePowerMenu.jsx,177,,pg-icon text-red-500,1,
ProfilePowerMenu.jsx,src/components/ui/ProfilePowerMenu.jsx,185,,footer-v,1,
ProfilePowerMenu.jsx,src/components/ui/ProfilePowerMenu.jsx,186,,archon-status flex items-center gap-2,2,
RichTextEditor.jsx,src/components/ui/RichTextEditor.jsx,115,,[Expressió Dinàmica],17,
RichTextEditor.jsx,src/components/ui/RichTextEditor.jsx,131,,[Expressió Dinàmica],0,DIV Buit (Sense contingut)
RichTextEditor.jsx,src/components/ui/RichTextEditor.jsx,195,,[Expressió Dinàmica],0,DIV Buit (Sense contingut)
RichTextEditor.jsx,src/components/ui/RichTextEditor.jsx,234,,[Expressió Dinàmica],0,DIV Buit (Sense contingut)
RichTextEditor.jsx,src/components/ui/RichTextEditor.jsx,285,,[Expressió Dinàmica],0,DIV Buit (Sense contingut)
RichTextEditor.jsx,src/components/ui/RichTextEditor.jsx,288,,hidden sm:flex items-center gap-1,2,
RichTextEditor.jsx,src/components/ui/RichTextEditor.jsx,306,,ml-auto flex items-center gap-1,1,
RichTextEditor.jsx,src/components/ui/RichTextEditor.jsx,369,,[Expressió Dinàmica],3,
RichTextEditor.jsx,src/components/ui/RichTextEditor.jsx,373,,[Expressió Dinàmica],1,
RichTextEditor.jsx,src/components/ui/RichTextEditor.jsx,374,,[Expressió Dinàmica],1,
RichTextEditor.jsx,src/components/ui/RichTextEditor.jsx,380,,fixed inset-0 z-[100] flex items-center justify-center bg-black/50 backdrop-blur-sm p-4 animate-in,1,
RichTextEditor.jsx,src/components/ui/RichTextEditor.jsx,381,,bg-[var(--bg-app)] rounded-2xl w-full max-w-2xl shadow-2xl border border-[var(--border-master)] overflow-hidden flex flex-col scale-100 animate-up,3,
RichTextEditor.jsx,src/components/ui/RichTextEditor.jsx,382,,flex items-center justify-between p-4 border-b border-[var(--border-master)] bg-[var(--bg-panel)],2,
RichTextEditor.jsx,src/components/ui/RichTextEditor.jsx,391,,p-4 flex-1,2,
RichTextEditor.jsx,src/components/ui/RichTextEditor.jsx,402,,p-4 border-t border-[var(--border-master)] bg-[var(--bg-panel)] flex justify-end gap-2,2,
StatusLoader.jsx,src/components/ui/StatusLoader.jsx,12,,,3,Contenidor simple sense classes/id
StatusLoader.jsx,src/components/ui/StatusLoader.jsx,13,,,0,DIV Buit (Sense contingut)
StatusLoader.jsx,src/components/ui/StatusLoader.jsx,30,,,2,Contenidor simple sense classes/id
StatusLoader.jsx,src/components/ui/StatusLoader.jsx,31,,,1,Wrapper Innecessari (1 fill, sense classes)
StatusLoader.jsx,src/components/ui/StatusLoader.jsx,38,,,1,Wrapper Innecessari (1 fill, sense classes)
SyncIndicator.jsx,src/components/ui/SyncIndicator.jsx,20,,fixed bottom-[85px] right-4 flex items-center gap-2 bg-gray-900 border border-gray-700/50 text-white px-3 py-2 rounded-full shadow-[0_8px_30px_rgb(0;0;0;0.4)] text-[12px] font-bold z-[100] transition-all duration-300 pointer-events-none,2,
SyncIndicator.jsx,src/components/ui/SyncIndicator.jsx,21,,relative flex h-2.5 w-2.5,2,
ToastProvider.jsx,src/components/ui/ToastProvider.jsx,24,,sw-update-toast,2,
ToastProvider.jsx,src/components/ui/ToastProvider.jsx,25,,sw-update-content,2,
ToastProvider.jsx,src/components/ui/ToastProvider.jsx,29,,sw-update-actions,2,
UmamiDashboard.jsx,src/components/ui/UmamiDashboard.jsx,52,,w-full mt-12 bg-white dark:bg-[#1a1a1a] rounded-3xl border border-black/10 dark:border-white/10 shadow-lg overflow-hidden notranslate flex flex-col,5,
UmamiDashboard.jsx,src/components/ui/UmamiDashboard.jsx,54,,p-6 sm:p-10 border-b border-black/10 dark:border-white/10 flex flex-col sm:flex-row items-start sm:items-center justify-between gap-6 bg-stone-50 dark:bg-stone-900/50,2,
UmamiDashboard.jsx,src/components/ui/UmamiDashboard.jsx,55,,flex items-center gap-4,2,
UmamiDashboard.jsx,src/components/ui/UmamiDashboard.jsx,56,,w-12 h-12 rounded-xl bg-[var(--theme-accent-secondary)] flex items-center justify-center text-white shrink-0 shadow-sm,1,
UmamiDashboard.jsx,src/components/ui/UmamiDashboard.jsx,59,,,2,Contenidor simple sense classes/id
UmamiDashboard.jsx,src/components/ui/UmamiDashboard.jsx,76,,p-6 sm:p-10,1,
UmamiDashboard.jsx,src/components/ui/UmamiDashboard.jsx,78,,w-full h-[200px] flex items-center justify-center bg-black/5 dark:bg-white/5 rounded-2xl animate-pulse,1,
UmamiDashboard.jsx,src/components/ui/UmamiDashboard.jsx,79,,flex flex-col items-center opacity-50,2,
UmamiDashboard.jsx,src/components/ui/UmamiDashboard.jsx,85,,w-full p-8 bg-red-500/10 border border-red-500/20 rounded-2xl text-red-500 flex flex-col items-center justify-center,2,
UmamiDashboard.jsx,src/components/ui/UmamiDashboard.jsx,90,,grid grid-cols-2 md:grid-cols-4 gap-4 sm:gap-6,4,
UmamiDashboard.jsx,src/components/ui/UmamiDashboard.jsx,91,,bg-black/5 dark:bg-white/5 rounded-2xl p-6 flex flex-col items-center justify-center text-center shadow-inner relative overflow-hidden group hover:bg-[var(--theme-accent-secondary)] transition-colors duration-300,4,
UmamiDashboard.jsx,src/components/ui/UmamiDashboard.jsx,92,,absolute inset-0 opacity-0 group-hover:opacity-10 transition-opacity flex items-center justify-center,1,
UmamiDashboard.jsx,src/components/ui/UmamiDashboard.jsx,97,,bg-black/5 dark:bg-white/5 rounded-2xl p-6 flex flex-col items-center justify-center text-center shadow-inner relative overflow-hidden group hover:bg-[var(--theme-accent-primary)] transition-colors duration-300,4,
UmamiDashboard.jsx,src/components/ui/UmamiDashboard.jsx,98,,absolute inset-0 opacity-0 group-hover:opacity-10 transition-opacity flex items-center justify-center,1,
UmamiDashboard.jsx,src/components/ui/UmamiDashboard.jsx,103,,bg-black/5 dark:bg-white/5 rounded-2xl p-6 flex flex-col items-center justify-center text-center shadow-inner relative overflow-hidden group hover:bg-black dark:hover:bg-white transition-colors duration-300,4,
UmamiDashboard.jsx,src/components/ui/UmamiDashboard.jsx,104,,absolute inset-0 opacity-0 group-hover:opacity-10 dark:group-hover:opacity-10 transition-opacity flex items-center justify-center,1,
UmamiDashboard.jsx,src/components/ui/UmamiDashboard.jsx,109,,bg-black/5 dark:bg-white/5 rounded-2xl p-6 flex flex-col items-center justify-center text-center shadow-inner relative overflow-hidden group hover:bg-red-500 transition-colors duration-300,4,
UmamiDashboard.jsx,src/components/ui/UmamiDashboard.jsx,110,,absolute inset-0 opacity-0 group-hover:opacity-10 transition-opacity flex items-center justify-center,1,
UmamiDashboard.jsx,src/components/ui/UmamiDashboard.jsx,119,,bg-amber-100 dark:bg-amber-900/30 p-4 border-t border-amber-200 dark:border-amber-800 text-amber-900 dark:text-amber-200 text-sm flex items-start gap-3,2,
UniversalGrid.jsx,src/components/ui/UniversalGrid.jsx,16,,[Expressió Dinàmica],1,
UniversalGrid.jsx,src/components/ui/UniversalGrid.jsx,70,,[Expressió Dinàmica],1,
VoiceRecorder.jsx,src/components/ui/VoiceRecorder.jsx,218,,flex items-center gap-2 w-full py-1,3,
VoiceRecorder.jsx,src/components/ui/VoiceRecorder.jsx,223,,flex-1 flex items-center justify-center bg-red-50 dark:bg-red-900/20 rounded-[28px] h-[52px] px-4 animate-pulse relative overflow-hidden border border-red-200 dark:border-red-900/50,1,
VoiceRecorder.jsx,src/components/ui/VoiceRecorder.jsx,224,,flex items-center gap-3 z-10,2,
VoiceRecorder.jsx,src/components/ui/VoiceRecorder.jsx,225,,w-3 h-3 rounded-full bg-red-500 animate-ping,0,DIV Buit (Sense contingut)
Watermark.jsx,src/components/ui/Watermark.jsx,9,,watermark-container,2,
Watermark.jsx,src/components/ui/Watermark.jsx,12,,[Expressió Dinàmica],1,
MarketSkeleton.jsx,src/components/ui/skeletons/MarketSkeleton.jsx,5,,universal-card skeleton-card market-item,4,
MarketSkeleton.jsx,src/components/ui/skeletons/MarketSkeleton.jsx,6,,card-header skeleton-header-wrapper,2,
MarketSkeleton.jsx,src/components/ui/skeletons/MarketSkeleton.jsx,7,,skeleton-avatar,0,DIV Buit (Sense contingut)
MarketSkeleton.jsx,src/components/ui/skeletons/MarketSkeleton.jsx,8,,skeleton-meta,2,
MarketSkeleton.jsx,src/components/ui/skeletons/MarketSkeleton.jsx,9,,skeleton-line short,0,DIV Buit (Sense contingut)
MarketSkeleton.jsx,src/components/ui/skeletons/MarketSkeleton.jsx,10,,skeleton-line extra-short,0,DIV Buit (Sense contingut)
MarketSkeleton.jsx,src/components/ui/skeletons/MarketSkeleton.jsx,13,,skeleton-image-square,0,DIV Buit (Sense contingut)
MarketSkeleton.jsx,src/components/ui/skeletons/MarketSkeleton.jsx,14,,card-body,2,
MarketSkeleton.jsx,src/components/ui/skeletons/MarketSkeleton.jsx,15,,skeleton-line medium,0,DIV Buit (Sense contingut)
MarketSkeleton.jsx,src/components/ui/skeletons/MarketSkeleton.jsx,16,,skeleton-line full,0,DIV Buit (Sense contingut)
MarketSkeleton.jsx,src/components/ui/skeletons/MarketSkeleton.jsx,18,,card-footer skeleton-footer-wrapper,1,
MarketSkeleton.jsx,src/components/ui/skeletons/MarketSkeleton.jsx,19,,skeleton-button-full,0,DIV Buit (Sense contingut)
PedraMissatge.jsx,src/components/ui/trellat/PedraMissatge.jsx,38,,pedra-missatge__cos,2,
VirtualizedContainer.jsx,src/components/ui/trellat/VirtualizedContainer.jsx,52,,[Expressió Dinàmica],1,
VirtualizedContainer.jsx,src/components/ui/trellat/VirtualizedContainer.jsx,64,,[Expressió Dinàmica],1,
VirtualizedContainer.jsx,src/components/ui/trellat/VirtualizedContainer.jsx,87,,,2,Contenidor simple sense classes/id
VirtualizedContainer.jsx,src/components/ui/trellat/VirtualizedContainer.jsx,100,,,1,Wrapper Innecessari (1 fill, sense classes)
VirtualizedContainer.jsx,src/components/ui/trellat/VirtualizedContainer.jsx,114,,,1,Wrapper Innecessari (1 fill, sense classes)
UniversalCard.Body.jsx,src/components/ui/universal-card/UniversalCard.Body.jsx,128,,[Expressió Dinàmica],2,
UniversalCard.Body.jsx,src/components/ui/universal-card/UniversalCard.Body.jsx,134,,flex flex-col items-start pb-1 px-4 pt-4 shrink-0 group-hover:opacity-80 transition-opacity duration-300,3,
UniversalCard.Body.jsx,src/components/ui/universal-card/UniversalCard.Body.jsx,135,,flex justify-between items-start gap-4 w-full,2,
UniversalCard.Body.jsx,src/components/ui/universal-card/UniversalCard.Body.jsx,136,,flex-1 min-w-0,1,
UniversalCard.Body.jsx,src/components/ui/universal-card/UniversalCard.Body.jsx,143,,flex flex-col items-end shrink-0 gap-1 mt-1 z-10 relative,2,
UniversalCard.Body.jsx,src/components/ui/universal-card/UniversalCard.Body.jsx,150,,[Expressió Dinàmica],1,
UniversalCard.Body.jsx,src/components/ui/universal-card/UniversalCard.Body.jsx,162,,flex flex-col w-full mt-1.5,1,
UniversalCard.Body.jsx,src/components/ui/universal-card/UniversalCard.Body.jsx,170,,flex-shrink-0 relative overflow-hidden group-hover:opacity-80 transition-opacity duration-300 mt-2.5,1,
UniversalCard.Body.jsx,src/components/ui/universal-card/UniversalCard.Body.jsx,172,,[Expressió Dinàmica],0,DIV Buit (Sense contingut)
UniversalCard.Body.jsx,src/components/ui/universal-card/UniversalCard.Body.jsx,182,,w-full flex flex-col shrink-0 z-20 mt-auto,3,
UniversalCard.Body.jsx,src/components/ui/universal-card/UniversalCard.Body.jsx,184,,z-20 relative px-4 mt-2 mb-2 w-full flex justify-center,1,
UniversalCard.Body.jsx,src/components/ui/universal-card/UniversalCard.Body.jsx,194,,w-full flex items-center justify-between gap-2 px-4 pb-1 pt-1 flex-wrap,2,
UniversalCard.Body.jsx,src/components/ui/universal-card/UniversalCard.Body.jsx,196,,flex items-center gap-1.5 flex-wrap flex-1,2,
UniversalCard.Body.jsx,src/components/ui/universal-card/UniversalCard.Body.jsx,216,,text-xs font-bold tracking-wide bg-theme-panel text-theme-muted px-3 py-1 rounded-full border border-border-master cursor-default shadow-sm,1,
UniversalCard.Body.jsx,src/components/ui/universal-card/UniversalCard.Body.jsx,238,,w-full flex justify-center py-1 mb-0,1,
UniversalCard.Body.jsx,src/components/ui/universal-card/UniversalCard.Body.jsx,250,,w-full flex justify-center items-center gap-2.5 px-4 pb-4 flex-wrap,2,
UniversalCard.Body.jsx,src/components/ui/universal-card/UniversalCard.Body.jsx,270,,text-sm font-bold tracking-wide bg-theme-panel text-theme-muted px-3 py-1.5 rounded-full border border-border-master cursor-default shadow-sm,1,
UniversalCard.Body.jsx,src/components/ui/universal-card/UniversalCard.Body.jsx,282,,w-full px-4 pt-1 pb-1.5 flex justify-center mt-auto,1,
UniversalCard.Footer.jsx,src/components/ui/universal-card/UniversalCard.Footer.jsx,101,,ucard-footer-bar,2,
UniversalCard.Footer.jsx,src/components/ui/universal-card/UniversalCard.Footer.jsx,102,,ucard-footer-icons,3,
UniversalCard.Footer.jsx,src/components/ui/universal-card/UniversalCard.Footer.jsx,126,,fixed inset-0 z-[9999] bg-black/60 backdrop-blur-md flex items-center justify-center p-4 animate-in fade-in,1,
UniversalCard.Footer.jsx,src/components/ui/universal-card/UniversalCard.Footer.jsx,131,,bg-theme-base border border-theme-border p-6 rounded-3xl w-full max-w-sm shadow-2xl flex flex-col gap-4,4,
UniversalCard.Footer.jsx,src/components/ui/universal-card/UniversalCard.Footer.jsx,156,,w-11 h-11 rounded-full bg-white/10 flex items-center justify-center shrink-0 border border-white/20,1,
UniversalCard.Footer.jsx,src/components/ui/universal-card/UniversalCard.Footer.jsx,161,,flex flex-col text-left,2,
UniversalCard.Footer.jsx,src/components/ui/universal-card/UniversalCard.Footer.jsx,196,,w-11 h-11 rounded-full bg-white/10 flex items-center justify-center shrink-0 border border-white/20,1,
UniversalCard.Footer.jsx,src/components/ui/universal-card/UniversalCard.Footer.jsx,201,,flex flex-col text-left,2,
UniversalCard.Header.jsx,src/components/ui/universal-card/UniversalCard.Header.jsx,79,,genesis-avatar flex items-center justify-center bg-black/5 dark:bg-white/5 group-active:scale-95 transition-all duration-300 ease-out w-10 h-10,1,
UniversalCard.Header.jsx,src/components/ui/universal-card/UniversalCard.Header.jsx,83,,header-text group-active:opacity-70 transition-opacity duration-200,2,
UniversalCard.Header.jsx,src/components/ui/universal-card/UniversalCard.Header.jsx,84,,master-author-name flex items-center gap-1.5 min-w-0,2,
UniversalCard.Header.jsx,src/components/ui/universal-card/UniversalCard.Header.jsx,97,,flex items-center gap-1 min-w-0 text-sm transition-colors duration-200 group-hover:text-brand-orange,2,
UniversalCard.Header.jsx,src/components/ui/universal-card/UniversalCard.Header.jsx,121,,flex items-center gap-2 shrink-0 pointer-events-auto ml-auto pl-1 py-1,2,
UniversalCard.Header.jsx,src/components/ui/universal-card/UniversalCard.Header.jsx,133,,flex items-center gap-1,2,
UniversalCard.Header.jsx,src/components/ui/universal-card/UniversalCard.Header.jsx,160,,text-sm leading-none mb-0.5,1,
UniversalCard.Header.jsx,src/components/ui/universal-card/UniversalCard.Header.jsx,161,,text-xs opacity-90 leading-none,1,
UniversalCard.Media.jsx,src/components/ui/universal-card/UniversalCard.Media.jsx,61,,[Expressió Dinàmica],1,
UniversalCard.Media.jsx,src/components/ui/universal-card/UniversalCard.Media.jsx,69,,[Expressió Dinàmica],3,
UniversalCard.Media.jsx,src/components/ui/universal-card/UniversalCard.Media.jsx,84,,[Expressió Dinàmica],1,
UniversalCard.Media.jsx,src/components/ui/universal-card/UniversalCard.Media.jsx,85,,absolute inset-0 bg-gradient-to-r from-transparent via-theme-muted/10 to-transparent skew-x-12,0,DIV Buit (Sense contingut)
UniversalCard.Media.jsx,src/components/ui/universal-card/UniversalCard.Media.jsx,89,,w-full h-full relative bg-black/5 dark:bg-white/5,1,
index.jsx,src/components/ui/universal-card/index.jsx,284,,ucard-layout-list w-full,3,
index.jsx,src/components/ui/universal-card/index.jsx,297,,ucard-list-content-row,2,
index.jsx,src/components/ui/universal-card/index.jsx,298,,ucard-list-media-col,1,
index.jsx,src/components/ui/universal-card/index.jsx,307,,w-[120px] h-[120px] md:w-[140px] md:h-[140px] flex items-center justify-center rounded-[length:var(--sp-radius-mestre;28px)] bg-white/5,1,
index.jsx,src/components/ui/universal-card/index.jsx,312,,ucard-list-body-col,1,
index.jsx,src/components/ui/universal-card/index.jsx,327,,ucard-footer-container,1,
index.jsx,src/components/ui/universal-card/index.jsx,365,,ucard-body-container,1,
index.jsx,src/components/ui/universal-card/index.jsx,379,,ucard-footer-container mt-auto,1,
UniversalHeader.Group.jsx,src/components/ui/universal-header/UniversalHeader.Group.jsx,15,,[Expressió Dinàmica],1,
UniversalVideo.jsx,src/components/ui/universal-video/UniversalVideo.jsx,32,,[Expressió Dinàmica],1,
UniversalVideo.jsx,src/components/ui/universal-video/UniversalVideo.jsx,37,,absolute inset-0 flex items-center justify-center cursor-pointer overflow-hidden,4,
UniversalVideo.jsx,src/components/ui/universal-video/UniversalVideo.jsx,54,,absolute inset-0 bg-black/20 group-hover:bg-black/10 transition-colors duration-300,0,DIV Buit (Sense contingut)
UniversalVideo.jsx,src/components/ui/universal-video/UniversalVideo.jsx,56,,relative z-10 w-16 h-16 sm:w-20 sm:h-20 bg-brand-orange/90 rounded-full flex items-center justify-center shadow-lg transition-transform duration-300 group-hover:scale-110 group-active:scale-95,1,
UniversalHeader.jsx,src/components/universal/UniversalHeader.jsx,20,,flex items-center justify-between min-h-[50px] sm:min-h-[56px] px-2 sm:px-4 flex-wrap relative,4,
UniversalHeader.jsx,src/components/universal/UniversalHeader.jsx,22,,flex items-center gap-1 sm:gap-2 shrink-0,2,
UniversalHeader.jsx,src/components/universal/UniversalHeader.jsx,41,,flex items-center justify-end gap-1 sm:gap-2 flex-1 min-w-0,4,
UniversalHero.jsx,src/components/universal/UniversalHero.jsx,42,,w-full h-full relative,1,
UniversalShell.jsx,src/components/universal/UniversalShell.jsx,46,,flex flex-col h-full min-h-0,6,
UniversalShell.jsx,src/components/universal/UniversalShell.jsx,64,,flex-1 overflow-y-auto overflow-x-hidden custom-scrollbar,3,
UniversalShell.jsx,src/components/universal/UniversalShell.jsx,76,,sticky top-0 z-[190],1,
UniversalView.jsx,src/components/universal/UniversalView.jsx,78,,[Expressió Dinàmica],8,
UniversalView.jsx,src/components/universal/UniversalView.jsx,84,,fixed inset-0 bg-black/50 flex items-center justify-center z-[var(--z-modal;500)],1,
UniversalView.jsx,src/components/universal/UniversalView.jsx,84,,w-8 h-8 rounded-full border-4 border-white/20 border-[var(--theme-accent-primary)] animate-spin,0,DIV Buit (Sense contingut)
UniversalView.jsx,src/components/universal/UniversalView.jsx,131,,sticky top-0 z-[190] w-full shrink-0 shadow-sm,1,
UniversalView.jsx,src/components/universal/UniversalView.jsx,149,,app-cms-content bg-white dark:bg-[#1a1a1a] rounded-b-[28px] rounded-t-none shadow-sm px-6 py-6 pb-0 flex flex-col items-center justify-center text-center border-x border-b border-black/5 dark:border-white/5 border-t-0,3,
UniversalView.jsx,src/components/universal/UniversalView.jsx,151,,[Expressió Dinàmica],2,
UniversalView.jsx,src/components/universal/UniversalView.jsx,153,,flex -space-x-3 mb-6 opacity-90 transition-opacity hover:opacity-100 items-center justify-center,3,
UniversalView.jsx,src/components/universal/UniversalView.jsx,154,,w-10 h-10 rounded-full border-2 border-[var(--bg-panel)] shadow-md z-20 bg-black flex items-center justify-center overflow-hidden,1,
UniversalView.jsx,src/components/universal/UniversalView.jsx,158,,w-10 h-10 rounded-full border-2 border-[var(--theme-accent-primary)] shadow-md z-10 bg-black flex items-center justify-center overflow-hidden,1,
UniversalView.jsx,src/components/universal/UniversalView.jsx,170,,w-full max-w-4xl flex flex-col items-center gap-4,2,
UniversalView.jsx,src/components/universal/UniversalView.jsx,178,,w-full grid grid-cols-1 md:grid-cols-2 gap-4 mt-4 bg-black/5 dark:bg-white/5 p-4 rounded-xl border border-black/10 dark:border-white/10,5,
UniversalView.jsx,src/components/universal/UniversalView.jsx,179,,flex flex-col gap-1,2,
UniversalView.jsx,src/components/universal/UniversalView.jsx,183,,flex flex-col gap-1,2,
UniversalView.jsx,src/components/universal/UniversalView.jsx,190,,flex flex-col gap-1,2,
UniversalView.jsx,src/components/universal/UniversalView.jsx,198,,flex flex-col gap-1,2,
UniversalView.jsx,src/components/universal/UniversalView.jsx,202,,flex flex-col gap-1,2,
UniversalView.jsx,src/components/universal/UniversalView.jsx,209,,flex flex-col items-center w-full max-w-4xl,4,
UniversalView.jsx,src/components/universal/UniversalView.jsx,228,,app-cms-content w-full flex flex-col items-center justify-center,1,
UniversalView.jsx,src/components/universal/UniversalView.jsx,235,,w-full max-w-4xl flex flex-col items-center gap-4 mb-[25px],3,
UniversalView.jsx,src/components/universal/UniversalView.jsx,236,,w-full,1,
UniversalView.jsx,src/components/universal/UniversalView.jsx,237,,w-full,1,
UniversalView.jsx,src/components/universal/UniversalView.jsx,238,,w-full flex items-center justify-center gap-2 flex-wrap,1,
UniversalView.jsx,src/components/universal/UniversalView.jsx,245,,flex justify-center mt-6 w-full mb-[25px],1,
UniversalView.jsx,src/components/universal/UniversalView.jsx,246,,inline-flex items-center gap-2 bg-black/5 dark:bg-white/5 p-1.5 rounded-full shadow-inner border border-black/5 dark:border-white/5,3,
ChatShell.jsx,src/features/chat/ChatShell.jsx,13,,w-full h-full flex flex-col items-center justify-center p-4 acte-reflex,1,
ChatShell.jsx,src/features/chat/ChatShell.jsx,15,,text-center,2,
AdminPanel.jsx,src/pages/admin/AdminPanel.jsx,86,,admin-loading,2,
AdminPanel.jsx,src/pages/admin/AdminPanel.jsx,94,,admin-container,3,
AdminPanel.jsx,src/pages/admin/AdminPanel.jsx,96,,admin-header,2,
AdminPanel.jsx,src/pages/admin/AdminPanel.jsx,97,,title-area,2,
AdminPanel.jsx,src/pages/admin/AdminPanel.jsx,104,,flex gap-2,2,
AdminPanel.jsx,src/pages/admin/AdminPanel.jsx,118,,admin-content,2,
AdminPanel.jsx,src/pages/admin/AdminPanel.jsx,121,,dashboard-layout,4,
AdminPanel.jsx,src/pages/admin/AdminPanel.jsx,123,,left-col gap-6 flex flex-col,4,
AdminPanel.jsx,src/pages/admin/AdminPanel.jsx,128,,system-logs,2,
AdminPanel.jsx,src/pages/admin/AdminPanel.jsx,129,,flex justify-between items-center mb-2 border-b border-gray-800 pb-1,2,
AdminPanel.jsx,src/pages/admin/AdminPanel.jsx,134,,[Expressió Dinàmica],2,
AdminPanel.jsx,src/pages/admin/AdminPanel.jsx,143,,modules-grid,33,
AdminPanel.jsx,src/pages/admin/AdminPanel.jsx,147,,module-card red,2,
AdminPanel.jsx,src/pages/admin/AdminPanel.jsx,148,,module-icon-wrapper,1,
AdminPanel.jsx,src/pages/admin/AdminPanel.jsx,155,,module-card blue,2,
AdminPanel.jsx,src/pages/admin/AdminPanel.jsx,156,,module-icon-wrapper,1,
AdminPanel.jsx,src/pages/admin/AdminPanel.jsx,163,,module-card gold,2,
AdminPanel.jsx,src/pages/admin/AdminPanel.jsx,164,,module-icon-wrapper,1,
AdminPanel.jsx,src/pages/admin/AdminPanel.jsx,171,,module-card cyan,2,
AdminPanel.jsx,src/pages/admin/AdminPanel.jsx,185,,module-icon-wrapper,1,
AdminPanel.jsx,src/pages/admin/AdminPanel.jsx,192,,module-card red,2,
AdminPanel.jsx,src/pages/admin/AdminPanel.jsx,193,,module-icon-wrapper,1,
AdminPanel.jsx,src/pages/admin/AdminPanel.jsx,200,,module-card purple,2,
AdminPanel.jsx,src/pages/admin/AdminPanel.jsx,201,,module-icon-wrapper,1,
AdminPanel.jsx,src/pages/admin/AdminPanel.jsx,208,,module-card gold,2,
AdminPanel.jsx,src/pages/admin/AdminPanel.jsx,209,,module-icon-wrapper,1,
AdminPanel.jsx,src/pages/admin/AdminPanel.jsx,216,,module-card gold,2,
AdminPanel.jsx,src/pages/admin/AdminPanel.jsx,217,,module-icon-wrapper,1,
AdminPanel.jsx,src/pages/admin/AdminPanel.jsx,224,,module-card status-active,2,
AdminPanel.jsx,src/pages/admin/AdminPanel.jsx,225,,module-icon-wrapper,1,
AdminPanel.jsx,src/pages/admin/AdminPanel.jsx,233,,module-card cyan,2,
AdminPanel.jsx,src/pages/admin/AdminPanel.jsx,234,,module-icon-wrapper,1,
AdminPanel.jsx,src/pages/admin/AdminPanel.jsx,243,,module-card status-active,2,
AdminPanel.jsx,src/pages/admin/AdminPanel.jsx,244,,module-icon-wrapper,1,
AdminPanel.jsx,src/pages/admin/AdminPanel.jsx,253,,module-card status-active,2,
AdminPanel.jsx,src/pages/admin/AdminPanel.jsx,254,,module-icon-wrapper,1,
AdminPanel.jsx,src/pages/admin/AdminPanel.jsx,263,,module-card gold,2,
AdminPanel.jsx,src/pages/admin/AdminPanel.jsx,264,,module-icon-wrapper,1,
AdminPanel.jsx,src/pages/admin/AdminPanel.jsx,273,,module-card blue,2,
AdminPanel.jsx,src/pages/admin/AdminPanel.jsx,274,,module-icon-wrapper,1,
AdminPanel.jsx,src/pages/admin/AdminPanel.jsx,283,,module-card red,2,
AdminPanel.jsx,src/pages/admin/AdminPanel.jsx,284,,module-icon-wrapper,1,
AdminPanel.jsx,src/pages/admin/AdminPanel.jsx,293,,module-card blue,2,
AdminPanel.jsx,src/pages/admin/AdminPanel.jsx,294,,module-icon-wrapper,1,
AdminPanel.jsx,src/pages/admin/AdminPanel.jsx,305,,active-module-container,14,
AdminPanel.jsx,src/pages/admin/AdminPanel.jsx,384,,neural-core-panel,2,
AdminPanel.jsx,src/pages/admin/AdminPanel.jsx,388,,grid grid-cols-1 md:grid-cols-2 gap-6,2,
AdminPanel.jsx,src/pages/admin/AdminPanel.jsx,389,,p-6 border border-gray-700 rounded-[28px] bg-black/20,3,
AdminPanel.jsx,src/pages/admin/AdminPanel.jsx,392,,flex flex-col gap-2,3,
AdminPanel.jsx,src/pages/admin/AdminPanel.jsx,405,,p-6 border border-gray-700 rounded-[28px] bg-black/20,4,
AdminPanel.jsx,src/pages/admin/AdminPanel.jsx,440,,neural-core-panel,4,
AdminPanel.jsx,src/pages/admin/AdminPanel.jsx,444,,grid grid-cols-1 md:grid-cols-2 gap-6,2,
AdminPanel.jsx,src/pages/admin/AdminPanel.jsx,445,,p-6 border border-gray-700 rounded-[28px] bg-black/20,2,
AdminPanel.jsx,src/pages/admin/AdminPanel.jsx,447,,flex flex-col gap-4,2,
AdminPanel.jsx,src/pages/admin/AdminPanel.jsx,448,,vitality-meter-wrapper,2,
AdminPanel.jsx,src/pages/admin/AdminPanel.jsx,449,,flex justify-between text-xs mb-1,2,
AdminPanel.jsx,src/pages/admin/AdminPanel.jsx,453,,h-2 w-full bg-gray-800 rounded-[28px] overflow-hidden,1,
AdminPanel.jsx,src/pages/admin/AdminPanel.jsx,454,,h-full bg-green-500 shadow-[0_0_10px_#22c55e],0,DIV Buit (Sense contingut)
AdminPanel.jsx,src/pages/admin/AdminPanel.jsx,465,,p-6 border border-gray-700 rounded-[28px] bg-black/20,3,
AdminPanel.jsx,src/pages/admin/AdminPanel.jsx,468,,flex flex-col gap-2,2,
AdminPanel.jsx,src/pages/admin/AdminPanel.jsx,469,,p-2 bg-blue-900/20 border border-orange-500/30 rounded-[20px] text-xs,2,
AdminPanel.jsx,src/pages/admin/AdminPanel.jsx,480,,mt-6 p-4 bg-gray-900/50 rounded-[28px] border border-gray-800,2,
AdminPanel.jsx,src/pages/admin/AdminPanel.jsx,482,,flex flex-wrap gap-2,3,
AdminPanel.jsx,src/pages/admin/AdminPanel.jsx,489,,mt-4 p-4 bg-gray-900/50 rounded-[28px] border border-gray-800,2,
AdminPanel.jsx,src/pages/admin/AdminPanel.jsx,583,,neural-core-panel,3,
AdminPanel.jsx,src/pages/admin/AdminPanel.jsx,587,,grid grid-cols-1 md:grid-cols-2 gap-6,2,
AdminPanel.jsx,src/pages/admin/AdminPanel.jsx,588,,p-6 border border-gray-700 rounded-[28px] bg-black/20 flex flex-col justify-between,2,
AdminPanel.jsx,src/pages/admin/AdminPanel.jsx,589,,,2,Contenidor simple sense classes/id
AdminPanel.jsx,src/pages/admin/AdminPanel.jsx,591,,grid grid-cols-2 gap-4 mb-4,4,
AdminPanel.jsx,src/pages/admin/AdminPanel.jsx,592,,p-2 bg-gray-900 rounded-[20px] text-center,2,
AdminPanel.jsx,src/pages/admin/AdminPanel.jsx,596,,p-2 bg-gray-900 rounded-[20px] text-center,2,
AdminPanel.jsx,src/pages/admin/AdminPanel.jsx,600,,p-2 bg-gray-900 rounded-[20px] text-center,2,
AdminPanel.jsx,src/pages/admin/AdminPanel.jsx,604,,p-2 bg-gray-900 rounded-[20px] text-center,2,
AdminPanel.jsx,src/pages/admin/AdminPanel.jsx,610,,flex flex-col gap-2,1,
AdminPanel.jsx,src/pages/admin/AdminPanel.jsx,617,,p-6 border border-gray-700 rounded-[28px] bg-black/20 flex flex-col justify-between,2,
AdminPanel.jsx,src/pages/admin/AdminPanel.jsx,618,,,3,Contenidor simple sense classes/id
AdminPanel.jsx,src/pages/admin/AdminPanel.jsx,621,,p-3 bg-cyan-900/10 border border-cyan-500/20 rounded-[20px] mb-4,2,
AdminPanel.jsx,src/pages/admin/AdminPanel.jsx,632,,mt-6 p-4 bg-gray-900/50 rounded-[28px] border border-gray-800,2,
AdminPanel.jsx,src/pages/admin/AdminPanel.jsx,642,,neural-core-panel,3,
AdminPanel.jsx,src/pages/admin/AdminPanel.jsx,646,,w-full bg-zinc-900 border-2 border-zinc-800 rounded-[2rem] overflow-hidden shadow-inner,1,
AdminPanel.jsx,src/pages/admin/AdminPanel.jsx,659,,mt-6 p-4 bg-gray-900/50 rounded-[28px] border border-gray-800,2,
AdminPanel.jsx,src/pages/admin/AdminPanel.jsx,672,,neural-core-panel,4,
AdminPanel.jsx,src/pages/admin/AdminPanel.jsx,677,,flex gap-2 mb-6,2,
AdminPanel.jsx,src/pages/admin/AdminPanel.jsx,699,,mt-6 p-4 bg-gray-900/50 rounded-[28px] border border-gray-800,2,
AdminPanel.jsx,src/pages/admin/AdminPanel.jsx,721,,neural-core-panel,3,
AdminPanel.jsx,src/pages/admin/AdminPanel.jsx,726,,grid grid-cols-1 md:grid-cols-2 gap-6,2,
AdminPanel.jsx,src/pages/admin/AdminPanel.jsx,727,,p-6 border border-gray-700 rounded-[28px] bg-black/20,2,
AdminPanel.jsx,src/pages/admin/AdminPanel.jsx,729,,space-y-3,1,
AdminPanel.jsx,src/pages/admin/AdminPanel.jsx,731,,flex justify-between items-center p-3 bg-gray-900/50 rounded-[20px] border border-gray-800,2,
AdminPanel.jsx,src/pages/admin/AdminPanel.jsx,732,,,2,Contenidor simple sense classes/id
AdminPanel.jsx,src/pages/admin/AdminPanel.jsx,733,,font-bold text-sm,1,
AdminPanel.jsx,src/pages/admin/AdminPanel.jsx,734,,text-[10px] opacity-50 uppercase,1,
AdminPanel.jsx,src/pages/admin/AdminPanel.jsx,742,,p-6 border border-gray-700 rounded-[28px] bg-black/20,2,
AdminPanel.jsx,src/pages/admin/AdminPanel.jsx,744,,space-y-3,2,
AdminPanel.jsx,src/pages/admin/AdminPanel.jsx,745,,p-3 bg-red-900/10 border border-red-500/20 rounded-[20px],3,
AdminPanel.jsx,src/pages/admin/AdminPanel.jsx,757,,mt-6 p-4 bg-gray-900/50 rounded-[28px] border border-gray-800,2,
AulaRural.jsx,src/pages/admin/AulaRural.jsx,5,,aula-rural-container,4,
AulaRural.jsx,src/pages/admin/AulaRural.jsx,6,,aula-header,3,
AulaRural.jsx,src/pages/admin/AulaRural.jsx,7,,header-meta,2,
AulaRural.jsx,src/pages/admin/AulaRural.jsx,18,,manifest-card,3,
AulaRural.jsx,src/pages/admin/AulaRural.jsx,29,,aula-grid,4,
AulaRural.jsx,src/pages/admin/AulaRural.jsx,30,,didactic-card,3,
AulaRural.jsx,src/pages/admin/AulaRural.jsx,31,,card-header,2,
AulaRural.jsx,src/pages/admin/AulaRural.jsx,39,,status-badge,1,
AulaRural.jsx,src/pages/admin/AulaRural.jsx,42,,didactic-card,3,
AulaRural.jsx,src/pages/admin/AulaRural.jsx,43,,card-header,2,
AulaRural.jsx,src/pages/admin/AulaRural.jsx,51,,status-badge,1,
AulaRural.jsx,src/pages/admin/AulaRural.jsx,54,,didactic-card,3,
AulaRural.jsx,src/pages/admin/AulaRural.jsx,55,,card-header,2,
AulaRural.jsx,src/pages/admin/AulaRural.jsx,63,,status-badge,1,
AulaRural.jsx,src/pages/admin/AulaRural.jsx,66,,didactic-card highlighted,2,
AulaRural.jsx,src/pages/admin/AulaRural.jsx,67,,card-header,2,
AulaRural.jsx,src/pages/admin/AulaRural.jsx,80,,footer-content,2,
ChatManager.jsx,src/pages/admin/ChatManager.jsx,27,,[Expressió Dinàmica],3,
ChatManager.jsx,src/pages/admin/ChatManager.jsx,34,,[Expressió Dinàmica],1,
ChatManager.jsx,src/pages/admin/ChatManager.jsx,38,,flex-1,2,
ChatManager.jsx,src/pages/admin/ChatManager.jsx,42,,,1,Wrapper Innecessari (1 fill, sense classes)
ChatManager.jsx,src/pages/admin/ChatManager.jsx,110,,[Expressió Dinàmica],1,
ChatManager.jsx,src/pages/admin/ChatManager.jsx,114,,[Expressió Dinàmica],5,
ChatManager.jsx,src/pages/admin/ChatManager.jsx,116,,h-[60px] pl-2 pr-4 flex flex-shrink-0 items-center justify-between border-b border-white/5 bg-[#FF6D00] shadow-md z-10 sticky top-0,2,
ChatManager.jsx,src/pages/admin/ChatManager.jsx,117,,flex items-center gap-2,2,
ChatManager.jsx,src/pages/admin/ChatManager.jsx,126,,flex gap-2,0,DIV Buit (Sense contingut)
ChatManager.jsx,src/pages/admin/ChatManager.jsx,130,,flex-1 overflow-y-auto pb-20 custom-scrollbar,20,
ChatManager.jsx,src/pages/admin/ChatManager.jsx,133,,bg-orange-500/10 border-b border-orange-500/20 px-4 py-3 flex items-center gap-3,2,
ChatManager.jsx,src/pages/admin/ChatManager.jsx,142,,[Expressió Dinàmica],4,
ChatManager.jsx,src/pages/admin/ChatManager.jsx,143,,w-32 h-32 rounded-full bg-gradient-to-br from-[#FF6D00]/20 to-[#FF6D00]/5 text-[#FF6D00] flex items-center justify-center border-[3px] border-[#FF6D00]/30 shadow-[0_0_40px_rgba(255;107;0;0.15)] mb-5 overflow-hidden relative group,1,
ChatManager.jsx,src/pages/admin/ChatManager.jsx,147,,flex items-center justify-center w-full h-full scale-[1.5],1,
ChatManager.jsx,src/pages/admin/ChatManager.jsx,155,,flex items-center gap-1.5 justify-center bg-green-500/10 px-3 py-1 rounded-full border border-green-500/20 mb-6,2,
ChatManager.jsx,src/pages/admin/ChatManager.jsx,156,,w-2 h-2 rounded-full bg-green-500 shadow-[0_0_8px_#22c55e],0,DIV Buit (Sense contingut)
ChatManager.jsx,src/pages/admin/ChatManager.jsx,162,,flex justify-center w-full gap-4 mt-2 px-4,2,
ChatManager.jsx,src/pages/admin/ChatManager.jsx,179,,[Expressió Dinàmica],3,
ChatManager.jsx,src/pages/admin/ChatManager.jsx,180,,flex items-center justify-between p-5 cursor-pointer hover:bg-black/5 dark:hover:bg-white/5 transition-colors,2,
ChatManager.jsx,src/pages/admin/ChatManager.jsx,182,,flex items-center gap-1 text-gray-400,2,
ChatManager.jsx,src/pages/admin/ChatManager.jsx,188,,px-5 pb-5 flex gap-3 overflow-x-auto custom-scrollbar,4,
ChatManager.jsx,src/pages/admin/ChatManager.jsx,189,,[Expressió Dinàmica],2,
ChatManager.jsx,src/pages/admin/ChatManager.jsx,194,,[Expressió Dinàmica],2,
ChatManager.jsx,src/pages/admin/ChatManager.jsx,199,,[Expressió Dinàmica],2,
ChatManager.jsx,src/pages/admin/ChatManager.jsx,204,,[Expressió Dinàmica],2,
ChatManager.jsx,src/pages/admin/ChatManager.jsx,212,,mb-8,1,
ChatManager.jsx,src/pages/admin/ChatManager.jsx,228,,[Expressió Dinàmica],1,
ChatManager.jsx,src/pages/admin/ChatManager.jsx,229,,[Expressió Dinàmica],0,DIV Buit (Sense contingut)
ChatManager.jsx,src/pages/admin/ChatManager.jsx,262,,[Expressió Dinàmica],2,
Chrome145Report.jsx,src/pages/admin/Chrome145Report.jsx,49,,min-h-screen bg-black text-white p-6 lg:p-12 animate-in,3,
Chrome145Report.jsx,src/pages/admin/Chrome145Report.jsx,50,,flex items-center justify-between mb-12,2,
Chrome145Report.jsx,src/pages/admin/Chrome145Report.jsx,51,,flex items-center gap-4,2,
Chrome145Report.jsx,src/pages/admin/Chrome145Report.jsx,64,,,2,Contenidor simple sense classes/id
Chrome145Report.jsx,src/pages/admin/Chrome145Report.jsx,69,,flex items-center gap-2 px-4 py-2 bg-emerald-500/10 text-emerald-400 rounded-[28px] border border-emerald-500/20,2,
Chrome145Report.jsx,src/pages/admin/Chrome145Report.jsx,74,,grid grid-cols-1 md:grid-cols-2 lg:grid-cols-4 gap-6 mb-12,4,
Chrome145Report.jsx,src/pages/admin/Chrome145Report.jsx,101,,grid grid-cols-1 lg:grid-cols-3 gap-8,2,
Chrome145Report.jsx,src/pages/admin/Chrome145Report.jsx,102,,lg:col-span-2 space-y-8,2,
Chrome145Report.jsx,src/pages/admin/Chrome145Report.jsx,108,,space-y-4,1,
Chrome145Report.jsx,src/pages/admin/Chrome145Report.jsx,110,,flex items-center justify-between p-4 bg-white/5 rounded-[28px] border border-white/5,2,
Chrome145Report.jsx,src/pages/admin/Chrome145Report.jsx,111,,flex items-center gap-4,2,
Chrome145Report.jsx,src/pages/admin/Chrome145Report.jsx,112,,w-10 h-10 flex items-center justify-center bg-orange-500/10 text-orange-500 rounded-[28px],1,
Chrome145Report.jsx,src/pages/admin/Chrome145Report.jsx,115,,,2,Contenidor simple sense classes/id
Chrome145Report.jsx,src/pages/admin/Chrome145Report.jsx,120,,text-right,2,
Chrome145Report.jsx,src/pages/admin/Chrome145Report.jsx,136,,p-6 bg-indigo-500/5 border border-indigo-500/20 rounded-[28px],2,
Chrome145Report.jsx,src/pages/admin/Chrome145Report.jsx,154,,bg-emerald-500/5 border border-emerald-500/10 rounded-[28px] p-8,2,
Chrome145Report.jsx,src/pages/admin/Chrome145Report.jsx,176,,bg-white/5 border border-white/10 rounded-[28px] p-8 text-center,3,
Chrome145Report.jsx,src/pages/admin/Chrome145Report.jsx,188,,bg-white/5 border border-white/10 rounded-[28px] p-6 transition-transform hover:scale-105,3,
Chrome145Report.jsx,src/pages/admin/Chrome145Report.jsx,189,,flex items-center gap-3 mb-4,2,
ControlGeneral.jsx,src/pages/admin/ControlGeneral.jsx,36,,flex flex-col h-full bg-[#f0f2f5] dark:bg-[#0a0a0a] overflow-y-auto custom-scrollbar font-['Noto_Sans'],3,
ControlGeneral.jsx,src/pages/admin/ControlGeneral.jsx,38,,flex items-center px-4 md:px-6 h-[56px] shrink-0 border-b border-gray-200 dark:border-gray-800 bg-white dark:bg-[#121212] sticky top-0 z-10 shadow-sm,2,
ControlGeneral.jsx,src/pages/admin/ControlGeneral.jsx,50,,max-w-3xl mx-auto w-full p-4 md:p-8 space-y-4,2,
ControlGeneral.jsx,src/pages/admin/ControlGeneral.jsx,51,,bg-white dark:bg-[#121212] rounded-[28px] overflow-hidden shadow-sm border border-gray-100 dark:border-gray-800/50,4,
ControlGeneral.jsx,src/pages/admin/ControlGeneral.jsx,53,,flex items-center gap-4 p-6 border-b border-gray-100 dark:border-gray-800 hover:bg-gray-50 dark:hover:bg-[#1a1a1a] cursor-pointer transition-colors,2,
ControlGeneral.jsx,src/pages/admin/ControlGeneral.jsx,54,,w-16 h-16 rounded-full bg-theme-accent-primary text-white flex items-center justify-center text-2xl font-bold shadow-md,1,
ControlGeneral.jsx,src/pages/admin/ControlGeneral.jsx,57,,flex-1,2,
ControlGeneral.jsx,src/pages/admin/ControlGeneral.jsx,64,,flex flex-col,1,
ControlGeneral.jsx,src/pages/admin/ControlGeneral.jsx,73,,[Expressió Dinàmica],1,
ControlGeneral.jsx,src/pages/admin/ControlGeneral.jsx,76,,flex-1 min-w-0,2,
ControlGeneral.jsx,src/pages/admin/ControlGeneral.jsx,86,,text-center py-6,2,
DAFOPage.jsx,src/pages/admin/DAFOPage.jsx,12,,dafo-page-error,4,
DAFOPage.jsx,src/pages/admin/DAFOPage.jsx,22,,dafo-page-container,3,
DAFOPage.jsx,src/pages/admin/DAFOPage.jsx,28,,dafo-page-header,2,
DAFOPage.jsx,src/pages/admin/DAFOPage.jsx,32,,dafo-actions,2,
DAFOPage.jsx,src/pages/admin/DAFOPage.jsx,54,,dafo-main-content,2,
DAFOPage.jsx,src/pages/admin/DAFOPage.jsx,57,,dafo-didactic-footer,2,
DesignCanon.jsx,src/pages/admin/DesignCanon.jsx,66,,design-canon-page,4,
DesignCanon.jsx,src/pages/admin/DesignCanon.jsx,72,,design-header,2,
DesignCanon.jsx,src/pages/admin/DesignCanon.jsx,76,,header-content,3,
DesignCanon.jsx,src/pages/admin/DesignCanon.jsx,77,,design-badge,2,
DesignCanon.jsx,src/pages/admin/DesignCanon.jsx,86,,design-grid-container,1,
DesignCanon.jsx,src/pages/admin/DesignCanon.jsx,89,,category-header,2,
DesignCanon.jsx,src/pages/admin/DesignCanon.jsx,90,,category-icon,1,
DesignCanon.jsx,src/pages/admin/DesignCanon.jsx,91,,category-title,2,
DesignCanon.jsx,src/pages/admin/DesignCanon.jsx,97,,link-list,1,
DesignCanon.jsx,src/pages/admin/DesignCanon.jsx,100,,link-info,2,
DesignCanon.jsx,src/pages/admin/DesignCanon.jsx,113,,glass-card-premium,3,
DesignCanon.jsx,src/pages/admin/DesignCanon.jsx,114,,section-header-mini,2,
DesignCanon.jsx,src/pages/admin/DesignCanon.jsx,122,,design-stats-mini,2,
DesignCanon.jsx,src/pages/admin/DesignCanon.jsx,123,,stat-pill,2,
DesignCanon.jsx,src/pages/admin/DesignCanon.jsx,127,,stat-pill,2,
DidacticPage.jsx,src/pages/admin/DidacticPage.jsx,12,,didactic-page-error,4,
DidacticPage.jsx,src/pages/admin/DidacticPage.jsx,22,,didactic-page-container,3,
DidacticPage.jsx,src/pages/admin/DidacticPage.jsx,29,,didactic-header,3,
DidacticPage.jsx,src/pages/admin/DidacticPage.jsx,33,,header-title,2,
DidacticPage.jsx,src/pages/admin/DidacticPage.jsx,37,,header-actions,1,
DidacticPage.jsx,src/pages/admin/DidacticPage.jsx,42,,didactic-content,3,
DidacticPage.jsx,src/pages/admin/DidacticPage.jsx,43,,content-hero,2,
DidacticPage.jsx,src/pages/admin/DidacticPage.jsx,45,,didactic-image-wrapper,1,
DidacticPage.jsx,src/pages/admin/DidacticPage.jsx,52,,didactic-body,2,
DidacticPage.jsx,src/pages/admin/DidacticPage.jsx,53,,didactic-main-text,2,
DidacticPage.jsx,src/pages/admin/DidacticPage.jsx,64,,didactic-insight-box,2,
DidacticPage.jsx,src/pages/admin/DidacticPage.jsx,65,,insight-header,2,
DidacticPage.jsx,src/pages/admin/DidacticPage.jsx,73,,didactic-footer,2,
DidacticPage.jsx,src/pages/admin/DidacticPage.jsx,75,,footer-badges,2,
GenesisViewer.jsx,src/pages/admin/GenesisViewer.jsx,65,,genesis-viewer,5,
GenesisViewer.jsx,src/pages/admin/GenesisViewer.jsx,67,,genesis-header,1,
GenesisViewer.jsx,src/pages/admin/GenesisViewer.jsx,68,,header-container flex items-center gap-6,3,
GenesisViewer.jsx,src/pages/admin/GenesisViewer.jsx,76,,brand-box flex-1,2,
GenesisViewer.jsx,src/pages/admin/GenesisViewer.jsx,78,,brand-text,2,
GenesisViewer.jsx,src/pages/admin/GenesisViewer.jsx,92,,genesis-content,3,
GenesisViewer.jsx,src/pages/admin/GenesisViewer.jsx,95,,intro-card shadow-sm,3,
GenesisViewer.jsx,src/pages/admin/GenesisViewer.jsx,101,,status-badges flex gap-4 mt-6,3,
GenesisViewer.jsx,src/pages/admin/GenesisViewer.jsx,108,,grid-metrics mt-8,6,
GenesisViewer.jsx,src/pages/admin/GenesisViewer.jsx,110,,card metrics-card p-6,3,
GenesisViewer.jsx,src/pages/admin/GenesisViewer.jsx,111,,card-top,2,
GenesisViewer.jsx,src/pages/admin/GenesisViewer.jsx,133,,card metrics-card dark-mode p-6,4,
GenesisViewer.jsx,src/pages/admin/GenesisViewer.jsx,134,,card-top,2,
GenesisViewer.jsx,src/pages/admin/GenesisViewer.jsx,140,,control-group mt-6,3,
GenesisViewer.jsx,src/pages/admin/GenesisViewer.jsx,150,,slider-labels,3,
GenesisViewer.jsx,src/pages/admin/GenesisViewer.jsx,163,,card metrics-card p-6,3,
GenesisViewer.jsx,src/pages/admin/GenesisViewer.jsx,164,,card-top,2,
GenesisViewer.jsx,src/pages/admin/GenesisViewer.jsx,169,,chart-wrapper h-40,1,
GenesisViewer.jsx,src/pages/admin/GenesisViewer.jsx,179,,section-header,2,
GenesisViewer.jsx,src/pages/admin/GenesisViewer.jsx,186,,pillars-grid grid grid-cols-1 md:grid-cols-3 gap-6,3,
GenesisViewer.jsx,src/pages/admin/GenesisViewer.jsx,187,,pillar-card card,3,
GenesisViewer.jsx,src/pages/admin/GenesisViewer.jsx,188,,pillar-icon,1,
GenesisViewer.jsx,src/pages/admin/GenesisViewer.jsx,192,,pillar-card card,3,
GenesisViewer.jsx,src/pages/admin/GenesisViewer.jsx,193,,pillar-icon,1,
GenesisViewer.jsx,src/pages/admin/GenesisViewer.jsx,197,,pillar-card card,3,
GenesisViewer.jsx,src/pages/admin/GenesisViewer.jsx,198,,pillar-icon,1,
GenesisViewer.jsx,src/pages/admin/GenesisViewer.jsx,204,,dictionary-card card bg-stone-100,2,
GenesisViewer.jsx,src/pages/admin/GenesisViewer.jsx,206,,dictionary-grid,4,
GenesisViewer.jsx,src/pages/admin/GenesisViewer.jsx,207,,word-box,2,
GenesisViewer.jsx,src/pages/admin/GenesisViewer.jsx,208,,word-box,2,
GenesisViewer.jsx,src/pages/admin/GenesisViewer.jsx,209,,word-box,2,
GenesisViewer.jsx,src/pages/admin/GenesisViewer.jsx,210,,word-box,2,
GenesisViewer.jsx,src/pages/admin/GenesisViewer.jsx,218,,lab-tokens,2,
GenesisViewer.jsx,src/pages/admin/GenesisViewer.jsx,220,,card p-8 space-y-8,2,
GenesisViewer.jsx,src/pages/admin/GenesisViewer.jsx,221,,type-check pl-4 border-l-4 border-primary,3,
GenesisViewer.jsx,src/pages/admin/GenesisViewer.jsx,226,,button-lab flex gap-4,3,
GenesisViewer.jsx,src/pages/admin/GenesisViewer.jsx,234,,data-visuals,2,
GenesisViewer.jsx,src/pages/admin/GenesisViewer.jsx,236,,card p-6 h-80 flex flex-col,3,
GenesisViewer.jsx,src/pages/admin/GenesisViewer.jsx,238,,flex-grow,1,
GenesisViewer.jsx,src/pages/admin/GenesisViewer.jsx,249,,container mx-auto text-center,2,
GhostMemorial.jsx,src/pages/admin/GhostMemorial.jsx,38,,ghost-memorial-page bg-black min-h-screen text-white p-8,5,
GhostMemorial.jsx,src/pages/admin/GhostMemorial.jsx,39,,memorial-header max-w-4xl mx-auto mb-16,3,
GhostMemorial.jsx,src/pages/admin/GhostMemorial.jsx,48,,flex items-center gap-6 mb-6,2,
GhostMemorial.jsx,src/pages/admin/GhostMemorial.jsx,49,,memorial-icon-glow,1,
GhostMemorial.jsx,src/pages/admin/GhostMemorial.jsx,61,,max-w-4xl mx-auto grid grid-cols-1 md:grid-cols-2 gap-8 mb-20,2,
GhostMemorial.jsx,src/pages/admin/GhostMemorial.jsx,63,,ghost-card bg-zinc-900/50 border border-zinc-800 p-8 rounded-[28px] relative overflow-hidden group hover:border-cyan-500/50 transition-all,5,
GhostMemorial.jsx,src/pages/admin/GhostMemorial.jsx,64,,absolute top-0 right-0 p-4 opacity-10 group-hover:opacity-30 transition-opacity,1,
GhostMemorial.jsx,src/pages/admin/GhostMemorial.jsx,67,,ghost-status text-[10px] font-black tracking-[0.3em] uppercase mb-4 text-cyan-500 bg-cyan-500/10 w-fit px-3 py-1 rounded,2,
GhostMemorial.jsx,src/pages/admin/GhostMemorial.jsx,73,,absolute bottom-0 left-0 w-full h-1 bg-gradient-to-r from-transparent via-cyan-500/20 to-transparent,0,DIV Buit (Sense contingut)
GhostMemorial.jsx,src/pages/admin/GhostMemorial.jsx,77,,ghost-card bg-gradient-to-br from-zinc-900 to-black border-2 border-dashed border-zinc-800 p-8 rounded-[28px] flex flex-col items-center justify-center text-center gap-4 group hover:border-[var(--sdp-terracotta)]/50 transition-all,3,
GhostMemorial.jsx,src/pages/admin/GhostMemorial.jsx,87,,flex items-center gap-4 mb-4,2,
GhostMemorial.jsx,src/pages/admin/GhostMemorial.jsx,91,,bg-zinc-900/30 p-12 rounded-[28px] border border-zinc-800/50,3,
GhostMemorial.jsx,src/pages/admin/GhostMemorial.jsx,96,,mb-12,1,
GhostMemorial.jsx,src/pages/admin/GhostMemorial.jsx,102,,flex gap-12 items-center,3,
GhostMemorial.jsx,src/pages/admin/GhostMemorial.jsx,103,,flex flex-col gap-1,2,
GhostMemorial.jsx,src/pages/admin/GhostMemorial.jsx,107,,flex flex-col gap-1,2,
GhostMemorial.jsx,src/pages/admin/GhostMemorial.jsx,111,,ml-auto,1,
GhostMemorial.jsx,src/pages/admin/GhostMemorial.jsx,119,,scanline-overlay,0,DIV Buit (Sense contingut)
IAIASandbox.jsx,src/pages/admin/IAIASandbox.jsx,4,,min-h-screen bg-gray-100 flex flex-col items-center py-10 px-4 font-sans max-w-3xl mx-auto,7,
IAIASandbox.jsx,src/pages/admin/IAIASandbox.jsx,11,,w-full bg-white rounded-2xl shadow-sm border border-gray-200 p-6 mb-8 text-center relative overflow-hidden,4,
IAIASandbox.jsx,src/pages/admin/IAIASandbox.jsx,12,,absolute top-0 right-0 p-4,1,
IAIASandbox.jsx,src/pages/admin/IAIASandbox.jsx,24,,inline-flex items-center gap-2 bg-amber-100 text-amber-800 px-3 py-1.5 rounded-full text-xs font-semibold,2,
IAIASandbox.jsx,src/pages/admin/IAIASandbox.jsx,31,,w-full bg-white rounded-2xl shadow-lg border border-gray-100 p-10 flex flex-col items-center justify-center min-h-[400px],2,
IAIASandbox.jsx,src/pages/admin/IAIASandbox.jsx,40,,w-full mt-8 p-6 bg-gray-800 rounded-xl text-gray-300 font-mono text-xs shadow-xl,4,
IAIASandbox.jsx,src/pages/admin/IAIASandbox.jsx,41,,flex items-center gap-2 mb-3 border-b border-gray-700 pb-2,2,
IAIASandbox.jsx,src/pages/admin/IAIASandbox.jsx,42,,w-2 h-2 rounded-full bg-green-500 animate-pulse,0,DIV Buit (Sense contingut)
Ideoteca.jsx,src/pages/admin/Ideoteca.jsx,71,,text-[10px] uppercase tracking-widest px-2 py-1 bg-yellow-500/20 text-yellow-500 border border-yellow-500/30 rounded font-bold,1,
Ideoteca.jsx,src/pages/admin/Ideoteca.jsx,73,,text-[10px] uppercase tracking-widest px-2 py-1 bg-blue-500/20 text-blue-500 border border-blue-500/30 rounded font-bold,1,
Ideoteca.jsx,src/pages/admin/Ideoteca.jsx,75,,text-[10px] uppercase tracking-widest px-2 py-1 bg-gray-500/20 text-gray-400 border border-gray-500/30 rounded font-bold,1,
Ideoteca.jsx,src/pages/admin/Ideoteca.jsx,87,,w-full bg-[#F97316] text-white flex flex-row items-center justify-between py-3 sm:py-4 px-4 shadow-md shrink-0 border-b border-black/10 z-[var(--z-fixed;100)] relative h-[56px] min-h-[56px] max-h-[56px],3,
Ideoteca.jsx,src/pages/admin/Ideoteca.jsx,88,,flex items-center justify-start gap-1 shrink-0,2,
Ideoteca.jsx,src/pages/admin/Ideoteca.jsx,98,,flex-1 flex flex-col items-center justify-center overflow-hidden,1,
Ideoteca.jsx,src/pages/admin/Ideoteca.jsx,103,,flex items-center justify-end shrink-0,0,DIV Buit (Sense contingut)
Ideoteca.jsx,src/pages/admin/Ideoteca.jsx,107,,flex items-center gap-4 mb-8 mt-4,2,
Ideoteca.jsx,src/pages/admin/Ideoteca.jsx,108,,w-12 h-12 bg-[#222] rounded-xl flex items-center justify-center border border-[#333] shadow-md,1,
Ideoteca.jsx,src/pages/admin/Ideoteca.jsx,111,,,2,Contenidor simple sense classes/id
Ideoteca.jsx,src/pages/admin/Ideoteca.jsx,117,,grid grid-cols-1 md:grid-cols-2 gap-4,1,
Ideoteca.jsx,src/pages/admin/Ideoteca.jsx,121,,bg-[#111] border border-[#222] rounded-xl p-5 hover:bg-[#1a1a1a] transition-colors cursor-pointer group flex flex-col h-full,3,
Ideoteca.jsx,src/pages/admin/Ideoteca.jsx,126,,flex items-center justify-between mb-4,2,
Ideoteca.jsx,src/pages/admin/Ideoteca.jsx,127,,flex items-center gap-3,2,
Ideoteca.jsx,src/pages/admin/Ideoteca.jsx,128,,p-2 bg-white/5 rounded-lg group-hover:bg-[#F97316]/10 group-hover:text-[#F97316] transition-colors text-gray-400,1,
Ideoteca.jsx,src/pages/admin/Ideoteca.jsx,140,,flex justify-end mt-auto pt-4 border-t border-[#222],1,
Ideoteca.jsx,src/pages/admin/Ideoteca.jsx,141,,flex items-center gap-1.5 text-xs font-bold text-gray-600 group-hover:text-white transition-colors duration-300,2,
Ideoteca.jsx,src/pages/admin/Ideoteca.jsx,151,,mt-12 text-center p-6 border border-dashed border-[#333] rounded-xl bg-white/5,3,
ManualPage.jsx,src/pages/admin/ManualPage.jsx,5,,manual-page-container,5,
ManualPage.jsx,src/pages/admin/ManualPage.jsx,6,,manual-header,3,
ManualPage.jsx,src/pages/admin/ManualPage.jsx,18,,status-card stable,2,
ManualPage.jsx,src/pages/admin/ManualPage.jsx,19,,card-header,2,
ManualPage.jsx,src/pages/admin/ManualPage.jsx,31,,status-card experimental,2,
ManualPage.jsx,src/pages/admin/ManualPage.jsx,32,,card-header,2,
ManualPage.jsx,src/pages/admin/ManualPage.jsx,45,,philosophy-box,3,
MenuManagementView.jsx,src/pages/admin/MenuManagementView.jsx,39,,flex-1 flex flex-col bg-theme-base animate-in fade-in duration-500 overflow-hidden h-full,7,
MenuManagementView.jsx,src/pages/admin/MenuManagementView.jsx,41,,h-20 flex items-center justify-between px-8 border-b border-white/10 shrink-0,2,
MenuManagementView.jsx,src/pages/admin/MenuManagementView.jsx,42,,flex items-center gap-4,2,
MenuManagementView.jsx,src/pages/admin/MenuManagementView.jsx,49,,,2,Contenidor simple sense classes/id
MenuManagementView.jsx,src/pages/admin/MenuManagementView.jsx,64,,p-6 bg-black/20 border-b border-white/5 shrink-0,1,
MenuManagementView.jsx,src/pages/admin/MenuManagementView.jsx,65,,relative max-w-2xl mx-auto,2,
MenuManagementView.jsx,src/pages/admin/MenuManagementView.jsx,78,,flex-1 overflow-y-auto p-8 custom-scrollbar,1,
MenuManagementView.jsx,src/pages/admin/MenuManagementView.jsx,79,,max-w-4xl mx-auto space-y-10,1,
MenuManagementView.jsx,src/pages/admin/MenuManagementView.jsx,86,,flex items-center gap-3 px-2,2,
MenuManagementView.jsx,src/pages/admin/MenuManagementView.jsx,87,,w-1.5 h-6 bg-secondary rounded-[28px],0,DIV Buit (Sense contingut)
MenuManagementView.jsx,src/pages/admin/MenuManagementView.jsx,91,,grid grid-cols-1 md:grid-cols-2 gap-3,1,
MenuManagementView.jsx,src/pages/admin/MenuManagementView.jsx,103,,flex items-center gap-4,2,
MenuManagementView.jsx,src/pages/admin/MenuManagementView.jsx,104,,[Expressió Dinàmica],1,
MenuManagementView.jsx,src/pages/admin/MenuManagementView.jsx,110,,text-left,2,
MenuManagementView.jsx,src/pages/admin/MenuManagementView.jsx,115,,[Expressió Dinàmica],1,
NexusFlash.jsx,src/pages/admin/NexusFlash.jsx,36,,nexus-container,4,
NexusFlash.jsx,src/pages/admin/NexusFlash.jsx,38,,nexus-header,2,
NexusFlash.jsx,src/pages/admin/NexusFlash.jsx,39,,nexus-header-content,3,
NexusFlash.jsx,src/pages/admin/NexusFlash.jsx,43,,nexus-title-group,2,
NexusFlash.jsx,src/pages/admin/NexusFlash.jsx,47,,nexus-status-pill,2,
NexusFlash.jsx,src/pages/admin/NexusFlash.jsx,68,,nexus-main-content,4,
NexusFlash.jsx,src/pages/admin/NexusFlash.jsx,70,,nexus-dashboard fade-in,2,
NexusFlash.jsx,src/pages/admin/NexusFlash.jsx,74,,nexus-stats-grid,3,
NexusFlash.jsx,src/pages/admin/NexusFlash.jsx,75,,nexus-stat,2,
NexusFlash.jsx,src/pages/admin/NexusFlash.jsx,79,,nexus-stat,2,
NexusFlash.jsx,src/pages/admin/NexusFlash.jsx,83,,nexus-stat warning,2,
NexusFlash.jsx,src/pages/admin/NexusFlash.jsx,90,,nexus-directives-grid,3,
NexusFlash.jsx,src/pages/admin/NexusFlash.jsx,111,,nexus-lab fade-in,2,
NexusFlash.jsx,src/pages/admin/NexusFlash.jsx,112,,lab-controls,2,
NexusFlash.jsx,src/pages/admin/NexusFlash.jsx,119,,lab-preview-grid,2,
NexusFlash.jsx,src/pages/admin/NexusFlash.jsx,120,,[Expressió Dinàmica],5,
NexusFlash.jsx,src/pages/admin/NexusFlash.jsx,122,,preview-avatar,0,DIV Buit (Sense contingut)
NexusFlash.jsx,src/pages/admin/NexusFlash.jsx,123,,preview-line,0,DIV Buit (Sense contingut)
NexusFlash.jsx,src/pages/admin/NexusFlash.jsx,124,,preview-line short,0,DIV Buit (Sense contingut)
NexusFlash.jsx,src/pages/admin/NexusFlash.jsx,141,,nexus-ia fade-in,2,
NexusFlash.jsx,src/pages/admin/NexusFlash.jsx,146,,bategat-indicator,1,
NexusFlash.jsx,src/pages/admin/NexusFlash.jsx,148,,iaia-input-group,2,
NexusFlash.jsx,src/pages/admin/NexusFlash.jsx,176,,pregoner-result fade-in,1,
NexusFlash.jsx,src/pages/admin/NexusFlash.jsx,186,,nexus-solatge fade-in,2,
NexusFlash.jsx,src/pages/admin/NexusFlash.jsx,188,,console-header,2,
NexusFlash.jsx,src/pages/admin/NexusFlash.jsx,192,,console-body,5,
NexusFlash.jsx,src/pages/admin/NexusFlash.jsx,193,,line,1,
NexusFlash.jsx,src/pages/admin/NexusFlash.jsx,194,,line,1,
NexusFlash.jsx,src/pages/admin/NexusFlash.jsx,195,,line,1,
NexusFlash.jsx,src/pages/admin/NexusFlash.jsx,196,,line,1,
NexusFlash.jsx,src/pages/admin/NexusFlash.jsx,197,,line cursor,2,
NexusFlash.jsx,src/pages/admin/NexusFlash.jsx,201,,solatge-widgets mt-6,1,
NexusFlash.jsx,src/pages/admin/NexusFlash.jsx,202,,widget-row,2,
PlaygroundPortal.jsx,src/pages/admin/PlaygroundPortal.jsx,33,,portal-loading,1,
PlaygroundPortal.jsx,src/pages/admin/PlaygroundPortal.jsx,36,,playground-portal,3,
PlaygroundPortal.jsx,src/pages/admin/PlaygroundPortal.jsx,37,,portal-header,5,
PlaygroundPortal.jsx,src/pages/admin/PlaygroundPortal.jsx,44,,ai-notice-simple,1,
PlaygroundPortal.jsx,src/pages/admin/PlaygroundPortal.jsx,45,,ai-notice-text,1,
PlaygroundPortal.jsx,src/pages/admin/PlaygroundPortal.jsx,49,,portal-actions,1,
PlaygroundPortal.jsx,src/pages/admin/PlaygroundPortal.jsx,57,,persona-list-container,1,
PlaygroundPortal.jsx,src/pages/admin/PlaygroundPortal.jsx,59,,persona-list-item,3,
PlaygroundPortal.jsx,src/pages/admin/PlaygroundPortal.jsx,60,,persona-list-avatar,1,
PlaygroundPortal.jsx,src/pages/admin/PlaygroundPortal.jsx,64,,persona-list-placeholder,1,
PlaygroundPortal.jsx,src/pages/admin/PlaygroundPortal.jsx,70,,persona-list-content,2,
PlaygroundPortal.jsx,src/pages/admin/PlaygroundPortal.jsx,71,,persona-list-header,2,
PlaygroundPortal.jsx,src/pages/admin/PlaygroundPortal.jsx,77,,persona-list-bottom,1,
PlaygroundPortal.jsx,src/pages/admin/PlaygroundPortal.jsx,84,,persona-list-action,1,
SessionChronicle.jsx,src/pages/admin/SessionChronicle.jsx,32,,session-chronicle-container animate-in,3,
SessionChronicle.jsx,src/pages/admin/SessionChronicle.jsx,33,,session-header,2,
SessionChronicle.jsx,src/pages/admin/SessionChronicle.jsx,37,,header-titles,2,
SessionChronicle.jsx,src/pages/admin/SessionChronicle.jsx,39,,session-meta,2,
SessionChronicle.jsx,src/pages/admin/SessionChronicle.jsx,46,,session-main,3,
SessionChronicle.jsx,src/pages/admin/SessionChronicle.jsx,60,,hud-header,2,
SessionChronicle.jsx,src/pages/admin/SessionChronicle.jsx,65,,stats-grid,2,
SessionChronicle.jsx,src/pages/admin/SessionChronicle.jsx,66,,stat-card human,2,
SessionChronicle.jsx,src/pages/admin/SessionChronicle.jsx,67,,stat-icon,1,
SessionChronicle.jsx,src/pages/admin/SessionChronicle.jsx,68,,stat-content,3,
SessionChronicle.jsx,src/pages/admin/SessionChronicle.jsx,75,,stat-card ai,2,
SessionChronicle.jsx,src/pages/admin/SessionChronicle.jsx,76,,stat-icon,1,
SessionChronicle.jsx,src/pages/admin/SessionChronicle.jsx,77,,stat-content,3,
SessionChronicle.jsx,src/pages/admin/SessionChronicle.jsx,85,,savings-banner,2,
SessionChronicle.jsx,src/pages/admin/SessionChronicle.jsx,86,,savings-content,2,
SessionChronicle.jsx,src/pages/admin/SessionChronicle.jsx,88,,,2,Contenidor simple sense classes/id
SessionChronicle.jsx,src/pages/admin/SessionChronicle.jsx,93,,efficiency-badge,3,
SessionChronicle.jsx,src/pages/admin/SessionChronicle.jsx,99,,share-actions,1,
SolatgeConsole.jsx,src/pages/admin/SolatgeConsole.jsx,81,,solatge-container bg-black h-full text-white animate-bategat,9,
SolatgeConsole.jsx,src/pages/admin/SolatgeConsole.jsx,84,,solatge-header h-20 flex items-center gap-4 px-6 bg-black border-b border-gray-900 sticky top-0 z-30,3,
SolatgeConsole.jsx,src/pages/admin/SolatgeConsole.jsx,92,,brand flex-1,2,
SolatgeConsole.jsx,src/pages/admin/SolatgeConsole.jsx,94,,,2,Contenidor simple sense classes/id
SolatgeConsole.jsx,src/pages/admin/SolatgeConsole.jsx,99,,[Expressió Dinàmica],2,
SolatgeConsole.jsx,src/pages/admin/SolatgeConsole.jsx,106,,solatge-grid,5,
SolatgeConsole.jsx,src/pages/admin/SolatgeConsole.jsx,107,,metric-card glass-ia,2,
SolatgeConsole.jsx,src/pages/admin/SolatgeConsole.jsx,109,,data,2,
SolatgeConsole.jsx,src/pages/admin/SolatgeConsole.jsx,114,,metric-card glass-ia,2,
SolatgeConsole.jsx,src/pages/admin/SolatgeConsole.jsx,116,,data,2,
SolatgeConsole.jsx,src/pages/admin/SolatgeConsole.jsx,121,,metric-card glass-ia,2,
SolatgeConsole.jsx,src/pages/admin/SolatgeConsole.jsx,123,,data,2,
SolatgeConsole.jsx,src/pages/admin/SolatgeConsole.jsx,128,,metric-card glass-ia,2,
SolatgeConsole.jsx,src/pages/admin/SolatgeConsole.jsx,130,,data,2,
SolatgeConsole.jsx,src/pages/admin/SolatgeConsole.jsx,135,,metric-card glass-ia,2,
SolatgeConsole.jsx,src/pages/admin/SolatgeConsole.jsx,137,,data,2,
SolatgeConsole.jsx,src/pages/admin/SolatgeConsole.jsx,145,,command-center,2,
SolatgeConsole.jsx,src/pages/admin/SolatgeConsole.jsx,146,,console-panel,2,
SolatgeConsole.jsx,src/pages/admin/SolatgeConsole.jsx,147,,panel-header,2,
SolatgeConsole.jsx,src/pages/admin/SolatgeConsole.jsx,151,,logs,1,
SolatgeConsole.jsx,src/pages/admin/SolatgeConsole.jsx,153,,log-entry,2,
SolatgeConsole.jsx,src/pages/admin/SolatgeConsole.jsx,161,,actions-panel,8,
SolatgeConsole.jsx,src/pages/admin/SolatgeConsole.jsx,162,,action-wrapper,2,
SolatgeConsole.jsx,src/pages/admin/SolatgeConsole.jsx,178,,action-wrapper,1,
SolatgeConsole.jsx,src/pages/admin/SolatgeConsole.jsx,189,,action-wrapper,2,
SolatgeConsole.jsx,src/pages/admin/SolatgeConsole.jsx,221,,action-wrapper,2,
SolatgeConsole.jsx,src/pages/admin/SolatgeConsole.jsx,237,,drawer-divider,0,DIV Buit (Sense contingut)
SolatgeConsole.jsx,src/pages/admin/SolatgeConsole.jsx,240,,dev-tools-panel,2,
SolatgeConsole.jsx,src/pages/admin/SolatgeConsole.jsx,241,,panel-label,2,
SolatgeConsole.jsx,src/pages/admin/SolatgeConsole.jsx,245,,tools-grid,3,
SolatgeConsole.jsx,src/pages/admin/SolatgeConsole.jsx,271,,visual-democracy-panel,2,
SolatgeConsole.jsx,src/pages/admin/SolatgeConsole.jsx,272,,panel-label,2,
SolatgeConsole.jsx,src/pages/admin/SolatgeConsole.jsx,276,,democracy-switcher,2,
SolatgeConsole.jsx,src/pages/admin/SolatgeConsole.jsx,306,,node-info,2,
SolatgeConsole.jsx,src/pages/admin/SolatgeConsole.jsx,310,,version-tag,1,
Utilitats.jsx,src/pages/admin/Utilitats.jsx,22,,flex-1 bg-theme-base p-6 md:p-12 overflow-y-auto custom-scrollbar,2,
Utilitats.jsx,src/pages/admin/Utilitats.jsx,23,,mb-16 relative,2,
Utilitats.jsx,src/pages/admin/Utilitats.jsx,24,,absolute -top-10 -left-10 w-64 h-64 bg-orange-500/10 blur-[120px] rounded-[28px] pointer-events-none,0,DIV Buit (Sense contingut)
Utilitats.jsx,src/pages/admin/Utilitats.jsx,26,,flex items-center gap-6 mb-4 relative z-10,2,
Utilitats.jsx,src/pages/admin/Utilitats.jsx,27,,w-16 h-16 bg-theme-panel border border-white/10 genesis-radius flex items-center justify-center backdrop-blur-xl shadow-2xl,1,
Utilitats.jsx,src/pages/admin/Utilitats.jsx,30,,,2,Contenidor simple sense classes/id
Utilitats.jsx,src/pages/admin/Utilitats.jsx,41,,grid grid-cols-1 md:grid-cols-2 lg:grid-cols-3 gap-8 relative z-10,3,
Utilitats.jsx,src/pages/admin/Utilitats.jsx,43,,group bg-white/[0.03] border border-white/10 rounded-[28px] p-8 cursor-pointer hover:bg-white/[0.06] hover:border-[#0ea5e9]/30 transition-all duration-500 relative overflow-hidden flex flex-col min-h-[320px] shadow-2xl backdrop-blur-md font-condensed,3,
Utilitats.jsx,src/pages/admin/Utilitats.jsx,48,,absolute top-0 right-0 p-8 opacity-[0.03] group-hover:opacity-10 group-hover:scale-110 transition-all duration-700 pointer-events-none,1,
Utilitats.jsx,src/pages/admin/Utilitats.jsx,52,,bg-gradient-to-br from-[#0ea5e9]/20 to-[#0ea5e9]/5 w-16 h-16 genesis-radius flex items-center justify-center mb-8 border border-[#0ea5e9]/20 shadow-inner,1,
Utilitats.jsx,src/pages/admin/Utilitats.jsx,56,,mt-auto,3,
Utilitats.jsx,src/pages/admin/Utilitats.jsx,65,,flex items-center text-[#0ea5e9] font-black text-xs gap-3 tracking-[0.2em] group-hover:gap-4 transition-all,2,
Utilitats.jsx,src/pages/admin/Utilitats.jsx,75,,bg-white/[0.01] border border-white/[0.05] border-dashed rounded-[28px] p-8 flex flex-col items-center justify-center text-white/5 italic text-sm min-h-[320px] transition-all hover:bg-white/[0.02],2,
Utilitats.jsx,src/pages/admin/Utilitats.jsx,76,,w-12 h-12 rounded-[28px] border border-current flex items-center justify-center mb-4 opacity-30,1,
Register.jsx,src/pages/auth/Register.jsx,210,,flex flex-col md:flex-row w-full min-h-[100dvh] bg-theme-base relative overflow-hidden font-sans,4,
Register.jsx,src/pages/auth/Register.jsx,213,,hidden md:flex md:w-1/2 lg:w-[55%] bg-[var(--theme-accent-primary-faint)] relative flex-col items-center justify-center p-8 lg:p-12 border-r border-[var(--border-master)] overflow-hidden,5,
Register.jsx,src/pages/auth/Register.jsx,215,,absolute inset-0 z-0 opacity-10 pointer-events-none mix-blend-multiply dark:mix-blend-screen,0,DIV Buit (Sense contingut)
Register.jsx,src/pages/auth/Register.jsx,216,,relative z-10 w-full max-w-xl mb-12,1,
Register.jsx,src/pages/auth/Register.jsx,221,,relative z-10 w-full max-w-xl bg-theme-base/80 backdrop-blur-xl border border-[var(--theme-accent-primary-muted)] rounded-[32px] p-8 flex gap-8 items-start shadow-2xl hover:-translate-y-1 transition-transform,2,
Register.jsx,src/pages/auth/Register.jsx,222,,w-24 h-24 shrink-0 rounded-full bg-[var(--theme-accent-primary-faint)] flex items-center justify-center shadow-inner overflow-hidden border-4 border-white dark:border-gray-800,1,
Register.jsx,src/pages/auth/Register.jsx,225,,flex-1 pt-2,2,
Register.jsx,src/pages/auth/Register.jsx,239,,w-full md:w-1/2 lg:w-[45%] flex-1 flex flex-col relative overflow-y-auto custom-scrollbar pb-12 md:pb-0,3,
Register.jsx,src/pages/auth/Register.jsx,242,,absolute top-0 left-0 right-0 h-2 bg-gradient-to-r from-[var(--theme-accent-secondary)] to-[var(--theme-accent-primary)] opacity-80 md:hidden,0,DIV Buit (Sense contingut)
Register.jsx,src/pages/auth/Register.jsx,244,,w-full flex-1 flex flex-col px-6 md:px-12 lg:px-20 pt-6 md:pt-12 pb-8 animate-in-up max-w-md md:max-w-2xl mx-auto md:justify-center relative,18,
Register.jsx,src/pages/auth/Register.jsx,247,,flex justify-center gap-1.5 mb-8 bg-theme-panel md:bg-transparent border border-[var(--border-master)] md:border-none p-1.5 md:p-0 rounded-full z-20 mx-auto,1,
Register.jsx,src/pages/auth/Register.jsx,262,,flex flex-col items-center pt-2 pb-6 md:pb-12 md:hidden,3,
Register.jsx,src/pages/auth/Register.jsx,266,,w-full bg-[var(--theme-accent-primary-faint)] border border-[var(--theme-accent-primary-muted)] rounded-2xl p-5 flex gap-5 items-start shadow-sm mt-4,2,
Register.jsx,src/pages/auth/Register.jsx,267,,w-16 h-16 shrink-0 rounded-full bg-[var(--theme-accent-primary-faint)] flex items-center justify-center shadow-inner overflow-hidden border border-[var(--theme-accent-primary-muted)],1,
Register.jsx,src/pages/auth/Register.jsx,270,,flex-1 pt-1,2,
Register.jsx,src/pages/auth/Register.jsx,283,,auth-error shake,1,
Register.jsx,src/pages/auth/Register.jsx,287,,mb-6 bg-blue-500/10 border border-blue-500/20 rounded-2xl p-4 flex gap-4 items-start shadow-sm mx-1 animate-in-up,2,
Register.jsx,src/pages/auth/Register.jsx,288,,w-10 h-10 shrink-0 bg-blue-500/20 rounded-full flex items-center justify-center text-blue-500,1,
Register.jsx,src/pages/auth/Register.jsx,291,,flex-1 pt-0.5,3,
Register.jsx,src/pages/auth/Register.jsx,297,,mt-3,1,
Register.jsx,src/pages/auth/Register.jsx,308,,flex flex-col gap-6 animate-fade-in-right shrink-0 pb-8,2,
Register.jsx,src/pages/auth/Register.jsx,327,,relative flex items-center justify-center py-2,2,
Register.jsx,src/pages/auth/Register.jsx,328,,absolute inset-0 flex items-center,1,
Register.jsx,src/pages/auth/Register.jsx,329,,w-full border-t border-[var(--border-master)],0,DIV Buit (Sense contingut)
Register.jsx,src/pages/auth/Register.jsx,334,,space-y-3,2,
Register.jsx,src/pages/auth/Register.jsx,355,,pt-2,1,
Register.jsx,src/pages/auth/Register.jsx,376,,flex flex-col gap-6 animate-fade-in-right flex-1,2,
Register.jsx,src/pages/auth/Register.jsx,377,,space-y-3,2,
Register.jsx,src/pages/auth/Register.jsx,386,,flex items-center gap-4,2,
Register.jsx,src/pages/auth/Register.jsx,387,,w-12 h-12 bg-theme-base shadow-sm border border-[var(--border-master)] rounded-2xl flex items-center justify-center shrink-0,1,
Register.jsx,src/pages/auth/Register.jsx,390,,flex flex-col items-start,1,
Register.jsx,src/pages/auth/Register.jsx,396,,bg-[var(--hover-overlay)] p-3 rounded-2xl text-gray-400,1,
Register.jsx,src/pages/auth/Register.jsx,402,,pt-4 flex gap-3,2,
Register.jsx,src/pages/auth/Register.jsx,426,,space-y-3,2,
Register.jsx,src/pages/auth/Register.jsx,428,,relative flex items-center,2,
Register.jsx,src/pages/auth/Register.jsx,429,,absolute left-5 font-bold text-gray-400 select-none text-xl,1,
Register.jsx,src/pages/auth/Register.jsx,455,,pt-4 flex gap-3,2,
Register.jsx,src/pages/auth/Register.jsx,492,,space-y-4,2,
Register.jsx,src/pages/auth/Register.jsx,493,,text-center space-y-1 mb-4,2,
Register.jsx,src/pages/auth/Register.jsx,513,,mt-auto pt-6 space-y-4,2,
Register.jsx,src/pages/auth/Register.jsx,529,,text-center pt-4 pb-2 space-y-4,2,
Register.jsx,src/pages/auth/Register.jsx,542,,,1,Wrapper Innecessari (1 fill, sense classes)
Register.jsx,src/pages/auth/Register.jsx,554,,text-center py-12 space-y-6 animate-in-up flex-1 flex flex-col items-center justify-center,3,
Register.jsx,src/pages/auth/Register.jsx,555,,w-32 h-32 bg-green-500/20 rounded-full flex items-center justify-center mx-auto mb-6 shadow-inner animate-pulse-soft,1,
Register.jsx,src/pages/auth/Register.jsx,566,,mt-8,3,
Register.jsx,src/pages/auth/Register.jsx,567,,text-center text-xs text-gray-400 mb-6 font-medium leading-relaxed px-4,3,
Register.jsx,src/pages/auth/Register.jsx,573,,text-center text-lg bg-theme-panel rounded-2xl p-4 border border-[var(--border-master)],3,
Register.jsx,src/pages/auth/Register.jsx,580,,text-center mt-6 text-gray-300 font-bold text-[10px] uppercase tracking-widest,1,
AgentDirectory.jsx,src/pages/community/AgentDirectory.jsx,30,,search-discover-page min-h-screen bg-theme-base overflow-y-auto,3,
AgentDirectory.jsx,src/pages/community/AgentDirectory.jsx,43,,flex-1 w-full pt-4 pb-32 pb-safe animate-in fade-in slide-in-from-bottom-4 duration-500,1,
AgentDirectory.jsx,src/pages/community/AgentDirectory.jsx,46,,flex flex-col items-center justify-center py-12 text-center text-theme-muted font-bold text-lg,1,
CommunityDirectory.jsx,src/pages/community/CommunityDirectory.jsx,64,,directory-page bg-theme-base min-h-screen,5,
CommunityDirectory.jsx,src/pages/community/CommunityDirectory.jsx,71,,h-16 flex items-center px-4 bg-theme-base border-b border-theme-border sticky top-0 z-30 gap-4,3,
CommunityDirectory.jsx,src/pages/community/CommunityDirectory.jsx,76,,flex-1 border-l border-theme-border/50 pl-4,2,
CommunityDirectory.jsx,src/pages/community/CommunityDirectory.jsx,82,,px-4 py-4 bg-theme-base border-b border-theme-border,1,
CommunityDirectory.jsx,src/pages/community/CommunityDirectory.jsx,83,,flex gap-2,2,
CommunityDirectory.jsx,src/pages/community/CommunityDirectory.jsx,103,,flex-1 w-full pt-6,1,
CommunityDirectory.jsx,src/pages/community/CommunityDirectory.jsx,106,,flex flex-col items-center justify-center p-12 opacity-50 bg-theme-panel/30 rounded-2xl border border-white/5 mx-auto max-w-sm mt-8,2,
Map.jsx,src/pages/community/Map.jsx,45,,flex flex-row items-center animate-bounce-slow hover:scale-110 transition-transform cursor-pointer relative -top-[40px] -left-[20px] pointer-events-auto w-max,2,
Map.jsx,src/pages/community/Map.jsx,71,,[Expressió Dinàmica],1,
Map.jsx,src/pages/community/Map.jsx,80,,[Expressió Dinàmica],1,
Map.jsx,src/pages/community/Map.jsx,85,,[Expressió Dinàmica],1,
Map.jsx,src/pages/community/Map.jsx,132,,absolute bottom-6 right-6 flex flex-col gap-3 z-[10],4,
Map.jsx,src/pages/community/Map.jsx,135,,flex flex-col gap-2 mb-2 bg-theme-panel rounded-[24px] p-2 shadow-[0_10px_40px_rgba(0;0;0;0.6)],3,
Map.jsx,src/pages/community/Map.jsx,144,,h-[1px] w-full bg-border-master opacity-30,0,DIV Buit (Sense contingut)
Map.jsx,src/pages/community/Map.jsx,281,,flex flex-col w-full,1,
Map.jsx,src/pages/community/Map.jsx,293,,map-content-area w-full max-w-[1600px] mx-auto p-0 md:p-8,1,
Map.jsx,src/pages/community/Map.jsx,294,,[Expressió Dinàmica],8,
Map.jsx,src/pages/community/Map.jsx,298,,absolute inset-0 z-0 map-container-custom,1,
Map.jsx,src/pages/community/Map.jsx,351,,text-center min-w-[140px] p-3 cursor-pointer bg-theme-panel rounded-[20px] transition-transform active:scale-95 shadow-xl border border-border-master,2,
Map.jsx,src/pages/community/Map.jsx,367,,w-full h-full flex flex-col items-center justify-center bg-theme-panel p-8 text-center decoration-none relative overflow-hidden,5,
Map.jsx,src/pages/community/Map.jsx,368,,absolute inset-0 bg-[radial-gradient(circle_at_center;rgba(249;115;22;0.05)_0%;transparent_70%)],0,DIV Buit (Sense contingut)
Map.jsx,src/pages/community/Map.jsx,374,,bg-theme-base p-5 rounded-[24px] shadow-[0_10px_40px_rgba(0;0;0;0.8)] border border-border-master w-full max-w-sm z-10 group transition-all,2,
Map.jsx,src/pages/community/Map.jsx,385,,absolute top-6 left-1/2 transform -translate-x-1/2 bg-[#F97316] text-white font-black px-6 py-3 rounded-[20px] shadow-[0_10px_40px_rgba(249;115;22;0.4)] z-[20] animate-pulse tracking-wide text-sm whitespace-nowrap border-none,1,
Map.jsx,src/pages/community/Map.jsx,391,,absolute top-6 left-6 flex gap-2 overflow-x-auto max-w-[calc(100%-80px)] pr-6 no-scrollbar z-[10] p-1 items-center,2,
Map.jsx,src/pages/community/Map.jsx,417,,fixed inset-0 z-[100] flex flex-col justify-end pointer-events-none p-4 md:p-8,2,
Map.jsx,src/pages/community/Map.jsx,418,,absolute inset-0 bg-black/40 backdrop-blur-sm pointer-events-auto,0,DIV Buit (Sense contingut)
Map.jsx,src/pages/community/Map.jsx,419,,relative bg-theme-panel w-full max-w-md mx-auto rounded-[32px] p-6 shadow-[0_20px_60px_rgba(0;0;0;0.6)] pointer-events-auto flex flex-col animate-slide-up-custom border border-border-master max-h-[80vh],3,
Map.jsx,src/pages/community/Map.jsx,420,,flex justify-between items-center mb-6,2,
Map.jsx,src/pages/community/Map.jsx,429,,flex-1 overflow-y-auto custom-scrollbar pb-4 space-y-2 pr-2,2,
Map.jsx,src/pages/community/Map.jsx,430,,flex gap-2 mb-4,2,
Map.jsx,src/pages/community/Map.jsx,457,,flex items-center gap-3,2,
Map.jsx,src/pages/community/Map.jsx,458,,[Expressió Dinàmica],1,
Map.jsx,src/pages/community/Map.jsx,465,,[Expressió Dinàmica],1,
Map.jsx,src/pages/community/Map.jsx,472,,pt-4 border-t border-border-master,1,
Map.jsx,src/pages/community/Map.jsx,487,,unified-feed-container w-full max-w-[1600px] mx-auto mt-6 px-4 md:px-8 bg-transparent,2,
Map.jsx,src/pages/community/Map.jsx,488,,py-4 flex items-center justify-between mb-2,2,
Map.jsx,src/pages/community/Map.jsx,499,,flex justify-center p-12,1,
Map.jsx,src/pages/community/Map.jsx,503,,bg-transparent pb-24,1,
MasterCalendar.jsx,src/pages/community/MasterCalendar.jsx,253,,flex-1 flex flex-col w-full h-full min-h-0,4,
MasterCalendar.jsx,src/pages/community/MasterCalendar.jsx,270,,flex-1 min-h-[600px] relative w-full mb-8 pt-2 max-w-[1500px] mx-auto px-0 md:px-8,1,
MasterCalendar.jsx,src/pages/community/MasterCalendar.jsx,301,,[Expressió Dinàmica],2,
MasterCalendar.jsx,src/pages/community/MasterCalendar.jsx,330,,unified-feed-container w-full max-w-[1600px] mx-auto mt-6 px-4 md:px-8 bg-transparent relative,6,
MasterCalendar.jsx,src/pages/community/MasterCalendar.jsx,331,,py-4 flex items-center justify-between mb-2,2,
MasterCalendar.jsx,src/pages/community/MasterCalendar.jsx,342,,flex gap-2 overflow-x-auto w-full no-scrollbar z-[10] pb-4 mb-2 items-center,2,
MasterCalendar.jsx,src/pages/community/MasterCalendar.jsx,368,,fixed inset-0 z-[100] flex flex-col justify-end pointer-events-none p-4 md:p-8,2,
MasterCalendar.jsx,src/pages/community/MasterCalendar.jsx,369,,absolute inset-0 bg-black/40 backdrop-blur-sm pointer-events-auto,0,DIV Buit (Sense contingut)
MasterCalendar.jsx,src/pages/community/MasterCalendar.jsx,370,,relative bg-theme-panel w-full max-w-md mx-auto rounded-[32px] p-6 shadow-[0_20px_60px_rgba(0;0;0;0.6)] pointer-events-auto flex flex-col animate-slide-up-custom border border-border-master max-h-[80vh],3,
MasterCalendar.jsx,src/pages/community/MasterCalendar.jsx,371,,flex justify-between items-center mb-6,2,
MasterCalendar.jsx,src/pages/community/MasterCalendar.jsx,380,,flex-1 overflow-y-auto custom-scrollbar pb-4 space-y-2 pr-2,2,
MasterCalendar.jsx,src/pages/community/MasterCalendar.jsx,381,,flex gap-2 mb-4,2,
MasterCalendar.jsx,src/pages/community/MasterCalendar.jsx,408,,flex items-center gap-3,2,
MasterCalendar.jsx,src/pages/community/MasterCalendar.jsx,409,,[Expressió Dinàmica],1,
MasterCalendar.jsx,src/pages/community/MasterCalendar.jsx,416,,[Expressió Dinàmica],1,
MasterCalendar.jsx,src/pages/community/MasterCalendar.jsx,423,,pt-4 border-t border-border-master,1,
MasterCalendar.jsx,src/pages/community/MasterCalendar.jsx,436,,flex justify-center p-12,1,
MasterCalendar.jsx,src/pages/community/MasterCalendar.jsx,440,,bg-transparent pb-24,1,
ProfileView.jsx,src/pages/community/ProfileView.jsx,429,,[Expressió Dinàmica],2,
ProfileView.jsx,src/pages/community/ProfileView.jsx,436,,[Expressió Dinàmica],4,
ProfileView.jsx,src/pages/community/ProfileView.jsx,439,,[Expressió Dinàmica],1,
ProfileView.jsx,src/pages/community/ProfileView.jsx,479,,flex flex-col w-full h-screen bg-theme-base overflow-hidden,7,
ProfileView.jsx,src/pages/community/ProfileView.jsx,487,,flex-1 w-full relative z-10 p-0 m-0 overflow-y-auto,1,
Towns.jsx,src/pages/community/Towns.jsx,55,,flex items-center justify-center w-full h-full,1,
Towns.jsx,src/pages/community/Towns.jsx,209,,towns-container,1,
Towns.jsx,src/pages/community/Towns.jsx,217,,towns-container,1,
Towns.jsx,src/pages/community/Towns.jsx,224,,flex-1 flex flex-col w-full min-h-0 towns-page-container,7,
Towns.jsx,src/pages/community/Towns.jsx,254,,flex-none w-full z-50 shadow-md bg-theme-base,1,
Towns.jsx,src/pages/community/Towns.jsx,273,,flex-none w-full bg-[#FF6D23]/10 dark:bg-[#FF6D23]/15 border-b border-[#FF6D23]/20 px-3 py-2 flex items-center justify-between gap-3 shadow-inner z-40,2,
Towns.jsx,src/pages/community/Towns.jsx,274,,flex items-center gap-2 flex-1 min-w-0 md:max-w-4xl mx-auto,2,
Towns.jsx,src/pages/community/Towns.jsx,292,,flex-1 overflow-y-scroll custom-scrollbar towns-content-area,3,
Towns.jsx,src/pages/community/Towns.jsx,335,,mt-3 mb-1 w-full flex justify-center,1,
Towns.jsx,src/pages/community/Towns.jsx,353,,col-span-full py-20 text-center opacity-50 font-black uppercase tracking-widest,2,
Towns.jsx,src/pages/community/Towns.jsx,368,,events-container,2,
Towns.jsx,src/pages/community/Towns.jsx,369,,calendar-widget-wrapper mb-6 bg-theme-panel p-4 md:p-6 rounded-[28px] border border-white/5 shadow-sm,3,
Towns.jsx,src/pages/community/Towns.jsx,370,,flex items-center justify-between mb-6 px-2,3,
Towns.jsx,src/pages/community/Towns.jsx,376,,grid grid-cols-7 gap-1 md:gap-2 text-center mb-3,1,
Towns.jsx,src/pages/community/Towns.jsx,378,,text-[12px] md:text-[14px] font-black opacity-50 mb-2,1,
Towns.jsx,src/pages/community/Towns.jsx,382,,grid grid-cols-7 gap-1 md:gap-2 text-center,4,
Towns.jsx,src/pages/community/Towns.jsx,384,,p-2 md:p-3,0,DIV Buit (Sense contingut)
Towns.jsx,src/pages/community/Towns.jsx,401,,absolute bottom-1 w-1.5 h-1.5 rounded-full bg-[var(--theme-accent-primary)],0,DIV Buit (Sense contingut)
Towns.jsx,src/pages/community/Towns.jsx,409,,empty-state-full py-10 text-center opacity-50,2,
Towns.jsx,src/pages/community/Towns.jsx,432,,event-description text-sm opacity-90,1,
Towns.jsx,src/pages/community/Towns.jsx,438,,event-tags flex gap-2 flex-wrap mt-2,1,
Towns.jsx,src/pages/community/Towns.jsx,464,,rhizome-essences animate-in,2,
Towns.jsx,src/pages/community/Towns.jsx,484,,px-4 py-3 flex justify-between items-center bg-black/20,2,
Towns.jsx,src/pages/community/Towns.jsx,506,,specs-box mt-2 p-3 bg-white/5 border border-white/10 rounded flex justify-between,2,
Towns.jsx,src/pages/community/Towns.jsx,507,,spec text-xs,2,
Towns.jsx,src/pages/community/Towns.jsx,510,,spec text-xs,2,
Towns.jsx,src/pages/community/Towns.jsx,524,,px-4 py-3 flex justify-between items-center bg-black/20,2,
Towns.jsx,src/pages/community/Towns.jsx,543,,stops-list flex flex-wrap gap-2 mt-2,1,
UsersDirectory.jsx,src/pages/community/UsersDirectory.jsx,69,,directory-page bg-theme-base min-h-screen pb-20,5,
UsersDirectory.jsx,src/pages/community/UsersDirectory.jsx,76,,h-16 flex items-center px-4 bg-theme-base border-b border-[var(--border-master)] sticky top-0 z-30,2,
UsersDirectory.jsx,src/pages/community/UsersDirectory.jsx,80,,flex-1,2,
UsersDirectory.jsx,src/pages/community/UsersDirectory.jsx,86,,px-4 py-4 bg-theme-base border-b border-theme-border,1,
UsersDirectory.jsx,src/pages/community/UsersDirectory.jsx,87,,flex items-center gap-2 p-3 bg-surface-var border border-theme-border/50 rounded-2xl,2,
UsersDirectory.jsx,src/pages/community/UsersDirectory.jsx,95,,flex-1 w-full pt-6,1,
UsersDirectory.jsx,src/pages/community/UsersDirectory.jsx,98,,flex flex-col items-center justify-center p-12 opacity-50 bg-theme-panel/30 rounded-2xl border border-white/5 mx-auto max-w-sm mt-8,2,
Archive.jsx,src/pages/features/Archive.jsx,135,,[Expressió Dinàmica],4,
Archive.jsx,src/pages/features/Archive.jsx,138,,p-6 border-b border-gray-900,3,
Archive.jsx,src/pages/features/Archive.jsx,139,,flex items-center gap-4 mb-4,2,
Archive.jsx,src/pages/features/Archive.jsx,146,,text-[10px] text-gray-500 uppercase font-bold tracking-widest flex items-center gap-2,2,
Archive.jsx,src/pages/features/Archive.jsx,152,,flex-1 p-4 space-y-6,2,
Archive.jsx,src/pages/features/Archive.jsx,153,,,2,Contenidor simple sense classes/id
Archive.jsx,src/pages/features/Archive.jsx,169,,flex items-center gap-3,2,
Archive.jsx,src/pages/features/Archive.jsx,183,,,2,Contenidor simple sense classes/id
Archive.jsx,src/pages/features/Archive.jsx,185,,flex flex-wrap gap-2 px-2,1,
Archive.jsx,src/pages/features/Archive.jsx,196,,flex items-center gap-3 text-gray-500,2,
Archive.jsx,src/pages/features/Archive.jsx,198,,text-[10px] font-bold uppercase leading-none,3,
Archive.jsx,src/pages/features/Archive.jsx,207,,flex-1 flex flex-col bg-black,2,
Archive.jsx,src/pages/features/Archive.jsx,208,,h-20 flex items-center justify-between px-6 border-b border-gray-900 bg-black/80 backdrop-blur sticky top-0 z-30,2,
Archive.jsx,src/pages/features/Archive.jsx,209,,flex-1 max-w-2xl relative,2,
Archive.jsx,src/pages/features/Archive.jsx,220,,flex items-center gap-2 ml-4,3,
Archive.jsx,src/pages/features/Archive.jsx,240,,flex-1 overflow-y-auto,1,
Archive.jsx,src/pages/features/Archive.jsx,245,,flex-isolated w-full h-full min-w-0 min-h-0,1,
Archive.jsx,src/pages/features/Archive.jsx,259,,col-span-full h-96 flex flex-col items-center justify-center text-gray-700 bg-gray-900/20 border-2 border-dashed border-gray-900,2,
BuscadorAjudes.jsx,src/pages/features/BuscadorAjudes.jsx,99,,subsidies-page animate-in,12,
BuscadorAjudes.jsx,src/pages/features/BuscadorAjudes.jsx,101,,sub-header glass-premium,3,
BuscadorAjudes.jsx,src/pages/features/BuscadorAjudes.jsx,105,,title-group,2,
BuscadorAjudes.jsx,src/pages/features/BuscadorAjudes.jsx,109,,badge-identity,2,
BuscadorAjudes.jsx,src/pages/features/BuscadorAjudes.jsx,115,,search-controls glass-premium,2,
BuscadorAjudes.jsx,src/pages/features/BuscadorAjudes.jsx,116,,search-input-wrapper,2,
BuscadorAjudes.jsx,src/pages/features/BuscadorAjudes.jsx,125,,filter-group,2,
BuscadorAjudes.jsx,src/pages/features/BuscadorAjudes.jsx,137,,section-header,2,
BuscadorAjudes.jsx,src/pages/features/BuscadorAjudes.jsx,138,,title-area,2,
BuscadorAjudes.jsx,src/pages/features/BuscadorAjudes.jsx,146,,prompts-scroll,2,
BuscadorAjudes.jsx,src/pages/features/BuscadorAjudes.jsx,147,,prompt-card mini-bento,3,
BuscadorAjudes.jsx,src/pages/features/BuscadorAjudes.jsx,148,,prompt-header,2,
BuscadorAjudes.jsx,src/pages/features/BuscadorAjudes.jsx,155,,prompt-card mini-bento disabled,3,
BuscadorAjudes.jsx,src/pages/features/BuscadorAjudes.jsx,156,,prompt-header,2,
BuscadorAjudes.jsx,src/pages/features/BuscadorAjudes.jsx,167,,sub-grid,1,
BuscadorAjudes.jsx,src/pages/features/BuscadorAjudes.jsx,170,,card-header,2,
BuscadorAjudes.jsx,src/pages/features/BuscadorAjudes.jsx,175,,card-body,4,
BuscadorAjudes.jsx,src/pages/features/BuscadorAjudes.jsx,177,,amount-highlight,1,
BuscadorAjudes.jsx,src/pages/features/BuscadorAjudes.jsx,180,,deadline-info,2,
BuscadorAjudes.jsx,src/pages/features/BuscadorAjudes.jsx,185,,card-actions,2,
BuscadorAjudes.jsx,src/pages/features/BuscadorAjudes.jsx,199,,modal-overlay,1,
BuscadorAjudes.jsx,src/pages/features/BuscadorAjudes.jsx,200,,modal-content glass-premium animate-in,2,
BuscadorAjudes.jsx,src/pages/features/BuscadorAjudes.jsx,201,,modal-header,3,
BuscadorAjudes.jsx,src/pages/features/BuscadorAjudes.jsx,207,,modal-body,1,
BuscadorAjudes.jsx,src/pages/features/BuscadorAjudes.jsx,208,,loading-iaia,2,
BuscadorAjudes.jsx,src/pages/features/BuscadorAjudes.jsx,217,,advice-modal-overlay animate-in,1,
BuscadorAjudes.jsx,src/pages/features/BuscadorAjudes.jsx,218,,advice-modal glass-premium shadow-2xl,3,
BuscadorAjudes.jsx,src/pages/features/BuscadorAjudes.jsx,219,,advice-header,2,
BuscadorAjudes.jsx,src/pages/features/BuscadorAjudes.jsx,220,,header-main,2,
BuscadorAjudes.jsx,src/pages/features/BuscadorAjudes.jsx,222,,,2,Contenidor simple sense classes/id
BuscadorAjudes.jsx,src/pages/features/BuscadorAjudes.jsx,230,,advice-body scrollbar-hide,3,
BuscadorAjudes.jsx,src/pages/features/BuscadorAjudes.jsx,231,,advice-box shadow-inner,1,
BuscadorAjudes.jsx,src/pages/features/BuscadorAjudes.jsx,232,,advice-content whitespace-pre-wrap,1,
BuscadorAjudes.jsx,src/pages/features/BuscadorAjudes.jsx,238,,advice-link-highlight glass-premium,2,
BuscadorAjudes.jsx,src/pages/features/BuscadorAjudes.jsx,239,,link-info,2,
BuscadorAjudes.jsx,src/pages/features/BuscadorAjudes.jsx,241,,,2,Contenidor simple sense classes/id
BuscadorAjudes.jsx,src/pages/features/BuscadorAjudes.jsx,257,,export-section,2,
BuscadorAjudes.jsx,src/pages/features/BuscadorAjudes.jsx,259,,export-grid,2,
CercaPage.jsx,src/pages/features/CercaPage.jsx,163,,search-discover-page min-h-screen bg-theme-bg flex flex-col,4,
CercaPage.jsx,src/pages/features/CercaPage.jsx,179,,filter-chips-container w-full overflow-x-auto no-scrollbar border-b border-[var(--theme-border)] bg-theme-bg sticky top-[60px] z-20 shadow-sm,1,
CercaPage.jsx,src/pages/features/CercaPage.jsx,180,,flex px-4 py-3 gap-2 min-w-full justify-start sm:justify-center w-max mx-auto,1,
CercaPage.jsx,src/pages/features/CercaPage.jsx,190,,w-[2px] h-6 bg-[var(--theme-border)] mx-1 self-center opacity-50 shrink-0,0,DIV Buit (Sense contingut)
CercaPage.jsx,src/pages/features/CercaPage.jsx,196,,search-content pt-4 flex-1 w-full max-w-4xl mx-auto px-4 pb-20,3,
CercaPage.jsx,src/pages/features/CercaPage.jsx,198,,search-loading flex flex-col items-center justify-center p-12 text-theme-muted,2,
CercaPage.jsx,src/pages/features/CercaPage.jsx,206,,intent-router-suggestion animate-in fade-in slide-in-from-top-4 mb-4,1,
CercaPage.jsx,src/pages/features/CercaPage.jsx,208,,universal-card bg-gradient-to-r from-orange-50 to-orange-100 dark:from-orange-900/30 dark:to-orange-800/30 border border-orange-200 dark:border-orange-800 p-4 rounded-3xl flex items-center gap-4 cursor-pointer hover:shadow-md transition-shadow,3,
CercaPage.jsx,src/pages/features/CercaPage.jsx,209,,w-12 h-12 rounded-full bg-orange-500/20 flex items-center justify-center shrink-0,1,
CercaPage.jsx,src/pages/features/CercaPage.jsx,212,,flex-1,2,
CercaPage.jsx,src/pages/features/CercaPage.jsx,219,,universal-card bg-gradient-to-r from-blue-50 to-blue-100 dark:from-blue-900/30 dark:to-blue-800/30 border border-blue-200 dark:border-blue-800 p-4 rounded-3xl flex items-center gap-4 cursor-pointer hover:shadow-md transition-shadow,3,
CercaPage.jsx,src/pages/features/CercaPage.jsx,220,,w-12 h-12 rounded-full bg-blue-500/20 flex items-center justify-center shrink-0,1,
CercaPage.jsx,src/pages/features/CercaPage.jsx,223,,flex-1,2,
CercaPage.jsx,src/pages/features/CercaPage.jsx,230,,universal-card bg-gradient-to-r from-emerald-50 to-emerald-100 dark:from-emerald-900/30 dark:to-emerald-800/30 border border-emerald-200 dark:border-emerald-800 p-4 rounded-3xl flex items-center gap-4 cursor-pointer hover:shadow-md transition-shadow,3,
CercaPage.jsx,src/pages/features/CercaPage.jsx,231,,w-12 h-12 rounded-full bg-emerald-500/20 flex items-center justify-center shrink-0,1,
CercaPage.jsx,src/pages/features/CercaPage.jsx,234,,flex-1,2,
CercaPage.jsx,src/pages/features/CercaPage.jsx,246,,semantic-insight-card bg-theme-panel rounded-[32px] p-5 shadow-sm border border-[var(--theme-border)] mb-6 animate-in fade-in slide-in-from-bottom-4,2,
CercaPage.jsx,src/pages/features/CercaPage.jsx,247,,flex items-center gap-3 mb-3,2,
CercaPage.jsx,src/pages/features/CercaPage.jsx,248,,w-10 h-10 rounded-full overflow-hidden shrink-0 border-2 border-yellow-400 shadow-[0_0_10px_rgba(250;204;21;0.5)],1,
CercaPage.jsx,src/pages/features/CercaPage.jsx,251,,flex-1,2,
CercaPage.jsx,src/pages/features/CercaPage.jsx,253,,text-[10px] bg-yellow-100 text-yellow-800 dark:bg-yellow-900/50 dark:text-yellow-400 font-bold px-2 py-0.5 rounded-full inline-block mt-0.5,1,
CercaPage.jsx,src/pages/features/CercaPage.jsx,262,,search-results-container flex flex-col gap-6,1,
CercaPage.jsx,src/pages/features/CercaPage.jsx,273,,bg-theme-card rounded-[24px] p-3 flex items-center gap-4 active:scale-[0.98] transition-transform select-none cursor-pointer shadow-sm hover:shadow-md border border-[var(--theme-border)],2,
CercaPage.jsx,src/pages/features/CercaPage.jsx,275,,flex flex-col flex-1 min-w-0,2,
CercaPage.jsx,src/pages/features/CercaPage.jsx,285,,bg-theme-card rounded-[24px] p-3 flex items-center gap-4 active:scale-[0.98] transition-transform select-none cursor-pointer shadow-sm hover:shadow-md border border-[var(--theme-border)],2,
CercaPage.jsx,src/pages/features/CercaPage.jsx,287,,flex flex-col flex-1 min-w-0,2,
CercaPage.jsx,src/pages/features/CercaPage.jsx,297,,bg-[var(--color-terracotta)] text-white rounded-[24px] p-4 flex items-center gap-4 active:scale-[0.98] transition-transform select-none cursor-pointer shadow-sm hover:shadow-md hover:brightness-110,2,
CercaPage.jsx,src/pages/features/CercaPage.jsx,298,,w-[48px] h-[48px] rounded-full bg-white/20 flex items-center justify-center shrink-0,1,
CercaPage.jsx,src/pages/features/CercaPage.jsx,301,,flex flex-col flex-1 min-w-0,2,
CercaPage.jsx,src/pages/features/CercaPage.jsx,311,,bg-theme-card rounded-[24px] p-3 flex items-center gap-4 active:scale-[0.98] transition-transform select-none cursor-pointer shadow-sm hover:shadow-md border border-[var(--theme-border)],2,
CercaPage.jsx,src/pages/features/CercaPage.jsx,313,,flex flex-col flex-1 min-w-0,2,
CercaPage.jsx,src/pages/features/CercaPage.jsx,323,,bg-theme-panel rounded-[24px] p-4 flex items-start gap-4 active:scale-[0.98] transition-transform select-none cursor-pointer shadow-sm hover:shadow-md border border-[var(--theme-border)],2,
CercaPage.jsx,src/pages/features/CercaPage.jsx,324,,w-12 h-12 rounded-full bg-[var(--color-orange-vibrant)]/10 text-[var(--color-orange-vibrant)] flex items-center justify-center shrink-0,1,
CercaPage.jsx,src/pages/features/CercaPage.jsx,327,,flex flex-col flex-1 min-w-0 pt-1,2,
CercaPage.jsx,src/pages/features/CercaPage.jsx,342,,flex items-center justify-between mb-3 px-2,2,
CercaPage.jsx,src/pages/features/CercaPage.jsx,349,,flex flex-col gap-2,1,
CercaPage.jsx,src/pages/features/CercaPage.jsx,359,,flex flex-col items-center justify-center text-center p-12 bg-theme-panel rounded-[32px] border border-[var(--theme-border)] mt-8 animate-in fade-in,4,
CercaPage.jsx,src/pages/features/CercaPage.jsx,375,,empty-state-suggestions mt-8 pb-12 animate-in fade-in slide-in-from-bottom-4 duration-500,2,
CercaPage.jsx,src/pages/features/CercaPage.jsx,376,,mb-8,2,
CercaPage.jsx,src/pages/features/CercaPage.jsx,378,,flex flex-wrap gap-2,1,
CercaPage.jsx,src/pages/features/CercaPage.jsx,388,,grid grid-cols-1 md:grid-cols-2 gap-4,2,
CercaPage.jsx,src/pages/features/CercaPage.jsx,393,,absolute inset-0 translate-x-[-100%] group-hover:animate-[shimmer_2s_infinite] bg-gradient-to-r from-transparent via-[var(--theme-text)]/5 to-transparent skew-x-12,0,DIV Buit (Sense contingut)
CercaPage.jsx,src/pages/features/CercaPage.jsx,394,,w-20 h-20 sm:w-24 sm:h-24 rounded-full flex-shrink-0 relative shadow-md group-hover:scale-105 transition-transform duration-500 overflow-hidden bg-theme-surface,1,
CercaPage.jsx,src/pages/features/CercaPage.jsx,397,,flex-1 min-w-0,2,
CercaPage.jsx,src/pages/features/CercaPage.jsx,409,,absolute inset-0 translate-x-[-100%] group-hover:animate-[shimmer_2s_infinite] bg-gradient-to-r from-transparent via-[var(--theme-text)]/5 to-transparent skew-x-12,0,DIV Buit (Sense contingut)
CercaPage.jsx,src/pages/features/CercaPage.jsx,410,,w-20 h-20 sm:w-24 sm:h-24 rounded-full flex-shrink-0 relative shadow-md bg-gradient-to-br from-blue-500 to-indigo-600 flex items-center justify-center text-white group-hover:scale-105 transition-transform duration-500,1,
CercaPage.jsx,src/pages/features/CercaPage.jsx,413,,flex-1 min-w-0,2,
ConnectarPage.jsx,src/pages/features/ConnectarPage.jsx,49,,flex flex-col h-full w-full bg-theme-base animate-in fade-in relative z-10,3,
ConnectarPage.jsx,src/pages/features/ConnectarPage.jsx,51,,relative z-10 bg-[var(--theme-accent-primary)] w-full h-[56px] min-h-[56px] flex items-center px-4 shadow-md text-white,2,
ConnectarPage.jsx,src/pages/features/ConnectarPage.jsx,63,,flex-1 overflow-y-auto no-scrollbar w-full max-w-3xl mx-auto px-4 md:px-8 pt-6 pb-32,12,
ConnectarPage.jsx,src/pages/features/ConnectarPage.jsx,67,,mb-8 p-4 bg-[#F97316]/10 border-2 border-[#F97316]/30 rounded-[20px] flex items-start gap-4 animate-pulse-subtle,2,
ConnectarPage.jsx,src/pages/features/ConnectarPage.jsx,68,,bg-[#F97316] p-2 rounded-full text-white shrink-0 mt-1,1,
ConnectarPage.jsx,src/pages/features/ConnectarPage.jsx,71,,,2,Contenidor simple sense classes/id
ConnectarPage.jsx,src/pages/features/ConnectarPage.jsx,81,,text-center mb-10 mt-4,3,
ConnectarPage.jsx,src/pages/features/ConnectarPage.jsx,82,,inline-flex items-center justify-center w-20 h-20 bg-[var(--theme-accent-primary)]/10 text-[var(--theme-accent-primary)] rounded-[28px] mb-6 shadow-[-4px_4px_15px_rgba(255;107;0;0.2)],1,
ConnectarPage.jsx,src/pages/features/ConnectarPage.jsx,95,,bg-white/5 dark:bg-black/20 p-1.5 rounded-[24px] border border-white/10 flex items-center relative overflow-hidden shadow-inner,6,
ConnectarPage.jsx,src/pages/features/ConnectarPage.jsx,97,,absolute top-1.5 bottom-1.5 w-[calc(50%-6px)] bg-[var(--theme-accent-primary)] rounded-[20px] transition-transform duration-300 ease-out-expo shadow-[0_2px_10px_rgba(249;115;22;0.4)],0,DIV Buit (Sense contingut)
ConnectarPage.jsx,src/pages/features/ConnectarPage.jsx,129,,flex items-center justify-between mx-2 mb-4,2,
ConnectarPage.jsx,src/pages/features/ConnectarPage.jsx,136,,grid grid-cols-2 lg:grid-cols-4 gap-3 md:gap-4,1,
ConnectarPage.jsx,src/pages/features/ConnectarPage.jsx,149,,text-center,2,
ConnectarPage.jsx,src/pages/features/ConnectarPage.jsx,154,,absolute top-3 right-3 text-[var(--theme-accent-primary)] animate-in zoom-in duration-300,1,
ConnectarPage.jsx,src/pages/features/ConnectarPage.jsx,165,,flex items-start gap-4 mb-6,2,
ConnectarPage.jsx,src/pages/features/ConnectarPage.jsx,166,,bg-[#E44BCA] p-2.5 rounded-[12px] text-white shadow-[-2px_2px_10px_rgba(228;75;202;0.3)],1,
ConnectarPage.jsx,src/pages/features/ConnectarPage.jsx,169,,flex-1,2,
ConnectarPage.jsx,src/pages/features/ConnectarPage.jsx,175,,flex flex-wrap gap-2 mb-6,1,
ConnectarPage.jsx,src/pages/features/ConnectarPage.jsx,192,,flex items-center gap-3 bg-white/5 dark:bg-black/20 p-2 pl-4 rounded-full border border-white/10 focus-within:border-[var(--theme-accent-primary)]/50 transition-colors,3,
ConnectarPage.jsx,src/pages/features/ConnectarPage.jsx,214,,mt-4 pt-4 border-t border-white/5 flex flex-wrap gap-2,1,
ConnectarPage.jsx,src/pages/features/ConnectarPage.jsx,216,,flex items-center gap-2 bg-[var(--theme-accent-primary)]/10 text-[var(--theme-accent-primary)] px-3 py-1.5 rounded-full text-sm font-bold,2,
ConnectarPage.jsx,src/pages/features/ConnectarPage.jsx,228,,flex flex-col items-center justify-center pt-4,2,
ConnectarPage.jsx,src/pages/features/ConnectarPage.jsx,262,,absolute inset-0 bg-white/20 translate-y-full group-hover:translate-y-0 transition-transform duration-300 ease-out-expo,0,DIV Buit (Sense contingut)
DesignSystem.jsx,src/pages/features/DesignSystem.jsx,32,,universal-content w-full sosp-design-system max-w-5xl mx-auto p-6 pb-24,146,
DesignSystem.jsx,src/pages/features/DesignSystem.jsx,34,,sosp-alert sosp-alert-info mb-8,2,
DesignSystem.jsx,src/pages/features/DesignSystem.jsx,36,,,2,Contenidor simple sense classes/id
DesignSystem.jsx,src/pages/features/DesignSystem.jsx,42,,mb-12 flex gap-4 text-sm text-stone-500 border-b-2 border-stone-300 pb-6 justify-center,4,
DesignSystem.jsx,src/pages/features/DesignSystem.jsx,58,,grid grid-cols-1 sm:grid-cols-2 lg:grid-cols-4 gap-6 my-8 notranslate,8,
DesignSystem.jsx,src/pages/features/DesignSystem.jsx,60,,flex flex-col gap-2,2,
DesignSystem.jsx,src/pages/features/DesignSystem.jsx,61,,bg-[#f97316] text-white rounded-3xl p-5 flex flex-col items-center justify-center text-center h-40 shadow-sm border border-black/5,2,
DesignSystem.jsx,src/pages/features/DesignSystem.jsx,65,,flex w-full h-8 rounded-full overflow-hidden border border-black/5,1,
DesignSystem.jsx,src/pages/features/DesignSystem.jsx,67,,[Expressió Dinàmica],0,DIV Buit (Sense contingut)
DesignSystem.jsx,src/pages/features/DesignSystem.jsx,73,,flex flex-col gap-2,2,
DesignSystem.jsx,src/pages/features/DesignSystem.jsx,74,,bg-[#0984E3] text-white rounded-3xl p-5 flex flex-col items-center justify-center text-center h-40 shadow-sm border border-black/5,2,
DesignSystem.jsx,src/pages/features/DesignSystem.jsx,78,,flex w-full h-8 rounded-full overflow-hidden border border-black/5,1,
DesignSystem.jsx,src/pages/features/DesignSystem.jsx,80,,[Expressió Dinàmica],0,DIV Buit (Sense contingut)
DesignSystem.jsx,src/pages/features/DesignSystem.jsx,86,,flex flex-col gap-2,2,
DesignSystem.jsx,src/pages/features/DesignSystem.jsx,87,,bg-[#ffffff] text-[#0e0e10] rounded-3xl p-5 flex flex-col items-center justify-center text-center h-40 shadow-sm border border-black/10,2,
DesignSystem.jsx,src/pages/features/DesignSystem.jsx,91,,flex w-full h-8 rounded-full overflow-hidden border border-black/10,1,
DesignSystem.jsx,src/pages/features/DesignSystem.jsx,93,,[Expressió Dinàmica],0,DIV Buit (Sense contingut)
DesignSystem.jsx,src/pages/features/DesignSystem.jsx,99,,flex flex-col gap-2,2,
DesignSystem.jsx,src/pages/features/DesignSystem.jsx,100,,bg-[#0e0e10] text-white rounded-3xl p-5 flex flex-col items-center justify-center text-center h-40 shadow-sm border border-white/10,2,
DesignSystem.jsx,src/pages/features/DesignSystem.jsx,104,,flex w-full h-8 rounded-full overflow-hidden border border-white/20,1,
DesignSystem.jsx,src/pages/features/DesignSystem.jsx,106,,[Expressió Dinàmica],0,DIV Buit (Sense contingut)
DesignSystem.jsx,src/pages/features/DesignSystem.jsx,113,,grid grid-cols-2 md:grid-cols-4 gap-4 mb-8,4,
DesignSystem.jsx,src/pages/features/DesignSystem.jsx,114,,sosp-card overflow-hidden,2,
DesignSystem.jsx,src/pages/features/DesignSystem.jsx,115,,h-20 bg-[#87CEEB] rounded-t,0,DIV Buit (Sense contingut)
DesignSystem.jsx,src/pages/features/DesignSystem.jsx,116,,p-3 bg-white border-t-0 rounded-b,3,
DesignSystem.jsx,src/pages/features/DesignSystem.jsx,122,,sosp-card overflow-hidden,2,
DesignSystem.jsx,src/pages/features/DesignSystem.jsx,123,,h-20 bg-[#DC2626] rounded-t,0,DIV Buit (Sense contingut)
DesignSystem.jsx,src/pages/features/DesignSystem.jsx,124,,p-3 bg-white border-t-0 rounded-b,3,
DesignSystem.jsx,src/pages/features/DesignSystem.jsx,130,,sosp-card overflow-hidden,2,
DesignSystem.jsx,src/pages/features/DesignSystem.jsx,131,,h-20 bg-[#F59E0B] rounded-t,0,DIV Buit (Sense contingut)
DesignSystem.jsx,src/pages/features/DesignSystem.jsx,132,,p-3 bg-white border-t-0 rounded-b,3,
DesignSystem.jsx,src/pages/features/DesignSystem.jsx,138,,sosp-card overflow-hidden,2,
DesignSystem.jsx,src/pages/features/DesignSystem.jsx,139,,h-20 bg-[#16A34A] rounded-t,0,DIV Buit (Sense contingut)
DesignSystem.jsx,src/pages/features/DesignSystem.jsx,140,,p-3 bg-white border-t-0 rounded-b,3,
DesignSystem.jsx,src/pages/features/DesignSystem.jsx,149,,grid grid-cols-2 md:grid-cols-4 gap-4 mb-8,1,
DesignSystem.jsx,src/pages/features/DesignSystem.jsx,163,,sosp-card overflow-hidden border border-gray-200,2,
DesignSystem.jsx,src/pages/features/DesignSystem.jsx,164,,[Expressió Dinàmica],0,DIV Buit (Sense contingut)
DesignSystem.jsx,src/pages/features/DesignSystem.jsx,165,,p-3 bg-white border-t-0 rounded-b,2,
DesignSystem.jsx,src/pages/features/DesignSystem.jsx,180,,sosp-card p-6 mb-6 bg-white,2,
DesignSystem.jsx,src/pages/features/DesignSystem.jsx,183,,app-cms-content border border-stone-200 p-8 rounded-xl bg-[var(--bg-panel)] relative overflow-hidden,16,
DesignSystem.jsx,src/pages/features/DesignSystem.jsx,236,,sosp-card p-6 mb-6,1,
DesignSystem.jsx,src/pages/features/DesignSystem.jsx,237,,space-y-3,1,
DesignSystem.jsx,src/pages/features/DesignSystem.jsx,239,,flex items-center gap-4,2,
DesignSystem.jsx,src/pages/features/DesignSystem.jsx,240,,h-4 bg-[#f97316] rounded,0,DIV Buit (Sense contingut)
DesignSystem.jsx,src/pages/features/DesignSystem.jsx,248,,grid grid-cols-1 md:grid-cols-2 lg:grid-cols-3 gap-4 mb-6,3,
DesignSystem.jsx,src/pages/features/DesignSystem.jsx,249,,bg-stone-200 p-4 rounded text-center text-sm text-stone-600,1,
DesignSystem.jsx,src/pages/features/DesignSystem.jsx,250,,bg-stone-200 p-4 rounded text-center text-sm text-stone-600,1,
DesignSystem.jsx,src/pages/features/DesignSystem.jsx,251,,bg-stone-200 p-4 rounded text-center text-sm text-stone-600,1,
DesignSystem.jsx,src/pages/features/DesignSystem.jsx,262,,flex flex-wrap gap-4 mb-8,7,
DesignSystem.jsx,src/pages/features/DesignSystem.jsx,273,,flex flex-wrap items-center gap-4 mb-8,3,
DesignSystem.jsx,src/pages/features/DesignSystem.jsx,280,,flex flex-wrap gap-4 mb-8,3,
DesignSystem.jsx,src/pages/features/DesignSystem.jsx,284,,sosp-spinner sosp-spinner-sm,0,DIV Buit (Sense contingut)
DesignSystem.jsx,src/pages/features/DesignSystem.jsx,290,,flex flex-wrap gap-4,2,
DesignSystem.jsx,src/pages/features/DesignSystem.jsx,306,,sosp-card p-6 space-y-6 max-w-xl,7,
DesignSystem.jsx,src/pages/features/DesignSystem.jsx,307,,,2,Contenidor simple sense classes/id
DesignSystem.jsx,src/pages/features/DesignSystem.jsx,317,,,2,Contenidor simple sense classes/id
DesignSystem.jsx,src/pages/features/DesignSystem.jsx,326,,,2,Contenidor simple sense classes/id
DesignSystem.jsx,src/pages/features/DesignSystem.jsx,336,,flex items-start gap-2,2,
DesignSystem.jsx,src/pages/features/DesignSystem.jsx,343,,flex items-center gap-4,2,
DesignSystem.jsx,src/pages/features/DesignSystem.jsx,354,,,3,Contenidor simple sense classes/id
DesignSystem.jsx,src/pages/features/DesignSystem.jsx,364,,,2,Contenidor simple sense classes/id
DesignSystem.jsx,src/pages/features/DesignSystem.jsx,382,,grid grid-cols-1 md:grid-cols-2 gap-6 mb-8,8,
DesignSystem.jsx,src/pages/features/DesignSystem.jsx,385,,p-6,2,
DesignSystem.jsx,src/pages/features/DesignSystem.jsx,396,,bg-[#f97316] p-4,1,
DesignSystem.jsx,src/pages/features/DesignSystem.jsx,399,,p-6,1,
DesignSystem.jsx,src/pages/features/DesignSystem.jsx,408,,p-6,2,
DesignSystem.jsx,src/pages/features/DesignSystem.jsx,414,,p-4 border-t border-stone-200 flex gap-2 justify-end,2,
DesignSystem.jsx,src/pages/features/DesignSystem.jsx,422,,p-6,2,
DesignSystem.jsx,src/pages/features/DesignSystem.jsx,423,,flex items-center gap-2 mb-2,2,
DesignSystem.jsx,src/pages/features/DesignSystem.jsx,442,,space-y-4 mb-8,4,
DesignSystem.jsx,src/pages/features/DesignSystem.jsx,443,,sosp-alert sosp-alert-info,2,
DesignSystem.jsx,src/pages/features/DesignSystem.jsx,445,,,2,Contenidor simple sense classes/id
DesignSystem.jsx,src/pages/features/DesignSystem.jsx,451,,sosp-alert sosp-alert-success,2,
DesignSystem.jsx,src/pages/features/DesignSystem.jsx,453,,,2,Contenidor simple sense classes/id
DesignSystem.jsx,src/pages/features/DesignSystem.jsx,459,,sosp-alert sosp-alert-warning,2,
DesignSystem.jsx,src/pages/features/DesignSystem.jsx,461,,,2,Contenidor simple sense classes/id
DesignSystem.jsx,src/pages/features/DesignSystem.jsx,467,,sosp-alert sosp-alert-error,2,
DesignSystem.jsx,src/pages/features/DesignSystem.jsx,469,,,2,Contenidor simple sense classes/id
DesignSystem.jsx,src/pages/features/DesignSystem.jsx,483,,flex flex-wrap gap-3 mb-8,6,
DesignSystem.jsx,src/pages/features/DesignSystem.jsx,493,,flex flex-wrap gap-2,5,
DesignSystem.jsx,src/pages/features/DesignSystem.jsx,508,,overflow-x-auto,1,
DesignSystem.jsx,src/pages/features/DesignSystem.jsx,552,,overflow-x-auto,1,
DesignSystem.jsx,src/pages/features/DesignSystem.jsx,578,,flex items-center justify-between,1,
DesignSystem.jsx,src/pages/features/DesignSystem.jsx,579,,flex items-center gap-6,2,
DesignSystem.jsx,src/pages/features/DesignSystem.jsx,581,,flex gap-4,3,
DesignSystem.jsx,src/pages/features/DesignSystem.jsx,608,,relative h-64 bg-stone-200 rounded p-4 mb-8,2,
DesignSystem.jsx,src/pages/features/DesignSystem.jsx,610,,absolute inset-0 flex items-center justify-center bg-black/50 rounded overflow-hidden,1,
DesignSystem.jsx,src/pages/features/DesignSystem.jsx,611,,bg-white rounded-lg shadow-xl max-w-md w-full mx-4,1,
DesignSystem.jsx,src/pages/features/DesignSystem.jsx,612,,p-6,3,
DesignSystem.jsx,src/pages/features/DesignSystem.jsx,619,,flex gap-3 justify-end,2,
DesignSystem.jsx,src/pages/features/DesignSystem.jsx,635,,flex flex-wrap gap-8 items-center mb-8,3,
DesignSystem.jsx,src/pages/features/DesignSystem.jsx,636,,text-center,2,
DesignSystem.jsx,src/pages/features/DesignSystem.jsx,637,,sosp-spinner sosp-spinner-sm,0,DIV Buit (Sense contingut)
DesignSystem.jsx,src/pages/features/DesignSystem.jsx,640,,text-center,2,
DesignSystem.jsx,src/pages/features/DesignSystem.jsx,641,,sosp-spinner,0,DIV Buit (Sense contingut)
DesignSystem.jsx,src/pages/features/DesignSystem.jsx,644,,text-center,2,
DesignSystem.jsx,src/pages/features/DesignSystem.jsx,645,,sosp-spinner sosp-spinner-lg,0,DIV Buit (Sense contingut)
DesignSystem.jsx,src/pages/features/DesignSystem.jsx,651,,sosp-card p-6 max-w-sm,4,
DesignSystem.jsx,src/pages/features/DesignSystem.jsx,652,,sosp-skeleton sosp-skeleton-circle w-12 h-12 mb-4,0,DIV Buit (Sense contingut)
DesignSystem.jsx,src/pages/features/DesignSystem.jsx,653,,sosp-skeleton w-3/4 h-4 mb-2,0,DIV Buit (Sense contingut)
DesignSystem.jsx,src/pages/features/DesignSystem.jsx,654,,sosp-skeleton w-full h-3 mb-2,0,DIV Buit (Sense contingut)
DesignSystem.jsx,src/pages/features/DesignSystem.jsx,655,,sosp-skeleton w-5/6 h-3,0,DIV Buit (Sense contingut)
DesignSystem.jsx,src/pages/features/DesignSystem.jsx,665,,flex flex-wrap gap-6 items-end mb-8,5,
DesignSystem.jsx,src/pages/features/DesignSystem.jsx,666,,text-center,2,
DesignSystem.jsx,src/pages/features/DesignSystem.jsx,667,,sosp-avatar sosp-avatar-xs,1,
DesignSystem.jsx,src/pages/features/DesignSystem.jsx,670,,text-center,2,
DesignSystem.jsx,src/pages/features/DesignSystem.jsx,671,,sosp-avatar sosp-avatar-sm,1,
DesignSystem.jsx,src/pages/features/DesignSystem.jsx,674,,text-center,2,
DesignSystem.jsx,src/pages/features/DesignSystem.jsx,675,,sosp-avatar sosp-avatar-md,1,
DesignSystem.jsx,src/pages/features/DesignSystem.jsx,678,,text-center,2,
DesignSystem.jsx,src/pages/features/DesignSystem.jsx,679,,sosp-avatar sosp-avatar-lg,1,
DesignSystem.jsx,src/pages/features/DesignSystem.jsx,682,,text-center,2,
DesignSystem.jsx,src/pages/features/DesignSystem.jsx,683,,sosp-avatar sosp-avatar-xl,1,
DesignSystem.jsx,src/pages/features/DesignSystem.jsx,695,,sosp-card divide-y divide-stone-200,2,
DesignSystem.jsx,src/pages/features/DesignSystem.jsx,725,,sosp-card overflow-hidden,2,
DesignSystem.jsx,src/pages/features/DesignSystem.jsx,726,,flex border-b border-stone-200 overflow-x-auto,4,
DesignSystem.jsx,src/pages/features/DesignSystem.jsx,732,,p-6,1,
DesignSystem.jsx,src/pages/features/DesignSystem.jsx,747,,space-y-6 max-w-xl,2,
DesignSystem.jsx,src/pages/features/DesignSystem.jsx,748,,,2,Contenidor simple sense classes/id
DesignSystem.jsx,src/pages/features/DesignSystem.jsx,749,,flex justify-between mb-1,2,
DesignSystem.jsx,src/pages/features/DesignSystem.jsx,753,,sosp-progress-bar,1,
DesignSystem.jsx,src/pages/features/DesignSystem.jsx,754,,sosp-progress-fill,0,DIV Buit (Sense contingut)
DesignSystem.jsx,src/pages/features/DesignSystem.jsx,757,,,2,Contenidor simple sense classes/id
DesignSystem.jsx,src/pages/features/DesignSystem.jsx,758,,flex justify-between mb-1,2,
DesignSystem.jsx,src/pages/features/DesignSystem.jsx,762,,sosp-progress-bar,1,
DesignSystem.jsx,src/pages/features/DesignSystem.jsx,763,,sosp-progress-fill bg-[#2D5A3D],0,DIV Buit (Sense contingut)
DesignSystem.jsx,src/pages/features/DesignSystem.jsx,775,,flex gap-8 items-center h-24,2,
DesignSystem.jsx,src/pages/features/DesignSystem.jsx,776,,sosp-tooltip-container,2,
DesignSystem.jsx,src/pages/features/DesignSystem.jsx,780,,sosp-tooltip-container,2,
DesignSystem.jsx,src/pages/features/DesignSystem.jsx,795,,grid grid-cols-1 md:grid-cols-2 gap-8,2,
DesignSystem.jsx,src/pages/features/DesignSystem.jsx,796,,,2,Contenidor simple sense classes/id
DesignSystem.jsx,src/pages/features/DesignSystem.jsx,805,,,2,Contenidor simple sense classes/id
DesignSystem.jsx,src/pages/features/DesignSystem.jsx,822,,space-y-8,5,
DesignSystem.jsx,src/pages/features/DesignSystem.jsx,823,,,2,Contenidor simple sense classes/id
DesignSystem.jsx,src/pages/features/DesignSystem.jsx,827,,,2,Contenidor simple sense classes/id
DesignSystem.jsx,src/pages/features/DesignSystem.jsx,829,,sosp-divisor-amb-etiqueta,3,
DesignSystem.jsx,src/pages/features/DesignSystem.jsx,835,,,2,Contenidor simple sense classes/id
DesignSystem.jsx,src/pages/features/DesignSystem.jsx,839,,,2,Contenidor simple sense classes/id
DesignSystem.jsx,src/pages/features/DesignSystem.jsx,843,,,2,Contenidor simple sense classes/id
DesignSystem.jsx,src/pages/features/DesignSystem.jsx,845,,sosp-salt-pagina,0,DIV Buit (Sense contingut)
DesignSystem.jsx,src/pages/features/DesignSystem.jsx,856,,space-y-8 max-w-xl,5,
DesignSystem.jsx,src/pages/features/DesignSystem.jsx,857,,,2,Contenidor simple sense classes/id
DesignSystem.jsx,src/pages/features/DesignSystem.jsx,859,,sosp-progres,1,
DesignSystem.jsx,src/pages/features/DesignSystem.jsx,860,,sosp-progres-barra,0,DIV Buit (Sense contingut)
DesignSystem.jsx,src/pages/features/DesignSystem.jsx,864,,,2,Contenidor simple sense classes/id
DesignSystem.jsx,src/pages/features/DesignSystem.jsx,866,,sosp-progres sosp-progres-amb-etiqueta,2,
DesignSystem.jsx,src/pages/features/DesignSystem.jsx,867,,sosp-progres-cap,2,
DesignSystem.jsx,src/pages/features/DesignSystem.jsx,871,,sosp-progres-barra-fons,1,
DesignSystem.jsx,src/pages/features/DesignSystem.jsx,872,,sosp-progres-barra,0,DIV Buit (Sense contingut)
DesignSystem.jsx,src/pages/features/DesignSystem.jsx,877,,,2,Contenidor simple sense classes/id
DesignSystem.jsx,src/pages/features/DesignSystem.jsx,879,,sosp-progres-pasos,5,
DesignSystem.jsx,src/pages/features/DesignSystem.jsx,880,,sosp-pas sosp-pas-completat,2,
DesignSystem.jsx,src/pages/features/DesignSystem.jsx,884,,sosp-pas-connector sosp-pas-connector-completat,0,DIV Buit (Sense contingut)
DesignSystem.jsx,src/pages/features/DesignSystem.jsx,885,,sosp-pas sosp-pas-completat,2,
DesignSystem.jsx,src/pages/features/DesignSystem.jsx,889,,sosp-pas-connector,0,DIV Buit (Sense contingut)
DesignSystem.jsx,src/pages/features/DesignSystem.jsx,890,,sosp-pas sosp-pas-actiu,2,
DesignSystem.jsx,src/pages/features/DesignSystem.jsx,897,,,2,Contenidor simple sense classes/id
DesignSystem.jsx,src/pages/features/DesignSystem.jsx,899,,sosp-spinner,1,
DesignSystem.jsx,src/pages/features/DesignSystem.jsx,900,,sosp-spinner-cercle,0,DIV Buit (Sense contingut)
DesignSystem.jsx,src/pages/features/DesignSystem.jsx,904,,,2,Contenidor simple sense classes/id
DesignSystem.jsx,src/pages/features/DesignSystem.jsx,906,,sosp-skeleton,3,
DesignSystem.jsx,src/pages/features/DesignSystem.jsx,907,,sosp-skeleton-linia sosp-skeleton-linia-curta,0,DIV Buit (Sense contingut)
DesignSystem.jsx,src/pages/features/DesignSystem.jsx,908,,sosp-skeleton-linia,0,DIV Buit (Sense contingut)
DesignSystem.jsx,src/pages/features/DesignSystem.jsx,909,,sosp-skeleton-linia sosp-skeleton-linia-mitja,0,DIV Buit (Sense contingut)
DesignSystem.jsx,src/pages/features/DesignSystem.jsx,921,,space-y-8,3,
DesignSystem.jsx,src/pages/features/DesignSystem.jsx,922,,,2,Contenidor simple sense classes/id
DesignSystem.jsx,src/pages/features/DesignSystem.jsx,924,,sosp-galeria,3,
DesignSystem.jsx,src/pages/features/DesignSystem.jsx,940,,,2,Contenidor simple sense classes/id
DesignSystem.jsx,src/pages/features/DesignSystem.jsx,942,,sosp-galeria sosp-galeria-masonry,3,
DesignSystem.jsx,src/pages/features/DesignSystem.jsx,958,,,2,Contenidor simple sense classes/id
DesignSystem.jsx,src/pages/features/DesignSystem.jsx,960,,sosp-carrousel,2,
DesignSystem.jsx,src/pages/features/DesignSystem.jsx,961,,sosp-carrousel-visualitzador,1,
DesignSystem.jsx,src/pages/features/DesignSystem.jsx,967,,sosp-carrousel-controls,3,
DesignSystem.jsx,src/pages/features/DesignSystem.jsx,969,,sosp-carrousel-indicadors,3,
DesignSystem.jsx,src/pages/features/DesignSystem.jsx,987,,space-y-8,2,
DesignSystem.jsx,src/pages/features/DesignSystem.jsx,988,,,2,Contenidor simple sense classes/id
DesignSystem.jsx,src/pages/features/DesignSystem.jsx,991,,sosp-glossari-entrada mb-4 pb-4 border-b border-stone-200 last:border-0 last:mb-0 last:pb-0,2,
DesignSystem.jsx,src/pages/features/DesignSystem.jsx,995,,sosp-glossari-entrada mb-4 pb-4 border-b border-stone-200 last:border-0 last:mb-0 last:pb-0,2,
DesignSystem.jsx,src/pages/features/DesignSystem.jsx,999,,sosp-glossari-entrada mb-4 pb-4 border-b border-stone-200 last:border-0 last:mb-0 last:pb-0,2,
DesignSystem.jsx,src/pages/features/DesignSystem.jsx,1006,,,2,Contenidor simple sense classes/id
DesignSystem.jsx,src/pages/features/DesignSystem.jsx,1028,,space-y-8,1,
DesignSystem.jsx,src/pages/features/DesignSystem.jsx,1029,,,2,Contenidor simple sense classes/id
DesignSystem.jsx,src/pages/features/DesignSystem.jsx,1033,,absolute w-3 h-3 bg-stone-300 rounded-full -left-[31px] top-1.5 border-2 border-white,0,DIV Buit (Sense contingut)
DesignSystem.jsx,src/pages/features/DesignSystem.jsx,1035,,sosp-timeline-contingut,2,
DesignSystem.jsx,src/pages/features/DesignSystem.jsx,1041,,absolute w-3 h-3 bg-stone-300 rounded-full -left-[31px] top-1.5 border-2 border-white,0,DIV Buit (Sense contingut)
DesignSystem.jsx,src/pages/features/DesignSystem.jsx,1043,,sosp-timeline-contingut,2,
DesignSystem.jsx,src/pages/features/DesignSystem.jsx,1049,,absolute w-4 h-4 bg-orange-500 rounded-full -left-[33px] top-1 border-4 border-orange-100,0,DIV Buit (Sense contingut)
DesignSystem.jsx,src/pages/features/DesignSystem.jsx,1051,,sosp-timeline-contingut,2,
DesignSystem.jsx,src/pages/features/DesignSystem.jsx,1067,,space-y-8,6,
DesignSystem.jsx,src/pages/features/DesignSystem.jsx,1068,,,2,Contenidor simple sense classes/id
DesignSystem.jsx,src/pages/features/DesignSystem.jsx,1074,,sosp-targeta-cos p-5 text-stone-600,1,
DesignSystem.jsx,src/pages/features/DesignSystem.jsx,1083,,,2,Contenidor simple sense classes/id
DesignSystem.jsx,src/pages/features/DesignSystem.jsx,1089,,sosp-targeta-cos p-5,3,
DesignSystem.jsx,src/pages/features/DesignSystem.jsx,1097,,,2,Contenidor simple sense classes/id
DesignSystem.jsx,src/pages/features/DesignSystem.jsx,1100,,sosp-targeta-cos p-6 flex justify-between items-center,2,
DesignSystem.jsx,src/pages/features/DesignSystem.jsx,1101,,,2,Contenidor simple sense classes/id
DesignSystem.jsx,src/pages/features/DesignSystem.jsx,1110,,,2,Contenidor simple sense classes/id
DesignSystem.jsx,src/pages/features/DesignSystem.jsx,1112,,sosp-targetes-grid grid grid-cols-1 md:grid-cols-3 gap-6,3,
DesignSystem.jsx,src/pages/features/DesignSystem.jsx,1128,,mt-8 flex justify-center,1,
DesignSystem.jsx,src/pages/features/DesignSystem.jsx,1129,,w-full max-w-md,2,
DesignSystem.jsx,src/pages/features/DesignSystem.jsx,1155,,mt-8 flex justify-center,1,
DesignSystem.jsx,src/pages/features/DesignSystem.jsx,1156,,w-full max-w-md,2,
DesignSystem.jsx,src/pages/features/DesignSystem.jsx,1191,,space-y-8,3,
DesignSystem.jsx,src/pages/features/DesignSystem.jsx,1192,,,2,Contenidor simple sense classes/id
DesignSystem.jsx,src/pages/features/DesignSystem.jsx,1194,,sosp-estadistica flex items-center bg-white border border-stone-200 rounded-xl p-4 shadow-sm max-w-xs,2,
DesignSystem.jsx,src/pages/features/DesignSystem.jsx,1195,,sosp-estadistica-icona text-3xl mr-4,1,
DesignSystem.jsx,src/pages/features/DesignSystem.jsx,1196,,sosp-estadistica-dades flex flex-col,2,
DesignSystem.jsx,src/pages/features/DesignSystem.jsx,1203,,,2,Contenidor simple sense classes/id
DesignSystem.jsx,src/pages/features/DesignSystem.jsx,1205,,sosp-dashboard-grid grid grid-cols-2 md:grid-cols-4 gap-4,4,
DesignSystem.jsx,src/pages/features/DesignSystem.jsx,1206,,sosp-estadistica flex items-center bg-white border border-stone-200 rounded-xl p-4 shadow-sm,2,
DesignSystem.jsx,src/pages/features/DesignSystem.jsx,1207,,sosp-estadistica-icona text-2xl mr-3,1,
DesignSystem.jsx,src/pages/features/DesignSystem.jsx,1208,,sosp-estadistica-dades flex flex-col,2,
DesignSystem.jsx,src/pages/features/DesignSystem.jsx,1213,,sosp-estadistica flex items-center bg-white border border-stone-200 rounded-xl p-4 shadow-sm,2,
DesignSystem.jsx,src/pages/features/DesignSystem.jsx,1214,,sosp-estadistica-icona text-2xl mr-3,1,
DesignSystem.jsx,src/pages/features/DesignSystem.jsx,1215,,sosp-estadistica-dades flex flex-col,2,
DesignSystem.jsx,src/pages/features/DesignSystem.jsx,1220,,sosp-estadistica flex items-center bg-white border border-stone-200 rounded-xl p-4 shadow-sm,2,
DesignSystem.jsx,src/pages/features/DesignSystem.jsx,1221,,sosp-estadistica-icona text-2xl mr-3,1,
DesignSystem.jsx,src/pages/features/DesignSystem.jsx,1222,,sosp-estadistica-dades flex flex-col,2,
DesignSystem.jsx,src/pages/features/DesignSystem.jsx,1227,,sosp-estadistica flex items-center bg-white border border-stone-200 rounded-xl p-4 shadow-sm,2,
DesignSystem.jsx,src/pages/features/DesignSystem.jsx,1228,,sosp-estadistica-icona text-2xl mr-3,1,
DesignSystem.jsx,src/pages/features/DesignSystem.jsx,1229,,sosp-estadistica-dades flex flex-col,2,
DesignSystem.jsx,src/pages/features/DesignSystem.jsx,1237,,,2,Contenidor simple sense classes/id
DesignSystem.jsx,src/pages/features/DesignSystem.jsx,1241,,sosp-dashboard-grid grid grid-cols-2 md:grid-cols-4 gap-4 mb-4,4,
DesignSystem.jsx,src/pages/features/DesignSystem.jsx,1242,,sosp-estadistica bg-white border border-stone-200 rounded-lg p-3 shadow-sm text-center,1,
DesignSystem.jsx,src/pages/features/DesignSystem.jsx,1243,,sosp-estadistica-dades flex flex-col,2,
DesignSystem.jsx,src/pages/features/DesignSystem.jsx,1248,,sosp-estadistica bg-white border border-stone-200 rounded-lg p-3 shadow-sm text-center,1,
DesignSystem.jsx,src/pages/features/DesignSystem.jsx,1249,,sosp-estadistica-dades flex flex-col,2,
DesignSystem.jsx,src/pages/features/DesignSystem.jsx,1254,,sosp-estadistica bg-white border border-stone-200 rounded-lg p-3 shadow-sm text-center,1,
DesignSystem.jsx,src/pages/features/DesignSystem.jsx,1255,,sosp-estadistica-dades flex flex-col,2,
DesignSystem.jsx,src/pages/features/DesignSystem.jsx,1260,,sosp-estadistica bg-white border border-stone-200 rounded-lg p-3 shadow-sm text-center,1,
DesignSystem.jsx,src/pages/features/DesignSystem.jsx,1261,,sosp-estadistica-dades flex flex-col,2,
DesignSystem.jsx,src/pages/features/DesignSystem.jsx,1279,,space-y-8,3,
DesignSystem.jsx,src/pages/features/DesignSystem.jsx,1280,,,2,Contenidor simple sense classes/id
DesignSystem.jsx,src/pages/features/DesignSystem.jsx,1298,,,2,Contenidor simple sense classes/id
DesignSystem.jsx,src/pages/features/DesignSystem.jsx,1300,,sosp-cerca-avancada bg-stone-50 p-4 border border-stone-200 rounded-lg max-w-2xl,1,
DesignSystem.jsx,src/pages/features/DesignSystem.jsx,1315,,,2,Contenidor simple sense classes/id
DesignSystem.jsx,src/pages/features/DesignSystem.jsx,1320,,space-y-6,2,
DesignSystem.jsx,src/pages/features/DesignSystem.jsx,1344,,space-y-8,2,
DesignSystem.jsx,src/pages/features/DesignSystem.jsx,1345,,,2,Contenidor simple sense classes/id
DesignSystem.jsx,src/pages/features/DesignSystem.jsx,1359,,,2,Contenidor simple sense classes/id
DesignSystem.jsx,src/pages/features/DesignSystem.jsx,1381,,space-y-8,2,
DesignSystem.jsx,src/pages/features/DesignSystem.jsx,1382,,,2,Contenidor simple sense classes/id
DesignSystem.jsx,src/pages/features/DesignSystem.jsx,1387,,space-y-3 mt-2,4,
DesignSystem.jsx,src/pages/features/DesignSystem.jsx,1411,,,2,Contenidor simple sense classes/id
DesignSystem.jsx,src/pages/features/DesignSystem.jsx,1413,,sosp-llista-tasques border border-stone-200 rounded-lg overflow-hidden max-w-md bg-white,2,
DesignSystem.jsx,src/pages/features/DesignSystem.jsx,1414,,sosp-tasca sosp-tasca-completada flex items-center gap-4 p-4 border-b border-stone-100 bg-stone-50,3,
DesignSystem.jsx,src/pages/features/DesignSystem.jsx,1419,,sosp-tasca flex items-center gap-4 p-4 hover:bg-stone-50 transition-colors,3,
DesignSystem.jsx,src/pages/features/DesignSystem.jsx,1435,,space-y-8,2,
DesignSystem.jsx,src/pages/features/DesignSystem.jsx,1436,,,2,Contenidor simple sense classes/id
DesignSystem.jsx,src/pages/features/DesignSystem.jsx,1438,,sosp-upload max-w-md,2,
DesignSystem.jsx,src/pages/features/DesignSystem.jsx,1439,,sosp-upload-zona border-2 border-dashed border-stone-300 rounded-xl p-8 text-center bg-stone-50 hover:bg-stone-100 transition-colors cursor-pointer,3,
DesignSystem.jsx,src/pages/features/DesignSystem.jsx,1447,,flex flex-col,2,
DesignSystem.jsx,src/pages/features/DesignSystem.jsx,1459,,,2,Contenidor simple sense classes/id
DesignSystem.jsx,src/pages/features/DesignSystem.jsx,1479,,space-y-8,3,
DesignSystem.jsx,src/pages/features/DesignSystem.jsx,1480,,,2,Contenidor simple sense classes/id
DesignSystem.jsx,src/pages/features/DesignSystem.jsx,1499,,p-4 border-t border-stone-200 text-stone-600 text-sm whitespace-pre-wrap bg-white,1,
DesignSystem.jsx,src/pages/features/DesignSystem.jsx,1532,,,2,Contenidor simple sense classes/id
DesignSystem.jsx,src/pages/features/DesignSystem.jsx,1535,,h-64 bg-stone-200 rounded-lg flex items-center justify-center text-stone-500 mb-3,1,
DesignSystem.jsx,src/pages/features/DesignSystem.jsx,1546,,,2,Contenidor simple sense classes/id
DesignSystem.jsx,src/pages/features/DesignSystem.jsx,1549,,flex items-center gap-4 mb-2,3,
DesignSystem.jsx,src/pages/features/DesignSystem.jsx,1551,,flex-1 h-2 bg-stone-200 rounded-full overflow-hidden,1,
DesignSystem.jsx,src/pages/features/DesignSystem.jsx,1552,,h-full bg-orange-400 w-1/3,0,DIV Buit (Sense contingut)
DesignSystem.jsx,src/pages/features/DesignSystem.jsx,1568,,space-y-8,1,
DesignSystem.jsx,src/pages/features/DesignSystem.jsx,1569,,,2,Contenidor simple sense classes/id
DesignSystem.jsx,src/pages/features/DesignSystem.jsx,1572,,grid grid-cols-1 md:grid-cols-2 gap-8,2,
DesignSystem.jsx,src/pages/features/DesignSystem.jsx,1573,,bg-stone-50 p-6 rounded-xl border border-stone-200,2,
DesignSystem.jsx,src/pages/features/DesignSystem.jsx,1583,,bg-stone-50 p-6 rounded-xl border border-stone-200,2,
DesignSystem.jsx,src/pages/features/DesignSystem.jsx,1603,,space-y-8,2,
DesignSystem.jsx,src/pages/features/DesignSystem.jsx,1604,,,2,Contenidor simple sense classes/id
DesignSystem.jsx,src/pages/features/DesignSystem.jsx,1607,,sosp-peu-contingut grid grid-cols-1 md:grid-cols-4 gap-8 mb-8 pb-8 border-b border-stone-800,4,
DesignSystem.jsx,src/pages/features/DesignSystem.jsx,1608,,sosp-peu-seccio,2,
DesignSystem.jsx,src/pages/features/DesignSystem.jsx,1613,,sosp-peu-seccio,2,
DesignSystem.jsx,src/pages/features/DesignSystem.jsx,1623,,sosp-peu-seccio,2,
DesignSystem.jsx,src/pages/features/DesignSystem.jsx,1632,,sosp-peu-seccio,2,
DesignSystem.jsx,src/pages/features/DesignSystem.jsx,1641,,sosp-peu-fons text-xs flex flex-col sm:flex-row justify-between items-center gap-4,2,
DesignSystem.jsx,src/pages/features/DesignSystem.jsx,1651,,,2,Contenidor simple sense classes/id
DesignSystem.jsx,src/pages/features/DesignSystem.jsx,1666,,space-y-12,3,
DesignSystem.jsx,src/pages/features/DesignSystem.jsx,1667,,,2,Contenidor simple sense classes/id
DesignSystem.jsx,src/pages/features/DesignSystem.jsx,1684,,sosp-poble-grid grid grid-cols-1 md:grid-cols-3 gap-8 p-8,2,
DesignSystem.jsx,src/pages/features/DesignSystem.jsx,1685,,sosp-poble-principal md:col-span-2 space-y-8,2,
DesignSystem.jsx,src/pages/features/DesignSystem.jsx,1697,,sosp-targeta sosp-targeta-info bg-stone-50 border border-stone-200 p-6 rounded-xl,2,
DesignSystem.jsx,src/pages/features/DesignSystem.jsx,1700,,flex justify-between border-b border-stone-200 pb-1,2,
DesignSystem.jsx,src/pages/features/DesignSystem.jsx,1703,,flex justify-between border-b border-stone-200 pb-1,2,
DesignSystem.jsx,src/pages/features/DesignSystem.jsx,1706,,flex justify-between,2,
DesignSystem.jsx,src/pages/features/DesignSystem.jsx,1716,,,2,Contenidor simple sense classes/id
DesignSystem.jsx,src/pages/features/DesignSystem.jsx,1724,,space-y-4 mt-2,3,
DesignSystem.jsx,src/pages/features/DesignSystem.jsx,1725,,sosp-form-grup,2,
DesignSystem.jsx,src/pages/features/DesignSystem.jsx,1730,,sosp-form-grup,2,
DesignSystem.jsx,src/pages/features/DesignSystem.jsx,1735,,sosp-form-grup,2,
DesignSystem.jsx,src/pages/features/DesignSystem.jsx,1748,,sosp-form-grup mt-2,2,
DesignSystem.jsx,src/pages/features/DesignSystem.jsx,1754,,sosp-form-accions flex items-center gap-4 pt-4 border-t border-stone-200,2,
DesignSystem.jsx,src/pages/features/DesignSystem.jsx,1762,,,2,Contenidor simple sense classes/id
DesignSystem.jsx,src/pages/features/DesignSystem.jsx,1764,,sosp-alerta-global bg-yellow-50 border border-yellow-200 p-4 rounded-xl flex items-start gap-4 text-yellow-800 shadow-sm,3,
DesignSystem.jsx,src/pages/features/DesignSystem.jsx,1779,,space-y-8,1,
DesignSystem.jsx,src/pages/features/DesignSystem.jsx,1780,,,2,Contenidor simple sense classes/id
DesignSystem.jsx,src/pages/features/DesignSystem.jsx,1782,,bg-stone-900 rounded-xl overflow-hidden p-6 text-stone-300 font-mono text-sm shadow-inner max-w-3xl overflow-x-auto,1,
DesignSystem.jsx,src/pages/features/DesignSystem.jsx,1853,,space-y-8,2,
DesignSystem.jsx,src/pages/features/DesignSystem.jsx,1854,,,2,Contenidor simple sense classes/id
DesignSystem.jsx,src/pages/features/DesignSystem.jsx,1856,,bg-stone-100 border border-stone-300 rounded-xl p-6 font-mono text-sm text-stone-700 max-w-3xl overflow-x-auto shadow-sm,1,
DesignSystem.jsx,src/pages/features/DesignSystem.jsx,1882,,,2,Contenidor simple sense classes/id
DesignSystem.jsx,src/pages/features/DesignSystem.jsx,1884,,bg-red-50 border-2 border-red-200 rounded-xl p-8 max-w-3xl shadow-sm text-center,3,
DesignSystem.jsx,src/pages/features/DesignSystem.jsx,1888,,space-y-2 text-red-900 font-medium mb-6 text-sm,4,
DesignSystem.jsx,src/pages/features/DesignSystem.jsx,1895,,bg-white border border-red-200 p-6 rounded-lg text-left inline-block,4,
DesignSystem.jsx,src/pages/features/DesignSystem.jsx,1917,,bg-stone-50 border border-stone-200 rounded-xl p-6,2,
DesignSystem.jsx,src/pages/features/DesignSystem.jsx,1920,,space-y-6,4,
DesignSystem.jsx,src/pages/features/DesignSystem.jsx,1926,,mt-4 pt-4 border-t border-stone-100 text-sm text-stone-700 font-mono whitespace-pre-wrap,1,
DesignSystem.jsx,src/pages/features/DesignSystem.jsx,1943,,mt-4 pt-4 border-t border-stone-100 text-sm text-stone-700 font-mono whitespace-pre-wrap,1,
DesignSystem.jsx,src/pages/features/DesignSystem.jsx,1958,,mt-4 pt-4 border-t border-stone-100 text-sm text-stone-700 font-mono whitespace-pre-wrap,1,
DesignSystem.jsx,src/pages/features/DesignSystem.jsx,1973,,mt-4 pt-4 border-t border-stone-100 text-sm text-stone-700 font-mono whitespace-pre-wrap,1,
GlobalAssetAlbum.jsx,src/pages/features/GlobalAssetAlbum.jsx,37,,global-album-page anim-fade-in bg-[#FDF5E6] dark:bg-[#0a0a0a] min-h-screen text-black dark:text-white pb-20,4,
GlobalAssetAlbum.jsx,src/pages/features/GlobalAssetAlbum.jsx,38,,global-album-header p-4 border-b border-black/10 dark:border-white/10,2,
GlobalAssetAlbum.jsx,src/pages/features/GlobalAssetAlbum.jsx,39,,header-top flex items-center mb-6,2,
GlobalAssetAlbum.jsx,src/pages/features/GlobalAssetAlbum.jsx,43,,header-title-wrapper flex-1,2,
GlobalAssetAlbum.jsx,src/pages/features/GlobalAssetAlbum.jsx,49,,header-tabs flex gap-2 overflow-x-auto pb-2 custom-scrollbar,3,
GlobalAssetAlbum.jsx,src/pages/features/GlobalAssetAlbum.jsx,71,,global-album-content p-4,2,
GlobalAssetAlbum.jsx,src/pages/features/GlobalAssetAlbum.jsx,72,,grid grid-cols-2 md:grid-cols-3 lg:grid-cols-4 gap-4,1,
GlobalAssetAlbum.jsx,src/pages/features/GlobalAssetAlbum.jsx,74,,relative aspect-square bg-black/5 dark:bg-white/5 rounded-2xl overflow-hidden group border border-black/10 dark:border-white/10 cursor-pointer hover:border-orange-500 transition-colors,2,
GlobalAssetAlbum.jsx,src/pages/features/GlobalAssetAlbum.jsx,82,,absolute bottom-0 left-0 w-full p-2 bg-gradient-to-t from-black/80 to-transparent text-white opacity-0 group-hover:opacity-100 transition-opacity,2,
GlobalAssetAlbum.jsx,src/pages/features/GlobalAssetAlbum.jsx,91,,text-center py-20 opacity-50,1,
GlobalAssetAlbum.jsx,src/pages/features/GlobalAssetAlbum.jsx,98,,fixed bottom-4 left-1/2 -translate-x-1/2 bg-black dark:bg-white text-white dark:text-black px-6 py-2 rounded-full font-black uppercase tracking-widest text-[10px] shadow-xl z-50,1,
HubView.jsx,src/pages/features/HubView.jsx,14,,min-h-full w-full bg-theme-base text-theme-text flex flex-col items-center transition-colors duration-500,2,
HubView.jsx,src/pages/features/HubView.jsx,26,,w-full max-w-2xl space-y-8 p-4 pt-6 md:p-8 animate-in fade-in duration-500,6,
HubView.jsx,src/pages/features/HubView.jsx,29,,,2,Contenidor simple sense classes/id
HubView.jsx,src/pages/features/HubView.jsx,31,,flex flex-col gap-4,5,
HubView.jsx,src/pages/features/HubView.jsx,41,,w-14 h-14 rounded-[20px] bg-[var(--theme-accent-primary)] text-white flex items-center justify-center shrink-0 shadow-[0_0_20px_var(--theme-accent-primary)] opacity-90 group-hover:opacity-100 group-hover:scale-110 transition-transform,1,
HubView.jsx,src/pages/features/HubView.jsx,44,,flex flex-col items-start ml-5 text-left,2,
HubView.jsx,src/pages/features/HubView.jsx,57,,w-12 h-12 rounded-[18px] bg-black/5 dark:bg-white/5 text-theme-text/80 group-hover:bg-theme-text group-hover:text-theme-base flex items-center justify-center shrink-0 transition-colors,1,
HubView.jsx,src/pages/features/HubView.jsx,70,,w-12 h-12 rounded-[18px] bg-black/5 dark:bg-white/5 text-theme-text/80 group-hover:bg-theme-text group-hover:text-theme-base flex items-center justify-center shrink-0 transition-colors,1,
HubView.jsx,src/pages/features/HubView.jsx,80,,w-12 h-12 rounded-[18px] bg-black/5 dark:bg-white/5 text-theme-text/80 group-hover:bg-theme-text group-hover:text-theme-base flex items-center justify-center shrink-0 transition-colors,1,
HubView.jsx,src/pages/features/HubView.jsx,89,,,3,Contenidor simple sense classes/id
HubView.jsx,src/pages/features/HubView.jsx,92,,mb-3,1,
HubView.jsx,src/pages/features/HubView.jsx,97,,w-12 h-12 rounded-[20px] bg-[#0ea5e9]/10 text-[#0ea5e9] group-hover:bg-[#0ea5e9] group-hover:text-white flex items-center justify-center transition-colors shadow-sm shrink-0,1,
HubView.jsx,src/pages/features/HubView.jsx,100,,flex flex-col items-start font-black text-sm uppercase tracking-tight pt-0.5,2,
HubView.jsx,src/pages/features/HubView.jsx,107,,flex flex-col gap-3,3,
HubView.jsx,src/pages/features/HubView.jsx,146,,pt-6 border-t border-theme-border space-y-3,2,
MediaManager.jsx,src/pages/features/MediaManager.jsx,417,media-scroll-container,[Expressió Dinàmica],9,
MediaManager.jsx,src/pages/features/MediaManager.jsx,421,,[Expressió Dinàmica],4,
MediaManager.jsx,src/pages/features/MediaManager.jsx,424,,flex items-center gap-1.5 sm:gap-2 h-full,6,
MediaManager.jsx,src/pages/features/MediaManager.jsx,433,,h-4 sm:h-5 w-[1px] bg-white opacity-30 mx-0.5 shrink-0,0,DIV Buit (Sense contingut)
MediaManager.jsx,src/pages/features/MediaManager.jsx,436,,relative flex items-center justify-center w-9 h-9 sm:w-auto sm:h-9 bg-black/20 hover:bg-black/30 rounded-full transition-colors shrink-0,3,
MediaManager.jsx,src/pages/features/MediaManager.jsx,437,,absolute left-[10px] sm:left-3 pointer-events-none text-white flex items-center justify-center z-10,1,
MediaManager.jsx,src/pages/features/MediaManager.jsx,451,,absolute right-2.5 pointer-events-none text-white/70 hidden sm:block z-10,1,
MediaManager.jsx,src/pages/features/MediaManager.jsx,457,,relative flex items-center justify-center w-9 h-9 sm:w-auto sm:h-9 bg-black/20 hover:bg-black/30 rounded-full transition-colors shrink-0,3,
MediaManager.jsx,src/pages/features/MediaManager.jsx,458,,absolute left-[10px] sm:left-3 pointer-events-none text-white flex items-center justify-center z-10,1,
MediaManager.jsx,src/pages/features/MediaManager.jsx,470,,absolute right-2.5 pointer-events-none text-white/70 hidden sm:block z-10,1,
MediaManager.jsx,src/pages/features/MediaManager.jsx,477,,flex items-center gap-1.5 sm:gap-2 h-full,5,
MediaManager.jsx,src/pages/features/MediaManager.jsx,479,,relative flex items-center justify-start w-9 h-9 sm:w-32 lg:w-48 bg-black/20 hover:bg-black/30 focus-within:bg-black/30 focus-within:w-48 focus-within:absolute focus-within:right-2 sm:focus-within:relative sm:focus-within:w-full rounded-full transition-all shrink-0 z-30 group,2,
MediaManager.jsx,src/pages/features/MediaManager.jsx,480,,absolute left-[10px] sm:left-3 pointer-events-none text-white flex items-center justify-center z-10 transition-colors,1,
MediaManager.jsx,src/pages/features/MediaManager.jsx,523,,[Expressió Dinàmica],2,
MediaManager.jsx,src/pages/features/MediaManager.jsx,524,,[Expressió Dinàmica],3,
MediaManager.jsx,src/pages/features/MediaManager.jsx,527,,flex items-center gap-2,1,
MediaManager.jsx,src/pages/features/MediaManager.jsx,540,,flex-1 flex flex-col w-full max-w-7xl mx-auto px-4 md:px-8 py-4 gap-6 relative,4,
MediaManager.jsx,src/pages/features/MediaManager.jsx,543,,[Expressió Dinàmica],1,
MediaManager.jsx,src/pages/features/MediaManager.jsx,559,,flex-1 relative,1,
MediaManager.jsx,src/pages/features/MediaManager.jsx,586,,[Expressió Dinàmica],1,
MediaManager.jsx,src/pages/features/MediaManager.jsx,596,,flex w-full gap-2 md:gap-4 mb-2 md:mb-4,3,
MediaManager.jsx,src/pages/features/MediaManager.jsx,600,,[Expressió Dinàmica],5,
MediaManager.jsx,src/pages/features/MediaManager.jsx,633,,[Expressió Dinàmica],1,
MediaManager.jsx,src/pages/features/MediaManager.jsx,637,,[Expressió Dinàmica],1,
MediaManager.jsx,src/pages/features/MediaManager.jsx,644,,absolute top-2 left-2 z-10,1,
MediaManager.jsx,src/pages/features/MediaManager.jsx,645,,[Expressió Dinàmica],1,
MediaManager.jsx,src/pages/features/MediaManager.jsx,653,,absolute inset-0 bg-black/70 opacity-0 group-hover:opacity-100 flex flex-col items-center justify-center gap-2 transition-all p-4 text-center cursor-pointer,3,
MediaManager.jsx,src/pages/features/MediaManager.jsx,654,,[Expressió Dinàmica],1,
MediaManager.jsx,src/pages/features/MediaManager.jsx,666,,,0,DIV Buit (Sense contingut)
MediaManager.jsx,src/pages/features/MediaManager.jsx,673,,w-full h-64 flex flex-col items-center justify-center font-bold tracking-widest uppercase opacity-50,1,
MediaManager.jsx,src/pages/features/MediaManager.jsx,682,,fixed inset-0 z-50 flex items-center justify-center p-2 md:p-4 bg-black/95 backdrop-blur-md,1,
MediaManager.jsx,src/pages/features/MediaManager.jsx,683,,[Expressió Dinàmica],3,
MediaManager.jsx,src/pages/features/MediaManager.jsx,688,,w-full md:w-2/3 h-[50vh] md:h-auto bg-black flex items-center justify-center p-4 relative md:!min-h-[500px] group,5,
MediaManager.jsx,src/pages/features/MediaManager.jsx,714,,absolute bottom-4 left-1/2 -translate-x-1/2 bg-black/60 text-white/60 px-4 py-1 rounded-full text-[10px] uppercase tracking-widest md:hidden backdrop-blur,1,
MediaManager.jsx,src/pages/features/MediaManager.jsx,719,,[Expressió Dinàmica],3,
MediaManager.jsx,src/pages/features/MediaManager.jsx,720,,[Expressió Dinàmica],1,
MediaManager.jsx,src/pages/features/MediaManager.jsx,724,,[Expressió Dinàmica],5,
MediaManager.jsx,src/pages/features/MediaManager.jsx,725,,,2,Contenidor simple sense classes/id
MediaManager.jsx,src/pages/features/MediaManager.jsx,727,,[Expressió Dinàmica],2,
MediaManager.jsx,src/pages/features/MediaManager.jsx,731,,,2,Contenidor simple sense classes/id
MediaManager.jsx,src/pages/features/MediaManager.jsx,733,,[Expressió Dinàmica],1,
MediaManager.jsx,src/pages/features/MediaManager.jsx,737,,,2,Contenidor simple sense classes/id
MediaManager.jsx,src/pages/features/MediaManager.jsx,739,,[Expressió Dinàmica],1,
MediaManager.jsx,src/pages/features/MediaManager.jsx,744,,pt-2 hidden md:block,2,
MediaManager.jsx,src/pages/features/MediaManager.jsx,746,,[Expressió Dinàmica],2,
MediaManager.jsx,src/pages/features/MediaManager.jsx,747,,flex justify-between,2,
MediaManager.jsx,src/pages/features/MediaManager.jsx,751,,flex justify-between,2,
MediaManager.jsx,src/pages/features/MediaManager.jsx,758,,pt-2,2,
MediaManager.jsx,src/pages/features/MediaManager.jsx,760,,[Expressió Dinàmica],1,
MediaManager.jsx,src/pages/features/MediaManager.jsx,762,,text-orange-500 animate-pulse,1,
MediaManager.jsx,src/pages/features/MediaManager.jsx,768,,space-y-2,2,
MediaManager.jsx,src/pages/features/MediaManager.jsx,769,,text-green-600 dark:text-green-400 font-bold mb-2,3,
MediaManager.jsx,src/pages/features/MediaManager.jsx,772,,max-h-32 overflow-y-auto custom-scrollbar pr-2 space-y-1,1,
MediaManager.jsx,src/pages/features/MediaManager.jsx,774,,[Expressió Dinàmica],3,
MediaManager.jsx,src/pages/features/MediaManager.jsx,793,,text-red-500 font-bold,1,
MediaManager.jsx,src/pages/features/MediaManager.jsx,803,,[Expressió Dinàmica],2,
MediaManager.jsx,src/pages/features/MediaManager.jsx,804,,flex flex-col gap-2,2,
MediaManager.jsx,src/pages/features/MediaManager.jsx,806,,flex gap-2,3,
MediaManager.jsx,src/pages/features/MediaManager.jsx,831,,[Expressió Dinàmica],2,
MedicationConfirm.jsx,src/pages/features/MedicationConfirm.jsx,55,,fixed inset-0 bg-[#0a0a0a] z-50 flex flex-col items-center justify-center text-white p-6,3,
MedicationConfirm.jsx,src/pages/features/MedicationConfirm.jsx,65,,fixed inset-0 bg-[#0a0a0a] z-50 flex flex-col items-center justify-center text-white p-6,3,
MedicationConfirm.jsx,src/pages/features/MedicationConfirm.jsx,74,,fixed inset-0 bg-[#0a0a0a] z-50 flex flex-col justify-between text-white p-6 pb-12,2,
MedicationConfirm.jsx,src/pages/features/MedicationConfirm.jsx,75,,mt-12 text-center,4,
MedicationConfirm.jsx,src/pages/features/MedicationConfirm.jsx,76,,w-32 h-32 mx-auto rounded-full bg-red-500/20 flex items-center justify-center mb-8 border-4 border-red-500 animate-pulse,1,
MedicationConfirm.jsx,src/pages/features/MedicationConfirm.jsx,82,,mt-8 text-6xl font-black text-red-500 tabular-nums,2,
MedicationConfirm.jsx,src/pages/features/MedicationConfirm.jsx,87,,flex flex-col gap-4,2,
Notes.jsx,src/pages/features/Notes.jsx,536,,flex-1 flex items-center justify-center,1,
Notes.jsx,src/pages/features/Notes.jsx,543,,notebook-app flex-1 flex h-full bg-[#1e1e1e] dark:bg-[#121212] overflow-hidden animate-in fade-in duration-300 notranslate font-sans text-white relative,6,
Notes.jsx,src/pages/features/Notes.jsx,547,,absolute inset-0 bg-black/20 dark:bg-black/50 z-40 transition-opacity,0,DIV Buit (Sense contingut)
Notes.jsx,src/pages/features/Notes.jsx,554,notebook-sidebar-wrapper,[Expressió Dinàmica],2,
Notes.jsx,src/pages/features/Notes.jsx,582,,w-2 cursor-col-resize absolute right-[-4px] top-0 h-full z-50 hover:bg-orange-500/20,0,DIV Buit (Sense contingut)
Notes.jsx,src/pages/features/Notes.jsx,595,notebook-list-wrapper,h-full shrink-0 z-20 relative shadow-[4px_0_15px_rgba(0;0;0;0.04)] dark:shadow-[4px_0_15px_rgba(0;0;0;0.2)] min-w-[150px],2,
Notes.jsx,src/pages/features/Notes.jsx,625,,w-2 cursor-col-resize absolute right-[-4px] top-0 h-full z-50 hover:bg-orange-500/20,0,DIV Buit (Sense contingut)
Notes.jsx,src/pages/features/Notes.jsx,638,,flex-1 flex flex-col min-w-[350px] bg-[#ffffff] dark:bg-[#1e1e1e] text-black dark:text-white relative z-10,1,
Notes.jsx,src/pages/features/Notes.jsx,642,,h-14 border-b border-gray-200 dark:border-[#333] flex items-center justify-between px-4 bg-[#ffffff]/90 dark:bg-[#1e1e1e]/90 backdrop-blur-md shrink-0 sticky top-0 z-20,2,
Notes.jsx,src/pages/features/Notes.jsx,643,,flex items-center gap-2 flex-1 min-w-0,2,
Notes.jsx,src/pages/features/Notes.jsx,668,,flex items-center gap-1 ml-4 text-gray-500 dark:text-gray-400 relative,3,
Notes.jsx,src/pages/features/Notes.jsx,691,,absolute right-0 top-full mt-2 w-64 bg-white dark:bg-[#1e1e1e] border border-gray-200 dark:border-[#333] rounded-xl shadow-xl z-dropdown overflow-hidden animate-in fade-in zoom-in duration-200,2,
Notes.jsx,src/pages/features/Notes.jsx,692,,px-4 py-3 bg-gray-50 dark:bg-[#252525] border-b border-gray-200 dark:border-[#333] text-xs flex flex-col gap-2 cursor-default,2,
Notes.jsx,src/pages/features/Notes.jsx,693,,flex justify-between items-center,2,
Notes.jsx,src/pages/features/Notes.jsx,697,,flex justify-between items-center,2,
Notes.jsx,src/pages/features/Notes.jsx,702,,py-1,13,
Notes.jsx,src/pages/features/Notes.jsx,763,,h-px bg-gray-200 dark:bg-[#333] my-1,0,DIV Buit (Sense contingut)
Notes.jsx,src/pages/features/Notes.jsx,774,,h-px bg-gray-200 dark:bg-[#333] my-1,0,DIV Buit (Sense contingut)
Notes.jsx,src/pages/features/Notes.jsx,785,,h-px bg-gray-200 dark:bg-[#333] my-1,0,DIV Buit (Sense contingut)
Notes.jsx,src/pages/features/Notes.jsx,811,,bg-yellow-100 text-yellow-800 text-[12px] px-4 py-1 text-center font-medium shrink-0 w-full,2,
Notes.jsx,src/pages/features/Notes.jsx,819,,flex-1 overflow-hidden p-6 md:p-12 flex flex-col items-center bg-white dark:bg-[#1e1e1e] min-h-0,1,
Notes.jsx,src/pages/features/Notes.jsx,820,,w-full max-w-3xl flex-1 flex flex-col min-h-0 text-lg leading-relaxed text-black dark:text-white,1,
Notes.jsx,src/pages/features/Notes.jsx,837,,flex-1 flex flex-col items-center justify-center text-gray-400 dark:text-gray-500 bg-[#f9f9f9] dark:bg-[#1e1e1e],3,
Notes.jsx,src/pages/features/Notes.jsx,841,,flex gap-4,1,
OficiDocumentacio.jsx,src/pages/features/OficiDocumentacio.jsx,154,,[Expressió Dinàmica],5,
OficiDocumentacio.jsx,src/pages/features/OficiDocumentacio.jsx,156,,px-6 md:px-12 pt-12 pb-8 sticky top-0 bg-theme-base/90 backdrop-blur-xl z-20 border-b border-[var(--border-master)],1,
OficiDocumentacio.jsx,src/pages/features/OficiDocumentacio.jsx,157,,max-w-7xl mx-auto flex flex-col lg:flex-row items-start lg:items-center justify-between gap-6,2,
OficiDocumentacio.jsx,src/pages/features/OficiDocumentacio.jsx,158,,flex items-center gap-4,2,
OficiDocumentacio.jsx,src/pages/features/OficiDocumentacio.jsx,166,,,2,Contenidor simple sense classes/id
OficiDocumentacio.jsx,src/pages/features/OficiDocumentacio.jsx,177,,flex items-center gap-3 w-full lg:w-auto,2,
OficiDocumentacio.jsx,src/pages/features/OficiDocumentacio.jsx,178,,relative group w-full lg:w-80,2,
OficiDocumentacio.jsx,src/pages/features/OficiDocumentacio.jsx,200,,grid grid-cols-1 md:grid-cols-2 xl:grid-cols-3 gap-8,1,
OficiDocumentacio.jsx,src/pages/features/OficiDocumentacio.jsx,202,,relative group rounded-[32px] overflow-hidden bg-theme-panel border border-[var(--border-master)] hover:shadow-2xl transition-all hover:-translate-y-2 duration-500 flex flex-col h-full,4,
OficiDocumentacio.jsx,src/pages/features/OficiDocumentacio.jsx,204,,relative h-56 w-full shrink-0 overflow-hidden bg-[var(--bg-app)] border-b border-[var(--border-master)],6,
OficiDocumentacio.jsx,src/pages/features/OficiDocumentacio.jsx,210,,absolute inset-x-0 bottom-0 h-32 bg-gradient-to-t from-[var(--bg-panel)] via-[var(--bg-panel)]/80 to-transparent pointer-events-none,0,DIV Buit (Sense contingut)
OficiDocumentacio.jsx,src/pages/features/OficiDocumentacio.jsx,212,,absolute top-4 right-4 glass-panel px-2 py-1 rounded text-[8px] font-black uppercase tracking-widest text-theme-text opacity-50 pointer-events-none,1,
OficiDocumentacio.jsx,src/pages/features/OficiDocumentacio.jsx,226,,flex-1 p-6 sm:p-8 flex flex-col relative z-10 -mt-12,4,
OficiDocumentacio.jsx,src/pages/features/OficiDocumentacio.jsx,227,,flex items-center gap-3 mb-4,2,
OficiDocumentacio.jsx,src/pages/features/OficiDocumentacio.jsx,228,,w-12 h-12 rounded-xl border border-[var(--border-master)] bg-[var(--bg-app)] flex items-center justify-center shadow-lg,1,
OficiDocumentacio.jsx,src/pages/features/OficiDocumentacio.jsx,240,,flex flex-col gap-2 w-full mt-auto,1,
OficiDocumentacio.jsx,src/pages/features/OficiDocumentacio.jsx,255,,flex flex-col pr-4 min-w-0 flex-1,2,
OficiDocumentacio.jsx,src/pages/features/OficiDocumentacio.jsx,281,,fixed inset-0 z-dropdown bg-theme-base/95 backdrop-blur-xl flex flex-col items-center justify-center p-4 sm:p-12 animate-in fade-in duration-300,2,
OficiDocumentacio.jsx,src/pages/features/OficiDocumentacio.jsx,288,,relative w-full max-w-5xl md:h-[80vh] flex flex-col items-center justify-center rounded-[40px] overflow-hidden border border-[var(--border-master)] bg-theme-panel shadow-2xl,2,
OficiDocumentacio.jsx,src/pages/features/OficiDocumentacio.jsx,290,,absolute bottom-6 px-4 py-2 rounded-xl text-xs font-black uppercase tracking-widest glass-panel text-theme-text text-opacity-70,1,
ResourceDetail.jsx,src/pages/features/ResourceDetail.jsx,9,,min-h-screen bg-black flex flex-col items-center justify-center p-6 bg-[radial-gradient(circle_at_center;_#111_0%;_#000_100%)],2,
ResourceDetail.jsx,src/pages/features/ResourceDetail.jsx,10,,relative mb-8,2,
ResourceDetail.jsx,src/pages/features/ResourceDetail.jsx,11,,w-16 h-16 border-4 border-white/5 border-t-white rounded-[28px] animate-spin,0,DIV Buit (Sense contingut)
ResourceDetail.jsx,src/pages/features/ResourceDetail.jsx,84,,min-w-full min-h-[100dvh] bg-black flex flex-col items-center justify-center p-6 text-center,4,
ResourceDetail.jsx,src/pages/features/ResourceDetail.jsx,97,,w-full min-h-[100dvh] bg-black text-white relative font-sans overflow-x-hidden selection:bg-white selection:text-black,8,
ResourceDetail.jsx,src/pages/features/ResourceDetail.jsx,105,,relative w-full h-[65vh] md:h-[80vh] flex flex-col justify-end p-6 md:p-16 overflow-hidden rounded-b-3xl,7,
ResourceDetail.jsx,src/pages/features/ResourceDetail.jsx,107,,absolute inset-0 z-0 bg-cover bg-center transition-transform duration-1000 scale-105,0,DIV Buit (Sense contingut)
ResourceDetail.jsx,src/pages/features/ResourceDetail.jsx,111,,absolute inset-0 z-0 bg-gradient-to-t from-black via-black/40 to-transparent,0,DIV Buit (Sense contingut)
ResourceDetail.jsx,src/pages/features/ResourceDetail.jsx,114,,absolute top-6 left-6 right-6 z-20 flex items-center justify-between,2,
ResourceDetail.jsx,src/pages/features/ResourceDetail.jsx,122,,flex gap-3,2,
ResourceDetail.jsx,src/pages/features/ResourceDetail.jsx,135,,relative z-10 max-w-4xl animate-slide-up,3,
ResourceDetail.jsx,src/pages/features/ResourceDetail.jsx,136,,flex flex-wrap items-center gap-3 mb-6,2,
ResourceDetail.jsx,src/pages/features/ResourceDetail.jsx,154,,flex flex-wrap items-center gap-6 py-6 border-y border-white/10 text-xs font-bold text-gray-300 uppercase tracking-widest mt-6,3,
ResourceDetail.jsx,src/pages/features/ResourceDetail.jsx,155,,flex items-center gap-3,2,
ResourceDetail.jsx,src/pages/features/ResourceDetail.jsx,159,,flex items-center gap-2,2,
ResourceDetail.jsx,src/pages/features/ResourceDetail.jsx,163,,flex items-center gap-2,2,
ResourceDetail.jsx,src/pages/features/ResourceDetail.jsx,172,,w-full bg-black relative z-20 -mt-10 px-4 md:px-0,1,
ResourceDetail.jsx,src/pages/features/ResourceDetail.jsx,173,,max-w-3xl mx-auto py-16 md:py-24,3,
ResourceDetail.jsx,src/pages/features/ResourceDetail.jsx,176,,hidden md:flex flex-wrap gap-2 mb-12,1,
ResourceDetail.jsx,src/pages/features/ResourceDetail.jsx,194,,max-w-4xl mx-auto flex flex-col md:flex-row items-center justify-between gap-8 opacity-50 hover:opacity-100 transition-opacity duration-500,2,
ResourceDetail.jsx,src/pages/features/ResourceDetail.jsx,195,,flex items-center gap-6,2,
ResourceDetail.jsx,src/pages/features/ResourceDetail.jsx,196,,w-16 h-16 rounded-[28px] border border-white/20 flex items-center justify-center p-3 bg-white/5,1,
ResourceDetail.jsx,src/pages/features/ResourceDetail.jsx,199,,flex flex-col,3,
ResourceDetail.jsx,src/pages/features/ResourceDetail.jsx,206,,flex items-center gap-4,1,
ResourceDetail.jsx,src/pages/features/ResourceDetail.jsx,207,,flex flex-col items-end,2,
ResourceDetail.jsx,src/pages/features/ResourceDetail.jsx,209,,flex gap-2,3,
Translations.jsx,src/pages/features/Translations.jsx,19,,relative z-10 bg-[var(--theme-accent-primary)] w-full h-[56px] min-h-[56px] max-h-[56px] flex items-center px-3 shadow-md,2,
Translations.jsx,src/pages/features/Translations.jsx,33,,max-w-3xl mx-auto space-y-6,4,
Translations.jsx,src/pages/features/Translations.jsx,36,,bg-white dark:bg-[#1a1a1a] rounded-2xl shadow-sm border border-gray-100 dark:border-white/5 overflow-hidden,2,
Translations.jsx,src/pages/features/Translations.jsx,37,,p-5 sm:p-6 border-b border-gray-100 dark:border-white/5 flex items-center gap-4 bg-gray-50/50 dark:bg-black/20,2,
Translations.jsx,src/pages/features/Translations.jsx,38,,w-12 h-12 rounded-full bg-[var(--theme-accent-primary)]/10 flex items-center justify-center text-[var(--theme-accent-primary)] shrink-0,1,
Translations.jsx,src/pages/features/Translations.jsx,41,,,2,Contenidor simple sense classes/id
Translations.jsx,src/pages/features/Translations.jsx,46,,p-5 sm:p-6 bg-theme-base,2,
Translations.jsx,src/pages/features/Translations.jsx,53,,bg-white dark:bg-[#1a1a1a] rounded-2xl shadow-sm border border-gray-100 dark:border-white/5 overflow-hidden,2,
Translations.jsx,src/pages/features/Translations.jsx,54,,p-5 sm:p-6 border-b border-gray-100 dark:border-white/5 flex items-center gap-4 bg-blue-50 dark:bg-blue-900/10,2,
Translations.jsx,src/pages/features/Translations.jsx,55,,w-12 h-12 rounded-full bg-blue-100 dark:bg-blue-500/20 flex items-center justify-center text-blue-600 dark:text-blue-400 shrink-0,1,
Translations.jsx,src/pages/features/Translations.jsx,58,,,2,Contenidor simple sense classes/id
Translations.jsx,src/pages/features/Translations.jsx,63,,p-5 sm:p-6 bg-theme-base space-y-4,2,
Translations.jsx,src/pages/features/Translations.jsx,64,,flex items-start gap-3 text-gray-700 dark:text-gray-300 text-[15px] leading-relaxed,2,
Translations.jsx,src/pages/features/Translations.jsx,66,,,2,Contenidor simple sense classes/id
Translations.jsx,src/pages/features/Translations.jsx,77,,bg-gray-50 dark:bg-black/20 p-4 rounded-xl border border-gray-100 dark:border-white/5,2,
UniversalDetail.jsx,src/pages/features/UniversalDetail.jsx,109,,flex flex-col items-center justify-center p-8 text-center min-h-[50vh],4,
UniversalDetail.jsx,src/pages/features/UniversalDetail.jsx,226,,flex flex-col h-full w-full bg-theme-base animate-in fade-in relative,6,
UniversalDetail.jsx,src/pages/features/UniversalDetail.jsx,236,,z-[var(--z-sticky;200)] w-full max-w-full overflow-hidden shadow-lg bg-[#4F46E5] text-white dark:bg-[#F97316] dark:text-[#111111] transition-all shrink-0 touch-manipulation border-b border-black/10 dark:border-white/10,1,
UniversalDetail.jsx,src/pages/features/UniversalDetail.jsx,237,,flex items-center justify-between min-h-[56px] px-2 sm:px-4 w-full max-w-7xl mx-auto overflow-hidden,6,
UniversalDetail.jsx,src/pages/features/UniversalDetail.jsx,240,,flex items-center justify-start gap-1 shrink-0,3,
UniversalDetail.jsx,src/pages/features/UniversalDetail.jsx,271,,flex items-center justify-center shrink-0 mx-2,0,DIV Buit (Sense contingut)
UniversalDetail.jsx,src/pages/features/UniversalDetail.jsx,275,,flex items-center justify-end gap-1 sm:gap-2 flex-1 min-w-0 overflow-x-auto no-scrollbar scroll-smooth,4,
UniversalDetail.jsx,src/pages/features/UniversalDetail.jsx,317,,flex-1 min-h-0 w-full relative flex flex-col overflow-y-auto overflow-x-hidden custom-scrollbar pb-[max(env(safe-area-inset-bottom);5rem)],7,
UniversalDetail.jsx,src/pages/features/UniversalDetail.jsx,320,,w-full relative z-0 bg-[var(--bg-panel)] overflow-hidden flex items-center justify-center shrink-0,1,
UniversalDetail.jsx,src/pages/features/UniversalDetail.jsx,336,,sticky top-0 z-[190] w-full shrink-0 shadow-sm,1,
UniversalDetail.jsx,src/pages/features/UniversalDetail.jsx,353,,w-full flex flex-col items-center justify-center px-6 relative group,4,
UniversalDetail.jsx,src/pages/features/UniversalDetail.jsx,373,,max-w-4xl mx-auto px-6 md:px-12 w-full shrink-0 flex-1,2,
UniversalDetail.jsx,src/pages/features/UniversalDetail.jsx,380,,w-full,4,
UniversalDetail.jsx,src/pages/features/UniversalDetail.jsx,384,,w-full flex justify-center md:justify-start items-center gap-2 mb-12 flex-wrap,1,
UniversalDetail.jsx,src/pages/features/UniversalDetail.jsx,390,,[Expressió Dinàmica],1,
UniversalDetail.jsx,src/pages/features/UniversalDetail.jsx,400,,mt-16 flex flex-col gap-6,1,
UniversalDetail.jsx,src/pages/features/UniversalDetail.jsx,406,,flex flex-col md:flex-row items-center justify-between p-6 sm:p-8 bg-[var(--bg-panel)] rounded-3xl border border-[var(--border-master)] shadow-sm gap-6 hover:border-[var(--theme-accent-primary)] transition-colors,2,
UniversalDetail.jsx,src/pages/features/UniversalDetail.jsx,407,,flex flex-col sm:flex-row items-center sm:items-center text-center sm:text-left gap-4 md:gap-6 w-full md:w-auto,2,
UniversalDetail.jsx,src/pages/features/UniversalDetail.jsx,409,,w-24 h-24 sm:w-28 sm:h-28 shrink-0 rounded-2xl overflow-hidden border border-[var(--border-master)] shadow-md bg-black/5 dark:bg-white/5 flex items-center justify-center,1,
UniversalDetail.jsx,src/pages/features/UniversalDetail.jsx,413,,flex flex-col,3,
UniversalDetail.jsx,src/pages/features/UniversalDetail.jsx,421,,flex flex-col items-center md:items-end shrink-0 w-full md:w-auto mt-4 md:mt-0,2,
UniversalDetail.jsx,src/pages/features/UniversalDetail.jsx,439,,flex flex-col items-center justify-center p-8 bg-[var(--bg-panel)] rounded-3xl border border-[var(--border-master)] shadow-sm,3,
VisionView.jsx,src/pages/features/VisionView.jsx,56,,vision-page-container,3,
VisionView.jsx,src/pages/features/VisionView.jsx,58,,vision-page-header,3,
VisionView.jsx,src/pages/features/VisionView.jsx,62,,vision-page-title,2,
VisionView.jsx,src/pages/features/VisionView.jsx,66,,,0,DIV Buit (Sense contingut)
VisionView.jsx,src/pages/features/VisionView.jsx,69,,vision-page-content,2,
VisionView.jsx,src/pages/features/VisionView.jsx,72,,vision-modes-grid,1,
VisionView.jsx,src/pages/features/VisionView.jsx,74,,,5,Contenidor simple sense classes/id
VisionView.jsx,src/pages/features/VisionView.jsx,75,,[Expressió Dinàmica],3,
VisionView.jsx,src/pages/features/VisionView.jsx,79,,vision-icon-wrapper,1,
VisionView.jsx,src/pages/features/VisionView.jsx,82,,vision-card-content,2,
VisionView.jsx,src/pages/features/VisionView.jsx,86,,vision-status-dot,0,DIV Buit (Sense contingut)
VisionView.jsx,src/pages/features/VisionView.jsx,91,,chat-embed-container animate-in-up,2,
VisionView.jsx,src/pages/features/VisionView.jsx,92,,chat-embed-header,2,
VisionView.jsx,src/pages/features/VisionView.jsx,96,,chat-embed-list custom-scrollbar,1,
VisionView.jsx,src/pages/features/VisionView.jsx,100,,[Expressió Dinàmica],3,
VisionView.jsx,src/pages/features/VisionView.jsx,105,,chat-embed-avatar,2,
VisionView.jsx,src/pages/features/VisionView.jsx,111,,chat-embed-info,2,
VisionView.jsx,src/pages/features/VisionView.jsx,112,,chat-embed-name-row,1,
VisionView.jsx,src/pages/features/VisionView.jsx,117,,chat-embed-toggle-wrapper,1,
VisionView.jsx,src/pages/features/VisionView.jsx,118,,[Expressió Dinàmica],1,
VisionView.jsx,src/pages/features/VisionView.jsx,131,,chat-embed-container animate-in-up,1,
VisionView.jsx,src/pages/features/VisionView.jsx,132,,chat-embed-list,1,
VisionView.jsx,src/pages/features/VisionView.jsx,134,,chat-embed-agent-row active,3,
VisionView.jsx,src/pages/features/VisionView.jsx,135,,chat-embed-avatar,2,
VisionView.jsx,src/pages/features/VisionView.jsx,139,,chat-embed-info,2,
VisionView.jsx,src/pages/features/VisionView.jsx,140,,chat-embed-name-row,1,
VisionView.jsx,src/pages/features/VisionView.jsx,145,,chat-embed-toggle-wrapper,1,
VisionView.jsx,src/pages/features/VisionView.jsx,146,,chat-embed-toggle active,1,
VitalSecurity.jsx,src/pages/features/VitalSecurity.jsx,6,,flex h-screen w-full flex-col bg-[var(--background-color)],2,
VitalSecurity.jsx,src/pages/features/VitalSecurity.jsx,12,,flex flex-1 flex-col overflow-y-auto p-4 custom-scrollbar padding-bottom-safe,1,
VitalSecurity.jsx,src/pages/features/VitalSecurity.jsx,13,,mx-auto w-full max-w-2xl px-2 py-6 flex flex-col gap-8,4,
VitalSecurity.jsx,src/pages/features/VitalSecurity.jsx,16,,animate-in slide-in-from-bottom-4 duration-500 fade-in delay-100,1,
VitalSecurity.jsx,src/pages/features/VitalSecurity.jsx,21,,animate-in slide-in-from-bottom-4 duration-500 fade-in delay-200 flex flex-col gap-4 rounded-3xl bg-[var(--surface-color)] p-6 shadow-sm ring-1 ring-red-500/20,2,
VitalSecurity.jsx,src/pages/features/VitalSecurity.jsx,22,,flex flex-col gap-2,2,
AlmaPage.jsx,src/pages/features/anima-del-mas/AlmaPage.jsx,24,,universal-content max-w-5xl mx-auto py-12 px-4 md:px-8,12,
AlmaPage.jsx,src/pages/features/anima-del-mas/AlmaPage.jsx,26,,lead mb-12,2,
AlmaPage.jsx,src/pages/features/anima-del-mas/AlmaPage.jsx,30,,mb-12,6,
AlmaPage.jsx,src/pages/features/anima-del-mas/AlmaPage.jsx,58,,mb-12,3,
AlmaPage.jsx,src/pages/features/anima-del-mas/AlmaPage.jsx,80,,mb-12,5,
AlmaPage.jsx,src/pages/features/anima-del-mas/AlmaPage.jsx,110,,mb-12,3,
AlmaPage.jsx,src/pages/features/anima-del-mas/AlmaPage.jsx,127,,pt-8 mt-12 text-center,2,
EmotionalArc.jsx,src/pages/features/anima-del-mas/EmotionalArc.jsx,24,,w-full overflow-hidden relative bg-[#0a0f1c] p-6 rounded-3xl border border-slate-800 shadow-2xl,1,
LawsGrid.jsx,src/pages/features/anima-del-mas/LawsGrid.jsx,14,,grid sm:grid-cols-2 lg:grid-cols-3 gap-6,1,
LawsGrid.jsx,src/pages/features/anima-del-mas/LawsGrid.jsx,17,,text-4xl mb-4 group-hover:scale-110 transition-transform,1,
MemoryBar.jsx,src/pages/features/anima-del-mas/MemoryBar.jsx,18,,bg-[rgba(255;255;255;0.03)] p-5 rounded-xl border border-slate-800,3,
MemoryBar.jsx,src/pages/features/anima-del-mas/MemoryBar.jsx,19,,flex items-center justify-between mb-4,2,
MemoryBar.jsx,src/pages/features/anima-del-mas/MemoryBar.jsx,20,,text-sm font-bold text-slate-200 flex items-center gap-2,2,
MemoryBar.jsx,src/pages/features/anima-del-mas/MemoryBar.jsx,21,,text-xs text-amber-500 font-mono tracking-wider uppercase bg-amber-500/10 px-2 py-1 rounded,4,
MemoryBar.jsx,src/pages/features/anima-del-mas/MemoryBar.jsx,24,,w-full bg-[rgba(255;255;255;0.05)] rounded-full h-4 overflow-hidden shadow-inner,1,
MemoryBar.jsx,src/pages/features/anima-del-mas/MemoryBar.jsx,34,,mt-4 flex flex-wrap items-center gap-6 text-sm text-slate-200 font-bold,3,
MemoryBar.jsx,src/pages/features/anima-del-mas/MemoryBar.jsx,35,,flex items-center gap-2,2,
MemoryBar.jsx,src/pages/features/anima-del-mas/MemoryBar.jsx,39,,flex items-center gap-2,2,
MemoryBar.jsx,src/pages/features/anima-del-mas/MemoryBar.jsx,43,,ml-auto text-slate-300,2,
TimelineScroll.jsx,src/pages/features/anima-del-mas/TimelineScroll.jsx,13,,relative py-8,1,
TimelineScroll.jsx,src/pages/features/anima-del-mas/TimelineScroll.jsx,30,,flex items-start gap-6,3,
TimelineScroll.jsx,src/pages/features/anima-del-mas/TimelineScroll.jsx,33,,w-14 flex flex-col items-center shrink-0 mt-1,1,
TimelineScroll.jsx,src/pages/features/anima-del-mas/TimelineScroll.jsx,34,,[Expressió Dinàmica],1,
TimelineScroll.jsx,src/pages/features/anima-del-mas/TimelineScroll.jsx,39,,flex-1,5,
TimelineScroll.jsx,src/pages/features/anima-del-mas/TimelineScroll.jsx,41,,text-sm font-bold text-slate-300 font-mono tracking-wider mb-3,1,
TimelineScroll.jsx,src/pages/features/anima-del-mas/TimelineScroll.jsx,44,,mt-5 flex flex-wrap items-center gap-x-8 gap-y-4,2,
TimelineScroll.jsx,src/pages/features/anima-del-mas/TimelineScroll.jsx,45,,text-sm font-bold text-slate-200 flex flex-col gap-1 w-full sm:w-auto,2,
TimelineScroll.jsx,src/pages/features/anima-del-mas/TimelineScroll.jsx,47,,w-32 h-2.5 bg-slate-800 rounded-full overflow-hidden,1,
TimelineScroll.jsx,src/pages/features/anima-del-mas/TimelineScroll.jsx,48,,[Expressió Dinàmica],0,DIV Buit (Sense contingut)
TimelineScroll.jsx,src/pages/features/anima-del-mas/TimelineScroll.jsx,52,,text-sm font-bold text-slate-200 flex flex-col gap-1,2,
TimelineScroll.jsx,src/pages/features/anima-del-mas/TimelineScroll.jsx,54,,mt-1,1,
TimelineScroll.jsx,src/pages/features/anima-del-mas/TimelineScroll.jsx,58,,mt-4 text-sm font-bold text-slate-300 flex items-center gap-3 bg-black/40 p-2 rounded-lg w-fit,3,
LegalManifest.jsx,src/pages/public/LegalManifest.jsx,54,,universal-content markdown-body w-full,0,DIV Buit (Sense contingut)
RoadmapView.jsx,src/pages/public/RoadmapView.jsx,19,,flex-1 min-w-[320px] max-w-md w-full bg-[var(--bg-panel)] border border-[var(--border-master)] rounded-xl p-4 flex flex-col gap-4 contain-layout,2,
RoadmapView.jsx,src/pages/public/RoadmapView.jsx,20,,[Expressió Dinàmica],3,
RoadmapView.jsx,src/pages/public/RoadmapView.jsx,28,,flex flex-col gap-3 stable-scroll pb-2 z-token-base,1,
RoadmapView.jsx,src/pages/public/RoadmapView.jsx,32,,universal-card hover:scale-[1.01] transition-transform cursor-default group relative overflow-hidden bg-[var(--bg-app)] border border-[var(--border-master)],3,
RoadmapView.jsx,src/pages/public/RoadmapView.jsx,33,,absolute top-0 left-0 w-1 h-full bg-[var(--theme-accent-primary)] opacity-50,0,DIV Buit (Sense contingut)
RoadmapView.jsx,src/pages/public/RoadmapView.jsx,35,,flex justify-between items-start mb-2,2,
RoadmapView.jsx,src/pages/public/RoadmapView.jsx,39,,flex bg-[var(--theme-accent-primary)]/10 px-2 py-1 rounded gap-1 items-center,2,
RoadmapView.jsx,src/pages/public/RoadmapView.jsx,45,,flex items-start gap-3 mt-1,2,
RoadmapView.jsx,src/pages/public/RoadmapView.jsx,46,,p-2 bg-[var(--bg-panel)] rounded-[10px] border border-[var(--border-master)] shrink-0 mt-0.5 text-[var(--theme-accent-secondary)],1,
RoadmapView.jsx,src/pages/public/RoadmapView.jsx,49,,,2,Contenidor simple sense classes/id
RoadmapView.jsx,src/pages/public/RoadmapView.jsx,65,,w-full h-full flex flex-col gap-8 md:gap-14 pb-12 align-top,1,
RoadmapView.jsx,src/pages/public/RoadmapView.jsx,67,,relative w-full flex flex-col md:flex-row gap-4 lg:gap-8 items-start group,4,
RoadmapView.jsx,src/pages/public/RoadmapView.jsx,70,,md:w-32 lg:w-40 shrink-0 sticky top-0 md:top-4 z-10 bg-[var(--bg-panel)]/95 backdrop-blur-md md:bg-transparent py-2 border-b md:border-b-0 border-[var(--theme-accent-primary)] md:border-r-4 pr-4,1,
RoadmapView.jsx,src/pages/public/RoadmapView.jsx,71,,flex p-3 rounded-lg md:rounded-none bg-transparent items-center gap-3,2,
RoadmapView.jsx,src/pages/public/RoadmapView.jsx,72,,w-3 h-3 rounded-full bg-[var(--theme-accent-primary)] -ml-2 shrink-0 md:block hidden outline outline-4 outline-[var(--bg-panel)] shadow-md,0,DIV Buit (Sense contingut)
RoadmapView.jsx,src/pages/public/RoadmapView.jsx,80,,flex-1 grid grid-cols-1 md:grid-cols-2 xl:grid-cols-3 gap-3 md:gap-5 lg:gap-6 mt-1 relativerounded-xl,1,
RoadmapView.jsx,src/pages/public/RoadmapView.jsx,93,,[Expressió Dinàmica],4,
RoadmapView.jsx,src/pages/public/RoadmapView.jsx,95,,absolute top-0 right-0 bg-purple-500 text-white text-[9px] font-black uppercase px-2 py-0.5 rounded-bl-lg tracking-widest z-10 animate-pulse,1,
RoadmapView.jsx,src/pages/public/RoadmapView.jsx,99,,flex items-center gap-3 border-b border-[var(--border-master)] pb-3,2,
RoadmapView.jsx,src/pages/public/RoadmapView.jsx,100,,[Expressió Dinàmica],1,
RoadmapView.jsx,src/pages/public/RoadmapView.jsx,103,,flex-1,2,
RoadmapView.jsx,src/pages/public/RoadmapView.jsx,107,,text-[10px] mt-1.5 font-black text-[var(--theme-accent-secondary)] uppercase tracking-widest,1,
RoadmapView.jsx,src/pages/public/RoadmapView.jsx,113,,mt-4 pt-2 border-t border-[var(--border-master)] flex gap-2 overflow-hidden flex-wrap max-h-5 sm:max-h-screen,1,
RoadmapView.jsx,src/pages/public/RoadmapView.jsx,125,,w-full max-w-4xl mx-auto pb-12 mt-4 text-[var(--text-main)],7,
RoadmapView.jsx,src/pages/public/RoadmapView.jsx,186,,flex flex-col xl:flex-row gap-6 md:gap-8 items-start w-full relative overflow-x-auto custom-scrollbar pb-6 px-4 h-full,4,
RoadmapView.jsx,src/pages/public/RoadmapView.jsx,195,,mb-8,1,
UniversalPage.jsx,src/pages/public/UniversalPage.jsx,232,,w-full flex-1 flex flex-col items-center justify-center p-10 min-h-[50vh],1,
UniversalPage.jsx,src/pages/public/UniversalPage.jsx,233,,animate-pulse flex flex-col items-center gap-4 w-full max-w-2xl,6,
UniversalPage.jsx,src/pages/public/UniversalPage.jsx,234,,h-8 bg-black/10 dark:bg-white/10 rounded w-3/4 mb-4,0,DIV Buit (Sense contingut)
UniversalPage.jsx,src/pages/public/UniversalPage.jsx,235,,h-4 bg-black/10 dark:bg-white/10 rounded w-full,0,DIV Buit (Sense contingut)
UniversalPage.jsx,src/pages/public/UniversalPage.jsx,236,,h-4 bg-black/10 dark:bg-white/10 rounded w-full,0,DIV Buit (Sense contingut)
UniversalPage.jsx,src/pages/public/UniversalPage.jsx,237,,h-4 bg-black/10 dark:bg-white/10 rounded w-5/6,0,DIV Buit (Sense contingut)
UniversalPage.jsx,src/pages/public/UniversalPage.jsx,238,,h-4 bg-black/10 dark:bg-white/10 rounded w-full mt-4,0,DIV Buit (Sense contingut)
UniversalPage.jsx,src/pages/public/UniversalPage.jsx,239,,h-4 bg-black/10 dark:bg-white/10 rounded w-4/5,0,DIV Buit (Sense contingut)
UniversalPage.jsx,src/pages/public/UniversalPage.jsx,246,,w-full flex-1 flex flex-col min-h-0,1,
UniversalPage.jsx,src/pages/public/UniversalPage.jsx,250,,w-full flex-1 flex flex-col min-h-0,1,
UniversalPage.jsx,src/pages/public/UniversalPage.jsx,259,,h-full bg-transparent flex flex-col z-10 flex-1 min-w-0 w-full,4,
UniversalPage.jsx,src/pages/public/UniversalPage.jsx,262,,w-full flex flex-col items-center justify-center px-4 md:px-6 relative group max-w-4xl mx-auto,8,
UniversalPage.jsx,src/pages/public/UniversalPage.jsx,288,,w-full mt-6,1,
UniversalPage.jsx,src/pages/public/UniversalPage.jsx,295,,w-full flex justify-center items-center gap-2 mt-6 flex-wrap,1,
UniversalPage.jsx,src/pages/public/UniversalPage.jsx,301,,[Expressió Dinàmica],1,
UniversalPage.jsx,src/pages/public/UniversalPage.jsx,338,,w-full custom-scrollbar pt-2,1,
UniversalPage.jsx,src/pages/public/UniversalPage.jsx,339,,p-8 text-center animate-pulse,1,
UniversalPage.jsx,src/pages/public/UniversalPage.jsx,350,,app-cms-content w-full relative flex flex-col items-center,1,
ConflictResolutionPage.jsx,src/pages/system/ConflictResolutionPage.jsx,71,,min-h-screen bg-[#121212] text-[#e0e0e0] flex items-center justify-center p-6 font-sans,1,
ConflictResolutionPage.jsx,src/pages/system/ConflictResolutionPage.jsx,72,,max-w-4xl w-full bg-[#1e1e1e] border border-red-900/50 rounded-2xl shadow-2xl p-8 space-y-8,3,
ConflictResolutionPage.jsx,src/pages/system/ConflictResolutionPage.jsx,74,,text-center space-y-4 border-b border-gray-800 pb-6,3,
ConflictResolutionPage.jsx,src/pages/system/ConflictResolutionPage.jsx,79,,inline-flex items-center space-x-2 bg-red-500/10 text-red-400 px-4 py-2 rounded-full font-mono text-lg,2,
ConflictResolutionPage.jsx,src/pages/system/ConflictResolutionPage.jsx,85,,grid grid-cols-1 md:grid-cols-2 gap-8,4,
ConflictResolutionPage.jsx,src/pages/system/ConflictResolutionPage.jsx,87,,bg-[#2a2a2a] rounded-xl p-6 border-l-4 border-emerald-500,3,
ConflictResolutionPage.jsx,src/pages/system/ConflictResolutionPage.jsx,100,,bg-[#2a2a2a] rounded-xl p-6 border-l-4 border-blue-500,3,
ConflictResolutionPage.jsx,src/pages/system/ConflictResolutionPage.jsx,113,,text-center text-sm text-gray-500 pt-4,1,