Component,Arxiu,Tag,Linia,Chivatos,Num Fills,Atributs Extra,Classes CSS
App.jsx,src/App.jsx,div,180,OK,13,style,
App.jsx,src/App.jsx,header,181,OK,5,style,
App.jsx,src/App.jsx,div,182,OK,5,,
App.jsx,src/App.jsx,h1,183,OK,1,style,
App.jsx,src/App.jsx,div,184,OK,1,style,
App.jsx,src/App.jsx,div,187,OK,5,style,
App.jsx,src/App.jsx,button,188,OK,3,onClick disabled style title,
App.jsx,src/App.jsx,div,204,OK,5,style,
App.jsx,src/App.jsx,div,205,OK,3,,
App.jsx,src/App.jsx,strong,205,OK,1,,
App.jsx,src/App.jsx,div,206,OK,3,,
App.jsx,src/App.jsx,strong,206,OK,1,,
App.jsx,src/App.jsx,main,211,OK,9,style,
App.jsx,src/App.jsx,section,213,OK,5,,
App.jsx,src/App.jsx,h2,214,OK,1,style,
App.jsx,src/App.jsx,p,215,OK,1,,
App.jsx,src/App.jsx,section,219,OK,5,style,
App.jsx,src/App.jsx,h3,220,OK,1,style,
App.jsx,src/App.jsx,pre,221,OK,3,style,
App.jsx,src/App.jsx,PwaUpdater,228,OK,0,registration,
App.jsx,src/App.jsx,VisorNano,229,FANTASMA_BUIT,0,,
App.jsx,src/App.jsx,footer,231,OK,3,style,
App.jsx,src/App.jsx,div,232,WRAPPER_INUTIL,1,,
AppRouter.jsx,src/AppRouter.jsx,div,7,OK,1,,p-4
AppRouter.jsx,src/AppRouter.jsx,div,8,OK,1,,p-4
AppRouter.jsx,src/AppRouter.jsx,div,9,OK,1,,p-4
AppRouter.jsx,src/AppRouter.jsx,div,10,OK,2,,p-4
AppRouter.jsx,src/AppRouter.jsx,div,11,OK,1,,p-4
AppRouter.jsx,src/AppRouter.jsx,div,12,OK,1,,p-4
AppRouter.jsx,src/AppRouter.jsx,Routes,16,OK,3,,
AppRouter.jsx,src/AppRouter.jsx,Route,17,OK,21,path element,
AppRouter.jsx,src/AppRouter.jsx,AppShell,17,FANTASMA_BUIT,0,,
AppRouter.jsx,src/AppRouter.jsx,Route,19,OK,0,index element,
AppRouter.jsx,src/AppRouter.jsx,Navigate,19,OK,0,to replace,
AppRouter.jsx,src/AppRouter.jsx,Route,21,OK,0,path element,
AppRouter.jsx,src/AppRouter.jsx,MurFeed,21,FANTASMA_BUIT,0,,
AppRouter.jsx,src/AppRouter.jsx,Route,22,OK,0,path element,
AppRouter.jsx,src/AppRouter.jsx,Mercat,22,FANTASMA_BUIT,0,,
AppRouter.jsx,src/AppRouter.jsx,Route,23,OK,0,path element,
AppRouter.jsx,src/AppRouter.jsx,XatGlobal,23,FANTASMA_BUIT,0,,
AppRouter.jsx,src/AppRouter.jsx,Route,26,OK,5,path element,
AppRouter.jsx,src/AppRouter.jsx,AdminGuard,26,FANTASMA_BUIT,0,,
AppRouter.jsx,src/AppRouter.jsx,Route,27,OK,0,path element,
AppRouter.jsx,src/AppRouter.jsx,Moderacio,27,FANTASMA_BUIT,0,,
AppRouter.jsx,src/AppRouter.jsx,Route,28,OK,0,path element,
AppRouter.jsx,src/AppRouter.jsx,ConfigMas,28,FANTASMA_BUIT,0,,
AppShell.jsx,src/AppShell.jsx,div,6,OK,1,,bg-orange-600 text-white p-2 text-center text-sm font-bold tracking-widest z-10
AppShell.jsx,src/AppShell.jsx,div,10,OK,9,,min-h-screen flex flex-col bg-slate-100 text-slate-900 relative overflow-hidden
AppShell.jsx,src/AppShell.jsx,BrandBar,11,FANTASMA_BUIT,0,,
AppShell.jsx,src/AppShell.jsx,div,13,OK,13,,flex flex-1 overflow-hidden relative z-0
AppShell.jsx,src/AppShell.jsx,NavigationRail,15,FANTASMA_BUIT,0,,
AppShell.jsx,src/AppShell.jsx,main,18,OK,3,,flex-1 overflow-auto bg-slate-50 pt-6 px-4 md:px-8 pb-20 focus:outline-none relative z-10 shadow-inner
AppShell.jsx,src/AppShell.jsx,div,22,OK,5,,max-w-5xl mx-auto h-full
AppShell.jsx,src/AppShell.jsx,Outlet,23,FANTASMA_BUIT,0,,
AppShell.jsx,src/AppShell.jsx,aside,28,OK,3,,hidden xl:block w-80 border-l border-orange-500/20 bg-white/70 overflow-auto z-10
AppShell.jsx,src/AppShell.jsx,div,29,OK,1,,p-4 font-semibold text-slate-700
AppShell.jsx,src/AppShell.jsx,div,34,OK,0,,absolute inset-0 pointer-events-none z-50
AppLayout.test.jsx,src/__tests__/accessibility/AppLayout.test.jsx,AppLayout,14,OK,3,routeService authAdapter themeAdapter,
AppLayout.test.jsx,src/__tests__/accessibility/AppLayout.test.jsx,div,15,OK,1,data-testid style,
AppLayout.test.jsx,src/__tests__/accessibility/AppLayout.test.jsx,AppLayout,25,OK,3,routeService authAdapter themeAdapter,
AppLayout.test.jsx,src/__tests__/accessibility/AppLayout.test.jsx,div,26,OK,1,data-testid style,
AppShell.test.jsx,src/__tests__/accessibility/AppShell.test.jsx,AppShell,15,OK,3,authProps navProps themeProps routeService,
AppShell.test.jsx,src/__tests__/accessibility/AppShell.test.jsx,div,16,WRAPPER_INUTIL,1,,
AppShell.test.jsx,src/__tests__/accessibility/AppShell.test.jsx,AppShell,26,OK,3,authProps navProps themeProps routeService,
AppShell.test.jsx,src/__tests__/accessibility/AppShell.test.jsx,div,27,WRAPPER_INUTIL,1,,
AppShell.test.jsx,src/__tests__/components/AppShell.test.jsx,AppShell,14,OK,0,onAction,
AppShell.test.jsx,src/__tests__/components/AppShell.test.jsx,AppShell,22,OK,0,onAction,
AppShell.test.jsx,src/__tests__/components/AppShell.test.jsx,AppShell,30,OK,0,onAction,
Bars.test.jsx,src/__tests__/components/Bars.test.jsx,BrandBar,19,FANTASMA_BUIT,0,,
Bars.test.jsx,src/__tests__/components/Bars.test.jsx,ActionBar,20,FANTASMA_BUIT,0,,
UniversalHeader.test.jsx,src/__tests__/components/UniversalHeader.test.jsx,button,6,OK,1,onClick,
UniversalHeader.test.jsx,src/__tests__/components/UniversalHeader.test.jsx,UniversalHeader,15,FANTASMA_BUIT,0,,
UniversalHeader.test.jsx,src/__tests__/components/UniversalHeader.test.jsx,UniversalHeader,22,FANTASMA_BUIT,0,,
AppShell.integration.test.jsx,src/__tests__/integration/AppShell.integration.test.jsx,BrowserRouter,25,OK,3,,
AppShell.integration.test.jsx,src/__tests__/integration/AppShell.integration.test.jsx,AppLayout,26,OK,3,,
AppShell.integration.test.jsx,src/__tests__/integration/AppShell.integration.test.jsx,div,27,OK,1,data-testid,
App.jsx,src/app/App.jsx,SystemRoutes,40,FANTASMA_BUIT,0,,
App.jsx,src/app/App.jsx,AppLayout,45,FANTASMA_BUIT,0,,
App.jsx,src/app/App.jsx,GlobalModals,46,FANTASMA_BUIT,0,,
App.jsx,src/app/App.jsx,SEO,190,FANTASMA_BUIT,0,,
App.jsx,src/app/App.jsx,AntiTsunamiSync,191,FANTASMA_BUIT,0,,
App.jsx,src/app/App.jsx,ErrorBoundary,192,OK,3,fallbackMessage,
App.jsx,src/app/App.jsx,OfflineGate,193,OK,3,,
App.jsx,src/app/App.jsx,LocalFirstGate,194,OK,3,,
App.jsx,src/app/App.jsx,AuthGate,195,OK,3,,
App.jsx,src/app/App.jsx,LayoutBoundary,196,FANTASMA_BUIT,0,,
AppSkeleton.jsx,src/app/AppSkeleton.jsx,div,10,OK,13,style,
AppSkeleton.jsx,src/app/AppSkeleton.jsx,div,12,OK,0,style,
AppSkeleton.jsx,src/app/AppSkeleton.jsx,div,13,OK,0,style,
AppSkeleton.jsx,src/app/AppSkeleton.jsx,div,14,OK,0,style,
AppSkeleton.jsx,src/app/AppSkeleton.jsx,div,17,OK,3,style,
AppSkeleton.jsx,src/app/AppSkeleton.jsx,div,25,ESTILS_MESCLATS,0,key style,skeleton-card
Masia.jsx,src/app/Masia.jsx,div,11,OK,5,style,
Masia.jsx,src/app/Masia.jsx,h2,12,OK,1,,
Masia.jsx,src/app/Masia.jsx,pre,13,OK,1,,
Masia.jsx,src/app/Masia.jsx,div,23,ESTILS_MESCLATS,9,style,masia-contenidor
Masia.jsx,src/app/Masia.jsx,header,25,ESTILS_MESCLATS,5,style,capcalera-masia
Masia.jsx,src/app/Masia.jsx,h1,26,OK,1,,
Masia.jsx,src/app/Masia.jsx,div,27,OK,1,,estat-connexio
Masia.jsx,src/app/Masia.jsx,main,31,OK,3,style,
Masia.jsx,src/app/Masia.jsx,Suspense,32,OK,3,fallback,
Masia.jsx,src/app/Masia.jsx,MasiaEsquelet,32,FANTASMA_BUIT,0,,
Masia.jsx,src/app/Masia.jsx,MurDeTargetes,33,OK,0,dades,
SystemGuardian.jsx,src/app/SystemGuardian.jsx,div,62,OK,5,role aria-live,avisador-efímer trellat-entrar
SystemGuardian.jsx,src/app/SystemGuardian.jsx,span,63,OK,3,,
SystemGuardian.jsx,src/app/SystemGuardian.jsx,strong,63,OK,1,,
SystemGuardian.jsx,src/app/SystemGuardian.jsx,button,64,OK,1,onClick aria-label,tancar-avisador
iaiesMundialsMap.jsx,src/app/config/iaiesMundialsMap.jsx,Eye,14,OK,0,size,text-green-500
iaiesMundialsMap.jsx,src/app/config/iaiesMundialsMap.jsx,BrainCircuit,28,OK,0,size,text-orange-500
iaiesMundialsMap.jsx,src/app/config/iaiesMundialsMap.jsx,Ear,42,OK,0,size,text-yellow-500
iaiesMundialsMap.jsx,src/app/config/iaiesMundialsMap.jsx,BrainCircuit,56,OK,0,size,text-cyan-500
iaiesMundialsMap.jsx,src/app/config/iaiesMundialsMap.jsx,Code2,70,OK,0,size,text-indigo-500
iaiesMundialsMap.jsx,src/app/config/iaiesMundialsMap.jsx,Sparkles,84,OK,0,size,text-pink-500
iaiesMundialsMap.jsx,src/app/config/iaiesMundialsMap.jsx,BrainCircuit,96,OK,0,size,text-blue-400
iaiesMundialsMap.jsx,src/app/config/iaiesMundialsMap.jsx,Sparkles,110,OK,0,size,text-violet-500
iaiesMundialsMap.jsx,src/app/config/iaiesMundialsMap.jsx,Layers,124,OK,0,size,text-purple-500
iaiesMundialsMap.jsx,src/app/config/iaiesMundialsMap.jsx,Network,138,OK,0,size,text-blue-500
iaiesMundialsMap.jsx,src/app/config/iaiesMundialsMap.jsx,Terminal,152,OK,0,size,text-gray-700 dark:text-gray-300
iaiesMundialsMap.jsx,src/app/config/iaiesMundialsMap.jsx,Palette,166,OK,0,size,text-pink-400
iaiesMundialsMap.jsx,src/app/config/iaiesMundialsMap.jsx,Globe,180,OK,0,size,text-teal-500
entry.jsx,src/app/entry.jsx,ErrorBoundary,102,OK,3,fallbackMessage,
entry.jsx,src/app/entry.jsx,SystemGuardian,103,OK,3,,
entry.jsx,src/app/entry.jsx,QueryProvider,104,OK,3,,
entry.jsx,src/app/entry.jsx,HelmetProvider,105,OK,3,,
entry.jsx,src/app/entry.jsx,BrowserRouter,106,OK,3,,
entry.jsx,src/app/entry.jsx,DesignProvider,107,OK,3,,
entry.jsx,src/app/entry.jsx,ThemeProvider,108,OK,3,,
entry.jsx,src/app/entry.jsx,I18nProvider,109,OK,3,,
entry.jsx,src/app/entry.jsx,RealmProvider,110,OK,3,,
entry.jsx,src/app/entry.jsx,AuthProvider,111,OK,3,,
entry.jsx,src/app/entry.jsx,SocialProvider,112,OK,3,,
entry.jsx,src/app/entry.jsx,CartProvider,113,OK,3,,
entry.jsx,src/app/entry.jsx,NavigationProvider,114,OK,3,,
entry.jsx,src/app/entry.jsx,ModalProvider,115,OK,3,,
entry.jsx,src/app/entry.jsx,ToastProvider,116,OK,3,,
entry.jsx,src/app/entry.jsx,VersionGatekeeper,117,OK,3,,
entry.jsx,src/app/entry.jsx,SafeShell,118,OK,5,,
entry.jsx,src/app/entry.jsx,PwaUpdater,119,FANTASMA_BUIT,0,,
entry.jsx,src/app/entry.jsx,App,120,FANTASMA_BUIT,0,,
QueryProvider.jsx,src/app/providers/QueryProvider.jsx,QueryClientProvider,19,OK,3,client,
BrasaButton.jsx,src/components/BrasaButton.jsx,div,40,OK,3,ref role aria-label,inline-block group
BrasaButton.jsx,src/components/BrasaButton.jsx,button,41,OK,3,onClick onMouseEnter,px-4 py-2 rounded bg-orange-500 hover:bg-orange-600 text-white font-semibold transition-colors
ClauerDeLaTerreta.jsx,src/components/ClauerDeLaTerreta.jsx,div,37,OK,9,,max-w-2xl mx-auto bg-amber-50 dark:bg-neutral-900 p-8 rounded-[var(--radius-mestre;2rem)] shadow-2xl border border-amber-200 dark:border-neutral-800 isolate
ClauerDeLaTerreta.jsx,src/components/ClauerDeLaTerreta.jsx,div,38,OK,5,,flex items-center gap-4 mb-8
ClauerDeLaTerreta.jsx,src/components/ClauerDeLaTerreta.jsx,div,39,OK,3,,w-16 h-16 bg-amber-200 dark:bg-amber-900/30 text-amber-700 dark:text-[var(--sdp-taronja)] rounded-2xl flex items-center justify-center shadow-inner
ClauerDeLaTerreta.jsx,src/components/ClauerDeLaTerreta.jsx,KeyRound,40,OK,0,size strokeWidth,
ClauerDeLaTerreta.jsx,src/components/ClauerDeLaTerreta.jsx,div,42,OK,5,,
ClauerDeLaTerreta.jsx,src/components/ClauerDeLaTerreta.jsx,h2,43,OK,1,,text-2xl font-black uppercase tracking-widest text-amber-900 dark:text-amber-500
ClauerDeLaTerreta.jsx,src/components/ClauerDeLaTerreta.jsx,p,44,OK,1,,text-amber-700/80 dark:text-neutral-400 font-medium mt-1
ClauerDeLaTerreta.jsx,src/components/ClauerDeLaTerreta.jsx,div,49,OK,5,,bg-red-100 dark:bg-red-900/20 text-red-700 dark:text-red-400 px-4 py-3 rounded-xl flex items-start gap-3 mb-6 animate-in slide-in-from-top-2
ClauerDeLaTerreta.jsx,src/components/ClauerDeLaTerreta.jsx,AlertTriangle,50,OK,0,size,shrink-0 mt-0.5
ClauerDeLaTerreta.jsx,src/components/ClauerDeLaTerreta.jsx,p,51,OK,1,,font-bold text-sm
ClauerDeLaTerreta.jsx,src/components/ClauerDeLaTerreta.jsx,div,55,OK,3,,bg-white dark:bg-neutral-800 p-6 rounded-2xl shadow-sm border border-neutral-200 dark:border-neutral-700 mb-8
ClauerDeLaTerreta.jsx,src/components/ClauerDeLaTerreta.jsx,div,56,OK,3,,grid grid-cols-2 md:grid-cols-3 lg:grid-cols-4 gap-4
ClauerDeLaTerreta.jsx,src/components/ClauerDeLaTerreta.jsx,div,58,OK,5,key,relative
ClauerDeLaTerreta.jsx,src/components/ClauerDeLaTerreta.jsx,span,59,CSS_EXCESSIU,3,,absolute -top-2 -left-2 w-5 h-5 bg-neutral-200 dark:bg-neutral-700 text-neutral-600 dark:text-neutral-400 text-[10px] font-black rounded-full flex items-center justify-center z-10 border-2 border-white dark:border-neutral-800
ClauerDeLaTerreta.jsx,src/components/ClauerDeLaTerreta.jsx,input,62,CSS_EXCESSIU,0,type value onChange placeholder autoComplete spellCheck,w-full bg-neutral-50 dark:bg-neutral-900 border-none px-3 py-3 rounded-xl focus:ring-2 focus:ring-amber-500 dark:focus:ring-[var(--sdp-taronja)] transition-all text-center font-mono font-bold tracking-wider outline-none text-neutral-800 dark:text-neutral-200
ClauerDeLaTerreta.jsx,src/components/ClauerDeLaTerreta.jsx,button,82,CSS_EXCESSIU,5,onClick disabled,w-full flex justify-center items-center gap-2 bg-amber-600 dark:bg-[var(--sdp-taronja)] text-white hover:bg-amber-700 disabled:opacity-50 disabled:grayscale py-4 rounded-xl font-black uppercase tracking-widest text-lg transition-all active:scale-95 shadow-lg
ClauerDeLaTerreta.jsx,src/components/ClauerDeLaTerreta.jsx,Tractor,87,OK,0,,animate-pulse
ClauerDeLaTerreta.jsx,src/components/ClauerDeLaTerreta.jsx,ShieldCheck,87,FANTASMA_BUIT,0,,
ClauerVisual.jsx,src/components/ClauerVisual.jsx,div,59,ESTILS_MESCLATS,11,style,clauer-contenidor
ClauerVisual.jsx,src/components/ClauerVisual.jsx,div,62,ESTILS_MESCLATS | PERILL_XSS,0,dangerouslySetInnerHTML style,empremta
ClauerVisual.jsx,src/components/ClauerVisual.jsx,h3,66,OK,1,,
ClauerVisual.jsx,src/components/ClauerVisual.jsx,p,67,OK,1,style,
ClauerVisual.jsx,src/components/ClauerVisual.jsx,div,68,ESTILS_MESCLATS,3,style,llista-paraules
ClauerVisual.jsx,src/components/ClauerVisual.jsx,div,70,OK,5,key style,
ClauerVisual.jsx,src/components/ClauerVisual.jsx,strong,71,OK,1,,
ClauerVisual.jsx,src/components/ClauerVisual.jsx,button,75,OK,1,onClick style,
ClauerVisual.jsx,src/components/ClauerVisual.jsx,div,80,OK,7,,recuperacio
ClauerVisual.jsx,src/components/ClauerVisual.jsx,h3,81,OK,1,,
ClauerVisual.jsx,src/components/ClauerVisual.jsx,p,82,OK,1,,
ClauerVisual.jsx,src/components/ClauerVisual.jsx,input,83,OK,0,type onChange accept,
ClauerVisual.jsx,src/components/ClauerVisual.jsx,div,88,ESTILS_MESCLATS,3,style,indicador-estat
Mercat.jsx,src/components/Mercat.jsx,div,21,OK,9,,max-w-4xl mx-auto py-8
Mercat.jsx,src/components/Mercat.jsx,div,22,OK,5,,flex flex-col md:flex-row justify-between items-center mb-10 gap-4
Mercat.jsx,src/components/Mercat.jsx,h1,23,OK,1,,text-4xl font-black text-slate-800
Mercat.jsx,src/components/Mercat.jsx,button,24,OK,1,onClick,bg-orange-500 hover:bg-orange-600 transition-colors text-white px-8 py-4 rounded-2xl font-black shadow-md
Mercat.jsx,src/components/Mercat.jsx,div,32,OK,3,,grid md:grid-cols-2 gap-6
Mercat.jsx,src/components/Mercat.jsx,UniversalCard,36,OK,0,key item variant onContact,
Mercat.jsx,src/components/Mercat.jsx,div,48,OK,7,,text-center py-24 bg-white rounded-3xl border border-slate-100 shadow-sm mt-8
Mercat.jsx,src/components/Mercat.jsx,div,49,OK,1,,mx-auto w-32 h-32 bg-orange-100 rounded-full flex items-center justify-center text-6xl mb-8
Mercat.jsx,src/components/Mercat.jsx,p,52,OK,1,,text-3xl font-black mb-4 text-slate-800
Mercat.jsx,src/components/Mercat.jsx,p,53,OK,1,,text-slate-500 max-w-md mx-auto
MurFeed.jsx,src/components/MurFeed.jsx,div,24,OK,1,,text-center py-12 font-medium text-slate-500
MurFeed.jsx,src/components/MurFeed.jsx,div,28,OK,7,,max-w-2xl mx-auto py-8
MurFeed.jsx,src/components/MurFeed.jsx,div,30,OK,3,,mb-10 text-center
MurFeed.jsx,src/components/MurFeed.jsx,div,31,OK,3,,inline-block bg-white p-6 rounded-3xl border-2 border-orange-400 shadow-sm
MurFeed.jsx,src/components/MurFeed.jsx,p,32,OK,1,,text-xl font-medium text-slate-800
MurFeed.jsx,src/components/MurFeed.jsx,div,36,OK,7,,space-y-6
MurFeed.jsx,src/components/MurFeed.jsx,UniversalCard,40,OK,0,key item variant onLike onComment,
MurFeed.jsx,src/components/MurFeed.jsx,div,52,OK,11,,text-center py-20 border-2 border-dashed border-orange-300 rounded-3xl bg-orange-50/50
MurFeed.jsx,src/components/MurFeed.jsx,div,53,OK,1,,text-6xl mb-6
MurFeed.jsx,src/components/MurFeed.jsx,p,54,OK,1,,text-2xl font-black mb-3 text-slate-800
MurFeed.jsx,src/components/MurFeed.jsx,p,55,OK,1,,text-slate-500
MurFeed.jsx,src/components/MurFeed.jsx,div,57,OK,1,,mt-8 text-sm text-slate-400 italic
NavigationRail.jsx,src/components/NavigationRail.jsx,span,5,WRAPPER_INUTIL,1,,
NavigationRail.jsx,src/components/NavigationRail.jsx,span,6,WRAPPER_INUTIL,1,,
NavigationRail.jsx,src/components/NavigationRail.jsx,span,7,WRAPPER_INUTIL,1,,
NavigationRail.jsx,src/components/NavigationRail.jsx,span,8,WRAPPER_INUTIL,1,,
NavigationRail.jsx,src/components/NavigationRail.jsx,HomeIcon,15,FANTASMA_BUIT,0,,
NavigationRail.jsx,src/components/NavigationRail.jsx,StoreIcon,16,FANTASMA_BUIT,0,,
NavigationRail.jsx,src/components/NavigationRail.jsx,MessageIcon,17,FANTASMA_BUIT,0,,
NavigationRail.jsx,src/components/NavigationRail.jsx,nav,21,OK,7,,hidden md:flex w-16 lg:w-64 bg-black text-white flex-col border-r border-white/10 z-10
NavigationRail.jsx,src/components/NavigationRail.jsx,div,22,OK,5,,p-4 flex items-center justify-center
NavigationRail.jsx,src/components/NavigationRail.jsx,span,24,OK,1,,font-bold text-xl text-orange-500
NavigationRail.jsx,src/components/NavigationRail.jsx,div,27,OK,3,,flex-1 px-3 py-6 space-y-2
NavigationRail.jsx,src/components/NavigationRail.jsx,NavLink,29,OK,5,key to,[Dinàmic]
NavigationRail.jsx,src/components/NavigationRail.jsx,span,38,OK,1,,font-medium hidden lg:block
NavigationRail.jsx,src/components/NavigationRail.jsx,div,44,OK,3,,p-4 border-t border-white/10
NavigationRail.jsx,src/components/NavigationRail.jsx,NavLink,45,OK,5,to,flex items-center gap-3 text-orange-400 hover:text-orange-300
NavigationRail.jsx,src/components/NavigationRail.jsx,ShieldIcon,46,FANTASMA_BUIT,0,,
NavigationRail.jsx,src/components/NavigationRail.jsx,span,46,OK,1,,hidden lg:block
NouPost.jsx,src/components/NouPost.jsx,span,11,WRAPPER_INUTIL,1,,
NouPost.jsx,src/components/NouPost.jsx,span,12,WRAPPER_INUTIL,1,,
NouPost.jsx,src/components/NouPost.jsx,span,13,WRAPPER_INUTIL,1,,
NouPost.jsx,src/components/NouPost.jsx,div,113,OK,3,,max-w-2xl mx-auto px-4 py-10
NouPost.jsx,src/components/NouPost.jsx,div,114,OK,13,,bg-white border-2 border-orange-400 rounded-3xl p-8 shadow-xl relative overflow-hidden
NouPost.jsx,src/components/NouPost.jsx,div,117,OK,3,,absolute top-0 right-0 p-4 opacity-10 pointer-events-none
NouPost.jsx,src/components/NouPost.jsx,Tractor,118,FANTASMA_BUIT,0,,
NouPost.jsx,src/components/NouPost.jsx,div,121,OK,5,,flex items-center gap-4 mb-8
NouPost.jsx,src/components/NouPost.jsx,div,122,OK,1,,w-16 h-16 bg-orange-100 rounded-2xl flex items-center justify-center text-4xl
NouPost.jsx,src/components/NouPost.jsx,div,123,OK,5,,
NouPost.jsx,src/components/NouPost.jsx,h1,124,OK,1,,text-3xl md:text-4xl font-black text-slate-800
NouPost.jsx,src/components/NouPost.jsx,p,125,OK,1,,text-slate-500
NouPost.jsx,src/components/NouPost.jsx,div,130,OK,5,,flex gap-4 mb-8
NouPost.jsx,src/components/NouPost.jsx,button,131,OK,1,type onClick,[Dinàmic]
NouPost.jsx,src/components/NouPost.jsx,button,138,OK,1,type onClick,[Dinàmic]
NouPost.jsx,src/components/NouPost.jsx,form,147,OK,13,onSubmit,space-y-8 relative z-10
NouPost.jsx,src/components/NouPost.jsx,div,148,OK,7,,
NouPost.jsx,src/components/NouPost.jsx,label,149,OK,1,,block text-sm font-black mb-2 text-slate-700
NouPost.jsx,src/components/NouPost.jsx,input,150,OK,0,type value onChange placeholder,w-full p-4 rounded-2xl border border-orange-200 focus:border-orange-500 focus:ring-2 focus:ring-orange-200 outline-none
NouPost.jsx,src/components/NouPost.jsx,p,157,OK,1,,text-red-500 text-sm mt-1
NouPost.jsx,src/components/NouPost.jsx,div,160,OK,7,,
NouPost.jsx,src/components/NouPost.jsx,label,161,OK,1,,block text-sm font-black mb-2 text-slate-700
NouPost.jsx,src/components/NouPost.jsx,textarea,162,OK,0,value onChange rows placeholder,w-full p-4 rounded-3xl border border-orange-200 focus:border-orange-500 focus:ring-2 focus:ring-orange-200 outline-none resize-y
NouPost.jsx,src/components/NouPost.jsx,p,169,OK,1,,text-red-500 text-sm mt-1
NouPost.jsx,src/components/NouPost.jsx,div,173,OK,5,,grid grid-cols-2 gap-6
NouPost.jsx,src/components/NouPost.jsx,div,174,OK,5,,
NouPost.jsx,src/components/NouPost.jsx,label,175,OK,1,,block text-sm font-black mb-2 text-slate-700
NouPost.jsx,src/components/NouPost.jsx,input,176,OK,0,type value onChange placeholder,w-full p-4 rounded-2xl border border-orange-200 outline-none focus:border-orange-500
NouPost.jsx,src/components/NouPost.jsx,div,184,OK,5,,
NouPost.jsx,src/components/NouPost.jsx,label,185,OK,1,,block text-sm font-black mb-2 text-slate-700
NouPost.jsx,src/components/NouPost.jsx,select,186,OK,9,value onChange,w-full p-4 rounded-2xl border border-orange-200 outline-none focus:border-orange-500 bg-white
NouPost.jsx,src/components/NouPost.jsx,option,191,OK,1,value,
NouPost.jsx,src/components/NouPost.jsx,option,192,OK,1,value,
NouPost.jsx,src/components/NouPost.jsx,option,193,OK,1,value,
NouPost.jsx,src/components/NouPost.jsx,option,194,OK,1,value,
NouPost.jsx,src/components/NouPost.jsx,div,201,OK,7,,
NouPost.jsx,src/components/NouPost.jsx,label,202,OK,1,,block text-sm font-black mb-3 text-slate-700
NouPost.jsx,src/components/NouPost.jsx,div,203,OK,5,,border-2 border-dashed border-orange-300 rounded-3xl p-8 text-center bg-orange-50/30 hover:bg-orange-50 transition-colors
NouPost.jsx,src/components/NouPost.jsx,input,204,OK,0,type multiple accept onChange,hidden
NouPost.jsx,src/components/NouPost.jsx,label,205,OK,5,htmlFor,cursor-pointer flex flex-col items-center
NouPost.jsx,src/components/NouPost.jsx,div,206,OK,1,,text-4xl mb-2
NouPost.jsx,src/components/NouPost.jsx,Upload,206,FANTASMA_BUIT,0,,
NouPost.jsx,src/components/NouPost.jsx,span,207,OK,1,,font-medium text-slate-600
NouPost.jsx,src/components/NouPost.jsx,div,212,OK,3,,mt-6 space-y-4
NouPost.jsx,src/components/NouPost.jsx,div,214,OK,5,key,flex items-center gap-4 bg-slate-50 p-4 rounded-2xl border border-slate-100
NouPost.jsx,src/components/NouPost.jsx,div,215,OK,5,,flex-1
NouPost.jsx,src/components/NouPost.jsx,div,216,OK,1,,text-sm truncate text-slate-700 font-medium
NouPost.jsx,src/components/NouPost.jsx,div,217,OK,3,,h-2 bg-slate-200 rounded-full overflow-hidden mt-2
NouPost.jsx,src/components/NouPost.jsx,button,225,OK,3,type onClick,text-red-500 p-2 hover:bg-red-50 rounded-lg
NouPost.jsx,src/components/NouPost.jsx,X,226,FANTASMA_BUIT,0,,
NouPost.jsx,src/components/NouPost.jsx,button,234,OK,5,type disabled,w-full py-5 bg-orange-500 hover:bg-orange-600 text-white font-black text-xl rounded-3xl transition-all disabled:opacity-70 flex items-center justify-center gap-3 shadow-md
NouPost.jsx,src/components/NouPost.jsx,Tractor,240,FANTASMA_BUIT,0,,
PwaUpdater.jsx,src/components/PwaUpdater.jsx,div,51,OK,5,aria-live style,
PwaUpdater.jsx,src/components/PwaUpdater.jsx,div,53,OK,5,style,
PwaUpdater.jsx,src/components/PwaUpdater.jsx,div,54,OK,1,style,
PwaUpdater.jsx,src/components/PwaUpdater.jsx,div,55,OK,3,style,
PwaUpdater.jsx,src/components/PwaUpdater.jsx,button,56,OK,1,onClick style,
PwaUpdater.jsx,src/components/PwaUpdater.jsx,div,61,OK,1,style,
RecuperacioDelMas.jsx,src/components/RecuperacioDelMas.jsx,style,258,OK,1,,
RecuperacioDelMas.jsx,src/components/RecuperacioDelMas.jsx,div,305,OK,3,style aria-hidden,
RecuperacioDelMas.jsx,src/components/RecuperacioDelMas.jsx,div,307,OK,0,key style,
RecuperacioDelMas.jsx,src/components/RecuperacioDelMas.jsx,div,325,OK,3,style role aria-valuenow aria-valuemax aria-label,
RecuperacioDelMas.jsx,src/components/RecuperacioDelMas.jsx,div,330,OK,0,key style aria-label,
RecuperacioDelMas.jsx,src/components/RecuperacioDelMas.jsx,div,379,OK,5,style,
RecuperacioDelMas.jsx,src/components/RecuperacioDelMas.jsx,p,380,OK,3,style,
RecuperacioDelMas.jsx,src/components/RecuperacioDelMas.jsx,div,383,OK,3,role aria-label,
RecuperacioDelMas.jsx,src/components/RecuperacioDelMas.jsx,input,385,OK,0,key ref type inputMode maxLength value onChange onKeyDown onPaste style aria-label autoFocus,
RecuperacioDelMas.jsx,src/components/RecuperacioDelMas.jsx,div,553,ESTILS_MESCLATS,13,style,anim-apareixer
RecuperacioDelMas.jsx,src/components/RecuperacioDelMas.jsx,div,554,OK,1,style aria-hidden,
RecuperacioDelMas.jsx,src/components/RecuperacioDelMas.jsx,h2,555,OK,1,style,
RecuperacioDelMas.jsx,src/components/RecuperacioDelMas.jsx,p,558,OK,1,style,
RecuperacioDelMas.jsx,src/components/RecuperacioDelMas.jsx,button,562,ESTILS_MESCLATS,3,onClick style aria-label,boto-pols
RecuperacioDelMas.jsx,src/components/RecuperacioDelMas.jsx,span,568,OK,1,style,
RecuperacioDelMas.jsx,src/components/RecuperacioDelMas.jsx,button,572,ESTILS_MESCLATS,3,onClick style aria-label,boto-pols
RecuperacioDelMas.jsx,src/components/RecuperacioDelMas.jsx,span,578,OK,1,style,
RecuperacioDelMas.jsx,src/components/RecuperacioDelMas.jsx,button,582,ESTILS_MESCLATS,3,onClick style aria-label,boto-pols
RecuperacioDelMas.jsx,src/components/RecuperacioDelMas.jsx,span,588,OK,1,style,
RecuperacioDelMas.jsx,src/components/RecuperacioDelMas.jsx,div,596,ESTILS_MESCLATS,9,style,anim-apareixer
RecuperacioDelMas.jsx,src/components/RecuperacioDelMas.jsx,h2,597,OK,1,style,
RecuperacioDelMas.jsx,src/components/RecuperacioDelMas.jsx,p,598,OK,1,style,
RecuperacioDelMas.jsx,src/components/RecuperacioDelMas.jsx,video,600,OK,0,ref style autoPlay playsInline muted aria-label,
RecuperacioDelMas.jsx,src/components/RecuperacioDelMas.jsx,div,609,OK,5,style,
RecuperacioDelMas.jsx,src/components/RecuperacioDelMas.jsx,button,610,OK,1,onClick style,
RecuperacioDelMas.jsx,src/components/RecuperacioDelMas.jsx,button,619,OK,1,onClick style,
RecuperacioDelMas.jsx,src/components/RecuperacioDelMas.jsx,div,635,ESTILS_MESCLATS,9,style,anim-apareixer
RecuperacioDelMas.jsx,src/components/RecuperacioDelMas.jsx,h2,636,OK,1,style,
RecuperacioDelMas.jsx,src/components/RecuperacioDelMas.jsx,p,637,OK,3,style,
RecuperacioDelMas.jsx,src/components/RecuperacioDelMas.jsx,EntradaPIN,643,OK,0,onComplet etiqueta,
RecuperacioDelMas.jsx,src/components/RecuperacioDelMas.jsx,button,648,OK,1,onClick style,
RecuperacioDelMas.jsx,src/components/RecuperacioDelMas.jsx,div,659,OK,9,,anim-apareixer
RecuperacioDelMas.jsx,src/components/RecuperacioDelMas.jsx,h2,660,OK,1,style,
RecuperacioDelMas.jsx,src/components/RecuperacioDelMas.jsx,p,661,OK,3,style,
RecuperacioDelMas.jsx,src/components/RecuperacioDelMas.jsx,div,667,OK,3,style role aria-label,
RecuperacioDelMas.jsx,src/components/RecuperacioDelMas.jsx,button,669,OK,7,key onClick style aria-pressed aria-label,
RecuperacioDelMas.jsx,src/components/RecuperacioDelMas.jsx,div,679,OK,1,style,
RecuperacioDelMas.jsx,src/components/RecuperacioDelMas.jsx,div,680,OK,1,style,
RecuperacioDelMas.jsx,src/components/RecuperacioDelMas.jsx,div,682,OK,1,style aria-hidden,
RecuperacioDelMas.jsx,src/components/RecuperacioDelMas.jsx,div,688,OK,7,style,
RecuperacioDelMas.jsx,src/components/RecuperacioDelMas.jsx,p,689,OK,3,style,
RecuperacioDelMas.jsx,src/components/RecuperacioDelMas.jsx,button,693,ESTILS_MESCLATS,5,onClick disabled style aria-label,boto-pols
RecuperacioDelMas.jsx,src/components/RecuperacioDelMas.jsx,span,705,OK,1,style,
RecuperacioDelMas.jsx,src/components/RecuperacioDelMas.jsx,button,709,OK,1,onClick style,
RecuperacioDelMas.jsx,src/components/RecuperacioDelMas.jsx,div,721,ESTILS_MESCLATS,11,style,anim-apareixer
RecuperacioDelMas.jsx,src/components/RecuperacioDelMas.jsx,div,722,OK,0,style aria-hidden,
RecuperacioDelMas.jsx,src/components/RecuperacioDelMas.jsx,style,734,OK,1,,
RecuperacioDelMas.jsx,src/components/RecuperacioDelMas.jsx,h2,735,OK,1,style,
RecuperacioDelMas.jsx,src/components/RecuperacioDelMas.jsx,p,736,OK,1,style,
RecuperacioDelMas.jsx,src/components/RecuperacioDelMas.jsx,div,740,OK,3,style,
RecuperacioDelMas.jsx,src/components/RecuperacioDelMas.jsx,div,749,ESTILS_MESCLATS,13,style,anim-apareixer
RecuperacioDelMas.jsx,src/components/RecuperacioDelMas.jsx,ConfetiResurreccio,750,OK,0,actiu,
RecuperacioDelMas.jsx,src/components/RecuperacioDelMas.jsx,div,751,OK,1,style aria-hidden,
RecuperacioDelMas.jsx,src/components/RecuperacioDelMas.jsx,h2,752,OK,1,style,
RecuperacioDelMas.jsx,src/components/RecuperacioDelMas.jsx,p,755,OK,1,style,
RecuperacioDelMas.jsx,src/components/RecuperacioDelMas.jsx,div,760,OK,3,style,
RecuperacioDelMas.jsx,src/components/RecuperacioDelMas.jsx,div,765,OK,3,style,
RecuperacioDelMas.jsx,src/components/RecuperacioDelMas.jsx,p,772,OK,3,style,
RecuperacioDelMas.jsx,src/components/RecuperacioDelMas.jsx,strong,773,OK,1,,
RecuperacioDelMas.jsx,src/components/RecuperacioDelMas.jsx,div,781,ESTILS_MESCLATS,13,style,anim-apareixer
RecuperacioDelMas.jsx,src/components/RecuperacioDelMas.jsx,div,782,OK,1,style aria-hidden,
RecuperacioDelMas.jsx,src/components/RecuperacioDelMas.jsx,h2,783,OK,1,style,
RecuperacioDelMas.jsx,src/components/RecuperacioDelMas.jsx,p,786,OK,1,style,
RecuperacioDelMas.jsx,src/components/RecuperacioDelMas.jsx,div,791,OK,3,style,
RecuperacioDelMas.jsx,src/components/RecuperacioDelMas.jsx,button,796,ESTILS_MESCLATS,3,onClick style,boto-pols
RecuperacioDelMas.jsx,src/components/RecuperacioDelMas.jsx,span,801,OK,1,style,
RecuperacioDelMas.jsx,src/components/RecuperacioDelMas.jsx,button,805,OK,3,onClick style,
RecuperacioDelMas.jsx,src/components/RecuperacioDelMas.jsx,span,809,OK,1,style,
RecuperacioDelMas.jsx,src/components/RecuperacioDelMas.jsx,AnimacionsCSS,822,FANTASMA_BUIT,0,,
RecuperacioDelMas.jsx,src/components/RecuperacioDelMas.jsx,main,823,OK,9,style role aria-label,
RecuperacioDelMas.jsx,src/components/RecuperacioDelMas.jsx,IndicadorPassos,828,OK,0,total actual completats,
RecuperacioDelMas.jsx,src/components/RecuperacioDelMas.jsx,div,834,OK,3,style,
RecuperacioDelMas.jsx,src/components/RecuperacioDelMas.jsx,footer,839,OK,5,style,
RecuperacioDelMas.jsx,src/components/RecuperacioDelMas.jsx,p,847,OK,1,style,
RecuperacioDelMas.jsx,src/components/RecuperacioDelMas.jsx,p,848,OK,3,style,
SpriteConsole.jsx,src/components/SpriteConsole.jsx,div,52,WRAPPER_INUTIL,1,,
SpriteConsole.jsx,src/components/SpriteConsole.jsx,div,56,OK,7,,p-4 bg-[var(--sdp-bg-surface)] rounded-md shadow-sm
SpriteConsole.jsx,src/components/SpriteConsole.jsx,h3,57,OK,1,,text-lg font-semibold mb-3
SpriteConsole.jsx,src/components/SpriteConsole.jsx,div,59,OK,5,,grid md:grid-cols-3 gap-4
SpriteConsole.jsx,src/components/SpriteConsole.jsx,div,60,OK,15,,md:col-span-1 space-y-3
SpriteConsole.jsx,src/components/SpriteConsole.jsx,label,61,OK,1,,block text-sm
SpriteConsole.jsx,src/components/SpriteConsole.jsx,select,62,OK,3,value onChange,w-full p-2 rounded bg-slate-800
SpriteConsole.jsx,src/components/SpriteConsole.jsx,option,63,OK,1,key value,
SpriteConsole.jsx,src/components/SpriteConsole.jsx,label,66,OK,1,,block text-sm
SpriteConsole.jsx,src/components/SpriteConsole.jsx,select,67,OK,3,value onChange,w-full p-2 rounded bg-slate-800
SpriteConsole.jsx,src/components/SpriteConsole.jsx,option,68,OK,1,key value,
SpriteConsole.jsx,src/components/SpriteConsole.jsx,label,71,OK,1,,block text-sm
SpriteConsole.jsx,src/components/SpriteConsole.jsx,input,72,OK,0,type min max value onChange,w-full
SpriteConsole.jsx,src/components/SpriteConsole.jsx,div,74,OK,7,,flex gap-2 mt-2
SpriteConsole.jsx,src/components/SpriteConsole.jsx,button,75,OK,1,onClick,px-3 py-2 bg-orange-500 rounded text-black font-semibold
SpriteConsole.jsx,src/components/SpriteConsole.jsx,button,76,OK,1,onClick,px-3 py-2 border rounded text-slate-200
SpriteConsole.jsx,src/components/SpriteConsole.jsx,button,77,OK,3,onClick,px-3 py-2 rounded bg-slate-700 text-slate-100
SpriteConsole.jsx,src/components/SpriteConsole.jsx,div,83,OK,5,,md:col-span-2 flex gap-4
SpriteConsole.jsx,src/components/SpriteConsole.jsx,div,84,OK,3,ref style,[Dinàmic]
SpriteConsole.jsx,src/components/SpriteConsole.jsx,SpriteComponent,85,OK,0,size ariaLabel,sprite-wrapper
SpriteConsole.jsx,src/components/SpriteConsole.jsx,div,88,OK,5,,w-48 p-2 bg-slate-900 rounded text-xs text-slate-300
SpriteConsole.jsx,src/components/SpriteConsole.jsx,div,89,OK,1,,font-medium mb-2
SpriteConsole.jsx,src/components/SpriteConsole.jsx,div,90,OK,5,style,
SpriteConsole.jsx,src/components/SpriteConsole.jsx,div,91,OK,1,,text-slate-500
SpriteConsole.jsx,src/components/SpriteConsole.jsx,div,92,OK,1,key,py-1 border-b border-slate-800
SpriteConsole.jsx,src/components/SpriteConsole.jsx,div,98,OK,1,,mt-4 text-xs text-slate-400
SpriteConsoleExtended.jsx,src/components/SpriteConsoleExtended.jsx,div,143,WRAPPER_INUTIL,1,,
SpriteConsoleExtended.jsx,src/components/SpriteConsoleExtended.jsx,div,146,ESTILS_MESCLATS,3,style,p-2 bg-[var(--sdp-bg-primary)] rounded
SpriteConsoleExtended.jsx,src/components/SpriteConsoleExtended.jsx,Comp,147,OK,0,size ariaLabel,sprite-wrapper
SpriteConsoleExtended.jsx,src/components/SpriteConsoleExtended.jsx,div,153,OK,5,,p-4 bg-[var(--sdp-bg-surface)] rounded-md shadow-sm space-y-4
SpriteConsoleExtended.jsx,src/components/SpriteConsoleExtended.jsx,h3,154,OK,1,,text-lg font-semibold
SpriteConsoleExtended.jsx,src/components/SpriteConsoleExtended.jsx,div,156,OK,5,,grid md:grid-cols-3 gap-4
SpriteConsoleExtended.jsx,src/components/SpriteConsoleExtended.jsx,div,157,OK,15,,space-y-3
SpriteConsoleExtended.jsx,src/components/SpriteConsoleExtended.jsx,label,158,OK,1,,block text-sm
SpriteConsoleExtended.jsx,src/components/SpriteConsoleExtended.jsx,select,159,OK,3,value onChange,w-full p-2 rounded bg-slate-800
SpriteConsoleExtended.jsx,src/components/SpriteConsoleExtended.jsx,option,160,OK,1,key value,
SpriteConsoleExtended.jsx,src/components/SpriteConsoleExtended.jsx,label,163,OK,1,,block text-sm
SpriteConsoleExtended.jsx,src/components/SpriteConsoleExtended.jsx,select,164,OK,3,value onChange,w-full p-2 rounded bg-slate-800
SpriteConsoleExtended.jsx,src/components/SpriteConsoleExtended.jsx,option,165,OK,1,key value,
SpriteConsoleExtended.jsx,src/components/SpriteConsoleExtended.jsx,div,168,OK,5,,flex gap-2 mt-2
SpriteConsoleExtended.jsx,src/components/SpriteConsoleExtended.jsx,button,169,OK,1,onClick,px-3 py-2 bg-orange-500 rounded text-black font-semibold
SpriteConsoleExtended.jsx,src/components/SpriteConsoleExtended.jsx,button,170,OK,1,onClick,px-3 py-2 border rounded text-slate-200
SpriteConsoleExtended.jsx,src/components/SpriteConsoleExtended.jsx,label,173,OK,1,,block text-sm mt-3
SpriteConsoleExtended.jsx,src/components/SpriteConsoleExtended.jsx,input,174,OK,0,type min max value onChange,w-full
SpriteConsoleExtended.jsx,src/components/SpriteConsoleExtended.jsx,div,177,OK,7,,md:col-span-2 space-y-3
SpriteConsoleExtended.jsx,src/components/SpriteConsoleExtended.jsx,div,178,OK,5,,flex gap-3
SpriteConsoleExtended.jsx,src/components/SpriteConsoleExtended.jsx,div,179,OK,9,,flex-1 grid grid-cols-2 gap-3
SpriteConsoleExtended.jsx,src/components/SpriteConsoleExtended.jsx,SpritePreview,180,OK,0,keyName,
SpriteConsoleExtended.jsx,src/components/SpriteConsoleExtended.jsx,SpritePreview,181,OK,0,keyName,
SpriteConsoleExtended.jsx,src/components/SpriteConsoleExtended.jsx,SpritePreview,182,OK,0,keyName,
SpriteConsoleExtended.jsx,src/components/SpriteConsoleExtended.jsx,SpritePreview,183,OK,0,keyName,
SpriteConsoleExtended.jsx,src/components/SpriteConsoleExtended.jsx,div,186,OK,5,,w-64 p-2 bg-slate-900 rounded text-xs text-slate-300
SpriteConsoleExtended.jsx,src/components/SpriteConsoleExtended.jsx,div,187,OK,1,,font-medium mb-2
SpriteConsoleExtended.jsx,src/components/SpriteConsoleExtended.jsx,div,188,OK,5,style,
SpriteConsoleExtended.jsx,src/components/SpriteConsoleExtended.jsx,div,189,OK,1,,text-slate-500
SpriteConsoleExtended.jsx,src/components/SpriteConsoleExtended.jsx,div,190,OK,1,key,py-1 border-b border-slate-800
SpriteConsoleExtended.jsx,src/components/SpriteConsoleExtended.jsx,div,195,OK,5,,bg-[var(--sdp-bg-primary)] p-3 rounded
SpriteConsoleExtended.jsx,src/components/SpriteConsoleExtended.jsx,div,196,OK,7,,flex items-center gap-3
SpriteConsoleExtended.jsx,src/components/SpriteConsoleExtended.jsx,label,197,OK,1,,font-medium
SpriteConsoleExtended.jsx,src/components/SpriteConsoleExtended.jsx,select,198,OK,3,value onChange,p-2 rounded bg-slate-800
SpriteConsoleExtended.jsx,src/components/SpriteConsoleExtended.jsx,option,199,OK,1,key value,
SpriteConsoleExtended.jsx,src/components/SpriteConsoleExtended.jsx,button,201,OK,1,onClick,ml-auto px-3 py-2 bg-emerald-500 rounded text-black
SpriteConsoleExtended.jsx,src/components/SpriteConsoleExtended.jsx,div,203,OK,1,,text-xs text-slate-400 mt-2
SpriteConsoleExtended.jsx,src/components/SpriteConsoleExtended.jsx,div,206,OK,7,,bg-[var(--sdp-bg-primary)] p-3 rounded space-y-2
SpriteConsoleExtended.jsx,src/components/SpriteConsoleExtended.jsx,div,207,OK,11,,flex items-center gap-2
SpriteConsoleExtended.jsx,src/components/SpriteConsoleExtended.jsx,button,208,OK,3,onClick,[Dinàmic]
SpriteConsoleExtended.jsx,src/components/SpriteConsoleExtended.jsx,button,212,OK,1,onClick,px-3 py-2 border rounded
SpriteConsoleExtended.jsx,src/components/SpriteConsoleExtended.jsx,input,224,OK,0,value onChange placeholder,ml-2 p-2 rounded bg-slate-800
SpriteConsoleExtended.jsx,src/components/SpriteConsoleExtended.jsx,button,225,OK,1,onClick,px-3 py-2 bg-blue-600 rounded text-white
SpriteConsoleExtended.jsx,src/components/SpriteConsoleExtended.jsx,button,226,OK,1,onClick,px-3 py-2 bg-indigo-600 rounded text-white
SpriteConsoleExtended.jsx,src/components/SpriteConsoleExtended.jsx,div,229,OK,2,,text-xs text-slate-400
SpriteConsoleExtended.jsx,src/components/SpriteConsoleExtended.jsx,div,231,OK,5,,grid grid-cols-2 gap-2 mt-2
SpriteConsoleExtended.jsx,src/components/SpriteConsoleExtended.jsx,div,232,OK,5,,
SpriteConsoleExtended.jsx,src/components/SpriteConsoleExtended.jsx,label,233,OK,1,,text-xs
SpriteConsoleExtended.jsx,src/components/SpriteConsoleExtended.jsx,select,234,OK,5,onChange,w-full p-2 rounded bg-slate-800
SpriteConsoleExtended.jsx,src/components/SpriteConsoleExtended.jsx,option,235,OK,1,value,
SpriteConsoleExtended.jsx,src/components/SpriteConsoleExtended.jsx,option,236,OK,1,key value,
SpriteConsoleExtended.jsx,src/components/SpriteConsoleExtended.jsx,div,240,OK,5,,
SpriteConsoleExtended.jsx,src/components/SpriteConsoleExtended.jsx,label,241,OK,1,,text-xs
SpriteConsoleExtended.jsx,src/components/SpriteConsoleExtended.jsx,input,242,OK,0,type accept onChange,w-full p-2 rounded bg-slate-800
TimelineEditor.jsx,src/components/TimelineEditor.jsx,div,161,OK,5,,bg-[var(--sdp-bg-primary)] p-3 rounded space-y-3
TimelineEditor.jsx,src/components/TimelineEditor.jsx,div,162,OK,5,,flex items-center justify-between
TimelineEditor.jsx,src/components/TimelineEditor.jsx,h4,163,OK,1,,font-semibold
TimelineEditor.jsx,src/components/TimelineEditor.jsx,div,164,OK,5,,flex gap-2
TimelineEditor.jsx,src/components/TimelineEditor.jsx,button,165,OK,1,onClick,px-3 py-1 bg-orange-500 rounded text-black
TimelineEditor.jsx,src/components/TimelineEditor.jsx,button,167,OK,1,onClick,px-3 py-1 bg-emerald-500 rounded text-black
TimelineEditor.jsx,src/components/TimelineEditor.jsx,button,169,OK,1,onClick,px-3 py-1 bg-red-600 rounded text-white
TimelineEditor.jsx,src/components/TimelineEditor.jsx,div,174,OK,5,,grid md:grid-cols-2 gap-3
TimelineEditor.jsx,src/components/TimelineEditor.jsx,div,175,OK,7,,
TimelineEditor.jsx,src/components/TimelineEditor.jsx,div,176,OK,1,,mb-2 text-xs text-slate-300
TimelineEditor.jsx,src/components/TimelineEditor.jsx,div,177,OK,3,,space-y-2
TimelineEditor.jsx,src/components/TimelineEditor.jsx,div,179,OK,7,key draggable onDragStart onDragOver onDrop,p-2 bg-slate-800 rounded flex items-start gap-2
TimelineEditor.jsx,src/components/TimelineEditor.jsx,div,185,OK,1,,w-6 text-xs text-slate-400
TimelineEditor.jsx,src/components/TimelineEditor.jsx,div,186,OK,5,,flex-1
TimelineEditor.jsx,src/components/TimelineEditor.jsx,div,187,OK,1,,text-sm font-medium
TimelineEditor.jsx,src/components/TimelineEditor.jsx,div,188,OK,6,,text-xs text-slate-400
TimelineEditor.jsx,src/components/TimelineEditor.jsx,div,190,OK,5,,flex flex-col gap-1
TimelineEditor.jsx,src/components/TimelineEditor.jsx,button,191,OK,1,onClick,text-xs px-2 py-1 bg-red-700 rounded text-white
TimelineEditor.jsx,src/components/TimelineEditor.jsx,button,192,OK,1,onClick,text-xs px-2 py-1 bg-slate-700 rounded text-white
TimelineEditor.jsx,src/components/TimelineEditor.jsx,div,198,OK,5,,mt-3 p-2 bg-slate-900 rounded
TimelineEditor.jsx,src/components/TimelineEditor.jsx,div,199,OK,1,,text-xs text-slate-300 mb-2
TimelineEditor.jsx,src/components/TimelineEditor.jsx,AddStepForm,200,OK,0,onAdd defaultRoot,
TimelineEditor.jsx,src/components/TimelineEditor.jsx,div,204,OK,9,,
TimelineEditor.jsx,src/components/TimelineEditor.jsx,div,205,OK,1,,mb-2 text-xs text-slate-300
TimelineEditor.jsx,src/components/TimelineEditor.jsx,div,206,OK,7,,flex gap-2 mb-2
TimelineEditor.jsx,src/components/TimelineEditor.jsx,input,207,OK,0,value onChange placeholder,flex-1 p-2 rounded bg-slate-800
TimelineEditor.jsx,src/components/TimelineEditor.jsx,button,208,OK,1,onClick,px-3 py-2 bg-blue-600 rounded text-white
TimelineEditor.jsx,src/components/TimelineEditor.jsx,button,209,OK,1,onClick,px-3 py-2 bg-indigo-600 rounded text-white
TimelineEditor.jsx,src/components/TimelineEditor.jsx,div,212,OK,5,,mb-2
TimelineEditor.jsx,src/components/TimelineEditor.jsx,label,213,OK,1,,text-xs text-slate-400
TimelineEditor.jsx,src/components/TimelineEditor.jsx,select,214,OK,5,onChange,w-full p-2 rounded bg-slate-800
TimelineEditor.jsx,src/components/TimelineEditor.jsx,option,215,OK,1,value,
TimelineEditor.jsx,src/components/TimelineEditor.jsx,option,216,OK,1,key value,
TimelineEditor.jsx,src/components/TimelineEditor.jsx,div,220,OK,5,,mb-2
TimelineEditor.jsx,src/components/TimelineEditor.jsx,label,221,OK,1,,text-xs text-slate-400
TimelineEditor.jsx,src/components/TimelineEditor.jsx,input,222,OK,0,type accept onChange,w-full p-2 rounded bg-slate-800
TimelineEditor.jsx,src/components/TimelineEditor.jsx,form,265,OK,9,onSubmit,space-y-2
TimelineEditor.jsx,src/components/TimelineEditor.jsx,input,266,OK,0,value onChange placeholder,w-full p-2 rounded bg-slate-800
TimelineEditor.jsx,src/components/TimelineEditor.jsx,input,267,OK,0,value onChange placeholder,w-full p-2 rounded bg-slate-800
TimelineEditor.jsx,src/components/TimelineEditor.jsx,div,268,OK,7,,flex gap-2
TimelineEditor.jsx,src/components/TimelineEditor.jsx,input,269,OK,0,value onChange placeholder,flex-1 p-2 rounded bg-slate-800
TimelineEditor.jsx,src/components/TimelineEditor.jsx,input,270,OK,0,type value onChange,w-24 p-2 rounded bg-slate-800
TimelineEditor.jsx,src/components/TimelineEditor.jsx,input,271,OK,0,type value onChange,w-24 p-2 rounded bg-slate-800
TimelineEditor.jsx,src/components/TimelineEditor.jsx,div,273,OK,3,,flex gap-2
TimelineEditor.jsx,src/components/TimelineEditor.jsx,button,274,OK,1,type,px-3 py-2 bg-emerald-500 rounded text-black
TimelineGraphic.jsx,src/components/TimelineGraphic.jsx,div,174,OK,9,,timeline-graphic p-3 bg-[var(--sdp-bg-primary)] rounded
TimelineGraphic.jsx,src/components/TimelineGraphic.jsx,div,175,OK,5,,flex items-center justify-between mb-3
TimelineGraphic.jsx,src/components/TimelineGraphic.jsx,div,176,OK,7,,flex items-center gap-2
TimelineGraphic.jsx,src/components/TimelineGraphic.jsx,button,177,OK,1,onClick,px-3 py-1 bg-orange-500 rounded text-black font-semibold
TimelineGraphic.jsx,src/components/TimelineGraphic.jsx,button,178,OK,1,onClick,px-3 py-1 border rounded text-slate-200
TimelineGraphic.jsx,src/components/TimelineGraphic.jsx,div,179,OK,2,,text-sm text-slate-300 ml-3
TimelineGraphic.jsx,src/components/TimelineGraphic.jsx,strong,179,OK,2,,
TimelineGraphic.jsx,src/components/TimelineGraphic.jsx,div,182,OK,9,,flex items-center gap-2
TimelineGraphic.jsx,src/components/TimelineGraphic.jsx,label,183,OK,1,,text-xs text-slate-400
TimelineGraphic.jsx,src/components/TimelineGraphic.jsx,input,184,OK,0,type min max step value onChange disabled,w-36
TimelineGraphic.jsx,src/components/TimelineGraphic.jsx,button,185,OK,1,onClick,px-3 py-1 bg-blue-600 rounded text-white
TimelineGraphic.jsx,src/components/TimelineGraphic.jsx,input,186,OK,0,type accept onChange,text-xs
TimelineGraphic.jsx,src/components/TimelineGraphic.jsx,div,193,ESTILS_MESCLATS,9,style,timeline-canvas relative border border-slate-800 rounded
TimelineGraphic.jsx,src/components/TimelineGraphic.jsx,div,195,OK,5,,absolute left-0 top-0 right-0 h-8 border-b border-slate-800 bg-slate-900 flex items-center
TimelineGraphic.jsx,src/components/TimelineGraphic.jsx,div,196,OK,1,,ml-2 text-xs text-slate-400
TimelineGraphic.jsx,src/components/TimelineGraphic.jsx,div,197,OK,5,,flex-1 relative
TimelineGraphic.jsx,src/components/TimelineGraphic.jsx,div,199,OK,3,style,
TimelineGraphic.jsx,src/components/TimelineGraphic.jsx,div,202,OK,3,key style,
TimelineGraphic.jsx,src/components/TimelineGraphic.jsx,div,203,OK,2,style,
TimelineGraphic.jsx,src/components/TimelineGraphic.jsx,div,211,OK,3,,absolute left-0 top-8 right-0 bottom-0 overflow-auto
TimelineGraphic.jsx,src/components/TimelineGraphic.jsx,div,212,OK,13,style,
TimelineGraphic.jsx,src/components/TimelineGraphic.jsx,div,214,OK,0,style,
TimelineGraphic.jsx,src/components/TimelineGraphic.jsx,div,231,OK,3,key style,[Dinàmic]
TimelineGraphic.jsx,src/components/TimelineGraphic.jsx,div,234,A11Y_CLICK_SENSE_ROLE | ESTILS_MESCLATS,5,onMouseDown onClick style,bar h-full rounded flex items-center justify-between px-2
TimelineGraphic.jsx,src/components/TimelineGraphic.jsx,div,243,ESTILS_MESCLATS,1,style,text-xs truncate
TimelineGraphic.jsx,src/components/TimelineGraphic.jsx,div,244,OK,5,,flex items-center gap-2
TimelineGraphic.jsx,src/components/TimelineGraphic.jsx,div,245,OK,2,,text-[10px] text-slate-300
TimelineGraphic.jsx,src/components/TimelineGraphic.jsx,div,246,ESTILS_MESCLATS,0,onMouseDown style,drag-handle
TimelineGraphic.jsx,src/components/TimelineGraphic.jsx,div,254,OK,0,style,
TimelineGraphic.jsx,src/components/TimelineGraphic.jsx,div,260,OK,5,,mt-3 grid grid-cols-3 gap-3
TimelineGraphic.jsx,src/components/TimelineGraphic.jsx,div,261,OK,5,,col-span-2 p-3 bg-slate-900 rounded
TimelineGraphic.jsx,src/components/TimelineGraphic.jsx,div,262,OK,1,,text-sm font-medium mb-2 text-white
TimelineGraphic.jsx,src/components/TimelineGraphic.jsx,div,266,OK,1,,text-xs text-slate-400
TimelineGraphic.jsx,src/components/TimelineGraphic.jsx,div,268,OK,9,,space-y-2
TimelineGraphic.jsx,src/components/TimelineGraphic.jsx,div,269,OK,5,,flex gap-2
TimelineGraphic.jsx,src/components/TimelineGraphic.jsx,input,270,OK,0,value onChange placeholder,flex-1 p-2 rounded bg-slate-800 text-white
TimelineGraphic.jsx,src/components/TimelineGraphic.jsx,button,271,OK,1,onClick,px-3 py-2 bg-red-700 rounded text-white
TimelineGraphic.jsx,src/components/TimelineGraphic.jsx,div,273,OK,7,,grid grid-cols-3 gap-2
TimelineGraphic.jsx,src/components/TimelineGraphic.jsx,input,274,OK,0,value onChange,p-2 rounded bg-slate-800 text-white
TimelineGraphic.jsx,src/components/TimelineGraphic.jsx,input,275,OK,0,value onChange,p-2 rounded bg-slate-800 text-white
TimelineGraphic.jsx,src/components/TimelineGraphic.jsx,input,276,OK,0,value onChange,p-2 rounded bg-slate-800 text-white
TimelineGraphic.jsx,src/components/TimelineGraphic.jsx,div,278,OK,7,,flex items-center gap-2
TimelineGraphic.jsx,src/components/TimelineGraphic.jsx,label,279,OK,1,,text-xs text-slate-400
TimelineGraphic.jsx,src/components/TimelineGraphic.jsx,input,280,OK,0,type min max value onChange,flex-1
TimelineGraphic.jsx,src/components/TimelineGraphic.jsx,div,281,OK,2,,text-xs text-slate-300 w-20 text-right
TimelineGraphic.jsx,src/components/TimelineGraphic.jsx,div,283,OK,7,,flex items-center gap-2
TimelineGraphic.jsx,src/components/TimelineGraphic.jsx,label,284,OK,1,,text-xs text-slate-400
TimelineGraphic.jsx,src/components/TimelineGraphic.jsx,input,285,OK,0,type min max value onChange,flex-1
TimelineGraphic.jsx,src/components/TimelineGraphic.jsx,div,286,OK,2,,text-xs text-slate-300 w-20 text-right
TimelineGraphic.jsx,src/components/TimelineGraphic.jsx,div,292,OK,1,,text-xs text-slate-400
TimelineGraphic.jsx,src/components/TimelineGraphic.jsx,div,296,OK,5,,p-3 bg-slate-900 rounded
TimelineGraphic.jsx,src/components/TimelineGraphic.jsx,div,297,OK,1,,text-sm font-medium mb-2 text-white
TimelineGraphic.jsx,src/components/TimelineGraphic.jsx,AddStepInline,298,OK,0,onAdd,
TimelineGraphic.jsx,src/components/TimelineGraphic.jsx,form,320,OK,11,onSubmit,space-y-2
TimelineGraphic.jsx,src/components/TimelineGraphic.jsx,input,321,OK,0,value onChange placeholder,w-full p-2 rounded bg-slate-800 text-white
TimelineGraphic.jsx,src/components/TimelineGraphic.jsx,input,322,OK,0,value onChange,w-full p-2 rounded bg-slate-800 text-white
TimelineGraphic.jsx,src/components/TimelineGraphic.jsx,input,323,OK,0,value onChange,w-full p-2 rounded bg-slate-800 text-white
TimelineGraphic.jsx,src/components/TimelineGraphic.jsx,div,324,OK,7,,flex gap-2
TimelineGraphic.jsx,src/components/TimelineGraphic.jsx,input,325,OK,0,value onChange,flex-1 p-2 rounded bg-slate-800 text-white
TimelineGraphic.jsx,src/components/TimelineGraphic.jsx,input,326,OK,0,type value onChange,w-24 p-2 rounded bg-slate-800 text-white
TimelineGraphic.jsx,src/components/TimelineGraphic.jsx,input,327,OK,0,type value onChange,w-24 p-2 rounded bg-slate-800 text-white
TimelineGraphic.jsx,src/components/TimelineGraphic.jsx,div,329,OK,3,,flex gap-2
TimelineGraphic.jsx,src/components/TimelineGraphic.jsx,button,330,OK,1,type,px-3 py-2 bg-emerald-500 rounded text-black font-medium
TimelineMobile.jsx,src/components/TimelineMobile.jsx,div,102,OK,5,ref,timeline-mobile p-3 bg-slate-900 rounded-2xl shadow-xl border border-slate-800
TimelineMobile.jsx,src/components/TimelineMobile.jsx,div,103,OK,5,,flex items-center justify-between mb-4
TimelineMobile.jsx,src/components/TimelineMobile.jsx,div,104,OK,1,,text-sm font-semibold text-white
TimelineMobile.jsx,src/components/TimelineMobile.jsx,button,105,OK,1,onClick,px-4 py-1.5 bg-orange-500 rounded-lg text-white font-bold shadow-md
TimelineMobile.jsx,src/components/TimelineMobile.jsx,div,108,OK,3,,space-y-3
TimelineMobile.jsx,src/components/TimelineMobile.jsx,div,110,OK,7,key,bg-slate-800 p-3 rounded-xl flex items-center gap-3 border border-slate-700
TimelineMobile.jsx,src/components/TimelineMobile.jsx,div,111,OK,1,,w-8 text-xs text-slate-400 font-mono font-bold
TimelineMobile.jsx,src/components/TimelineMobile.jsx,div,113,OK,11,,flex-1
TimelineMobile.jsx,src/components/TimelineMobile.jsx,div,114,OK,1,,text-sm font-medium truncate text-white
TimelineMobile.jsx,src/components/TimelineMobile.jsx,div,115,OK,1,,text-xs text-slate-400 font-mono mt-1
TimelineMobile.jsx,src/components/TimelineMobile.jsx,div,117,OK,3,onTouchStart onMouseDown,mt-3 relative h-12 bg-slate-900 rounded-lg overflow-hidden border border-slate-700
TimelineMobile.jsx,src/components/TimelineMobile.jsx,div,118,OK,5,style,
TimelineMobile.jsx,src/components/TimelineMobile.jsx,div,133,OK,2,,
TimelineMobile.jsx,src/components/TimelineMobile.jsx,div,134,OK,0,onTouchStart onMouseDown style,
TimelineMobile.jsx,src/components/TimelineMobile.jsx,div,138,OK,7,,mt-3 flex items-center gap-2
TimelineMobile.jsx,src/components/TimelineMobile.jsx,div,139,OK,1,,text-xs text-slate-400 font-medium
TimelineMobile.jsx,src/components/TimelineMobile.jsx,input,140,OK,0,type min max step value onChange,flex-1 accent-orange-500
TimelineMobile.jsx,src/components/TimelineMobile.jsx,div,141,OK,2,,text-xs w-16 text-right text-slate-300
TimelineMobile.jsx,src/components/TimelineMobile.jsx,div,144,OK,7,,mt-2 flex items-center gap-2
TimelineMobile.jsx,src/components/TimelineMobile.jsx,div,145,OK,1,,text-xs text-slate-400 font-medium
TimelineMobile.jsx,src/components/TimelineMobile.jsx,input,146,OK,0,type min max step value onChange,flex-1 accent-orange-500
TimelineMobile.jsx,src/components/TimelineMobile.jsx,div,147,OK,2,,text-xs w-16 text-right text-slate-300
TimelineMobile.jsx,src/components/TimelineMobile.jsx,div,151,OK,5,,flex flex-col gap-2
TimelineMobile.jsx,src/components/TimelineMobile.jsx,button,152,OK,1,onClick,px-3 py-1.5 bg-slate-700 hover:bg-slate-600 rounded-lg text-xs text-white transition-colors
TimelineMobile.jsx,src/components/TimelineMobile.jsx,button,153,OK,1,onClick,px-3 py-1.5 bg-red-600 hover:bg-red-500 rounded-lg text-xs text-white transition-colors
UniversalCard.jsx,src/components/UniversalCard.jsx,div,6,OK,11,,bg-white border border-slate-200 p-4 rounded-2xl shadow-sm hover:shadow-md transition-shadow relative overflow-hidden
UniversalCard.jsx,src/components/UniversalCard.jsx,div,7,OK,5,,flex items-center gap-3 mb-3
UniversalCard.jsx,src/components/UniversalCard.jsx,div,8,OK,3,,w-10 h-10 bg-slate-200 rounded-full flex items-center justify-center font-bold text-slate-500
UniversalCard.jsx,src/components/UniversalCard.jsx,div,11,OK,5,,
UniversalCard.jsx,src/components/UniversalCard.jsx,div,12,OK,1,,font-semibold
UniversalCard.jsx,src/components/UniversalCard.jsx,div,13,OK,1,,text-xs text-slate-400
UniversalCard.jsx,src/components/UniversalCard.jsx,h3,18,OK,1,,text-lg font-bold mb-2
UniversalCard.jsx,src/components/UniversalCard.jsx,p,21,OK,3,,text-slate-700 mb-4 whitespace-pre-line
UniversalCard.jsx,src/components/UniversalCard.jsx,div,26,OK,3,,mb-4 text-orange-600 font-bold text-xl
UniversalCard.jsx,src/components/UniversalCard.jsx,div,31,OK,5,,flex gap-2 text-sm border-t pt-3 mt-2 border-slate-100
UniversalCard.jsx,src/components/UniversalCard.jsx,button,34,OK,2,onClick,px-3 py-1 bg-slate-100 hover:bg-slate-200 rounded-lg text-slate-600 font-medium
UniversalCard.jsx,src/components/UniversalCard.jsx,button,35,OK,1,onClick,px-3 py-1 bg-slate-100 hover:bg-slate-200 rounded-lg text-slate-600 font-medium
UniversalCard.jsx,src/components/UniversalCard.jsx,button,39,OK,1,onClick,px-4 py-2 bg-emerald-500 hover:bg-emerald-600 rounded-lg text-white font-bold w-full
UniversalCardAnimat.jsx,src/components/UniversalCardAnimat.jsx,AnimatePresence,29,OK,3,,
UniversalCardAnimat.jsx,src/components/UniversalCardAnimat.jsx,div,40,OK,5,,flex items-start gap-3
UniversalCardAnimat.jsx,src/components/UniversalCardAnimat.jsx,div,41,OK,3,,w-12 h-12 rounded-full bg-gradient-to-br from-amber-200 to-orange-400 flex items-center justify-center text-slate-800 font-bold text-xl shadow-sm
UniversalCardAnimat.jsx,src/components/UniversalCardAnimat.jsx,div,45,OK,7,,flex-1
UniversalCardAnimat.jsx,src/components/UniversalCardAnimat.jsx,h4,46,OK,1,,font-bold text-lg text-slate-800
UniversalCardAnimat.jsx,src/components/UniversalCardAnimat.jsx,p,47,OK,1,,text-slate-600 mt-2 leading-relaxed
UniversalCardAnimat.jsx,src/components/UniversalCardAnimat.jsx,div,49,OK,7,,mt-4 flex items-center gap-3 border-t border-slate-100 pt-4
UniversalCardAnimat.jsx,src/components/UniversalCardAnimat.jsx,span,62,OK,1,,text-sm font-semibold text-slate-700
UniversalCardAnimat.jsx,src/components/UniversalCardAnimat.jsx,button,73,OK,1,,px-4 py-2 rounded-xl bg-slate-50 border border-slate-200 hover:bg-slate-100 transition-colors text-sm font-semibold text-slate-700
UniversalCardAnimat.jsx,src/components/UniversalCardAnimat.jsx,button,76,OK,1,,px-4 py-2 rounded-xl bg-emerald-500 hover:bg-emerald-600 text-white transition-colors text-sm font-bold shadow-sm ml-auto
WaitingForBackend.jsx,src/components/boundaries/WaitingForBackend.jsx,div,82,CSS_EXCESSIU,5,,fixed bottom-[80px] left-1/2 -translate-x-1/2 z-50 bg-[#F97316] text-white px-4 py-2 rounded-full shadow-lg border border-white/20 flex items-center space-x-2 animate-bounce-subtle pointer-events-none
WaitingForBackend.jsx,src/components/boundaries/WaitingForBackend.jsx,WifiOff,83,OK,0,size,
WaitingForBackend.jsx,src/components/boundaries/WaitingForBackend.jsx,span,84,OK,1,,text-xs font-bold whitespace-nowrap
ContentWithShortcodes.jsx,src/components/core/ContentWithShortcodes.jsx,ErrorBoundary,61,OK,3,key,
ContentWithShortcodes.jsx,src/components/core/ContentWithShortcodes.jsx,div,62,OK,0,,h-48 rounded-2xl bg-black/5 dark:bg-white/5 animate-pulse w-full h-full
ContentWithShortcodes.jsx,src/components/core/ContentWithShortcodes.jsx,UniversalCard,63,OK,0,item title subtitle avatarSrc avatarName excerpt image viewMode variant color onNavigate,w-full h-full
ContentWithShortcodes.jsx,src/components/core/ContentWithShortcodes.jsx,ErrorBoundary,85,OK,3,key,
ContentWithShortcodes.jsx,src/components/core/ContentWithShortcodes.jsx,div,86,OK,0,,h-48 rounded-2xl bg-black/5 dark:bg-white/5 animate-pulse w-full h-full
ContentWithShortcodes.jsx,src/components/core/ContentWithShortcodes.jsx,UniversalCard,87,OK,0,item title subtitle avatarSrc avatarName excerpt image viewMode variant onNavigate,w-full h-full
ContentWithShortcodes.jsx,src/components/core/ContentWithShortcodes.jsx,ErrorBoundary,108,OK,3,key,
ContentWithShortcodes.jsx,src/components/core/ContentWithShortcodes.jsx,div,109,OK,0,,h-48 rounded-2xl bg-black/5 dark:bg-white/5 animate-pulse w-full h-full
ContentWithShortcodes.jsx,src/components/core/ContentWithShortcodes.jsx,UniversalCard,110,OK,0,item title subtitle avatarSrc avatarName excerpt image viewMode variant onNavigate,w-full h-full
ContentWithShortcodes.jsx,src/components/core/ContentWithShortcodes.jsx,ErrorBoundary,131,OK,3,key,
ContentWithShortcodes.jsx,src/components/core/ContentWithShortcodes.jsx,div,132,OK,0,,h-48 rounded-2xl bg-black/5 dark:bg-white/5 animate-pulse w-full h-full
ContentWithShortcodes.jsx,src/components/core/ContentWithShortcodes.jsx,UniversalCard,133,OK,0,item title subtitle avatarSrc avatarName excerpt image viewMode variant onNavigate,w-full h-full
ContentWithShortcodes.jsx,src/components/core/ContentWithShortcodes.jsx,div,153,OK,5,key,my-4 p-4 border border-dashed border-red-500/50 rounded-xl bg-red-500/10 text-red-500 text-xs font-mono text-center
ContentWithShortcodes.jsx,src/components/core/ContentWithShortcodes.jsx,ErrorBoundary,160,OK,3,,
ContentWithShortcodes.jsx,src/components/core/ContentWithShortcodes.jsx,div,161,OK,7,,content-with-shortcodes w-full
ContentWithShortcodes.jsx,src/components/core/ContentWithShortcodes.jsx,div,164,OK,3,,w-full text-left mb-6 app-cms-content prose prose-lg dark:prose-invert max-w-none text-[var(--text-primary)]
ContentWithShortcodes.jsx,src/components/core/ContentWithShortcodes.jsx,p,166,PERILL_XSS,0,key dangerouslySetInnerHTML,whitespace-pre-line last:mb-0
ContentWithShortcodes.jsx,src/components/core/ContentWithShortcodes.jsx,div,179,OK,3,,flex items-center justify-end mb-[30px] overflow-x-auto no-scrollbar scroll-smooth w-full mt-[30px]
ContentWithShortcodes.jsx,src/components/core/ContentWithShortcodes.jsx,div,180,OK,7,,flex gap-1 pr-2 pb-2 shrink-0
ContentWithShortcodes.jsx,src/components/core/ContentWithShortcodes.jsx,button,181,OK,3,onClick aria-label,[Dinàmic]
ContentWithShortcodes.jsx,src/components/core/ContentWithShortcodes.jsx,Square,186,OK,0,size strokeWidth,
ContentWithShortcodes.jsx,src/components/core/ContentWithShortcodes.jsx,button,188,OK,3,onClick aria-label,[Dinàmic]
ContentWithShortcodes.jsx,src/components/core/ContentWithShortcodes.jsx,LayoutGrid,193,OK,0,size strokeWidth,
ContentWithShortcodes.jsx,src/components/core/ContentWithShortcodes.jsx,button,195,OK,3,onClick aria-label,[Dinàmic]
ContentWithShortcodes.jsx,src/components/core/ContentWithShortcodes.jsx,List,200,OK,0,size strokeWidth,
ContentWithShortcodes.jsx,src/components/core/ContentWithShortcodes.jsx,div,205,OK,3,,w-full flex flex-col gap-4
ContentWithShortcodes.jsx,src/components/core/ContentWithShortcodes.jsx,UniversalGridRow,213,OK,3,key viewMode columnCount,my-6 w-full
ContentWithShortcodes.jsx,src/components/core/ContentWithShortcodes.jsx,div,228,OK,3,key,w-full text-left block app-cms-content prose prose-lg dark:prose-invert max-w-none text-[var(--text-primary)]
ContentWithShortcodes.jsx,src/components/core/ContentWithShortcodes.jsx,p,230,PERILL_XSS,0,key dangerouslySetInnerHTML,whitespace-pre-line last:mb-0
ErrorBoundary.jsx,src/components/core/ErrorBoundary.jsx,div,69,ESTILS_MESCLATS,9,style,error-boundary-container
ErrorBoundary.jsx,src/components/core/ErrorBoundary.jsx,div,70,OK,1,style,
ErrorBoundary.jsx,src/components/core/ErrorBoundary.jsx,h3,71,OK,1,,
ErrorBoundary.jsx,src/components/core/ErrorBoundary.jsx,div,73,OK,5,style,
ErrorBoundary.jsx,src/components/core/ErrorBoundary.jsx,button,74,OK,1,onClick style,
ErrorBoundary.jsx,src/components/core/ErrorBoundary.jsx,button,84,OK,1,onClick title style,
ErrorBoundary.jsx,src/components/core/ErrorBoundary.jsx,p,95,OK,3,style,
GlobalErrorBoundary.jsx,src/components/core/GlobalErrorBoundary.jsx,div,88,OK,3,,min-h-screen bg-[#050505] flex items-center justify-center p-8 text-white text-center
GlobalErrorBoundary.jsx,src/components/core/GlobalErrorBoundary.jsx,div,89,OK,9,,max-w-xl
GlobalErrorBoundary.jsx,src/components/core/GlobalErrorBoundary.jsx,div,90,OK,3,,mb-8 flex justify-center
GlobalErrorBoundary.jsx,src/components/core/GlobalErrorBoundary.jsx,svg,91,OK,3,xmlns fill viewBox stroke,w-24 h-24 p-6 bg-[#F97316]/10 rounded-full border border-[#F97316]/30 text-[#F97316]
GlobalErrorBoundary.jsx,src/components/core/GlobalErrorBoundary.jsx,path,92,OK,0,strokeLinecap strokeLinejoin strokeWidth d,
GlobalErrorBoundary.jsx,src/components/core/GlobalErrorBoundary.jsx,h1,95,OK,1,,text-3xl font-black mb-4
GlobalErrorBoundary.jsx,src/components/core/GlobalErrorBoundary.jsx,p,96,OK,3,,text-xl text-gray-300 mb-6 leading-relaxed
GlobalErrorBoundary.jsx,src/components/core/GlobalErrorBoundary.jsx,strong,97,OK,1,,
GlobalErrorBoundary.jsx,src/components/core/GlobalErrorBoundary.jsx,p,99,OK,3,,text-gray-400 mb-10 text-lg
GlobalErrorBoundary.jsx,src/components/core/GlobalErrorBoundary.jsx,strong,101,OK,1,,
GlobalErrorBoundary.jsx,src/components/core/GlobalErrorBoundary.jsx,div,110,OK,3,,min-h-screen bg-black flex items-center justify-center p-8 text-white
GlobalErrorBoundary.jsx,src/components/core/GlobalErrorBoundary.jsx,div,111,OK,5,,max-w-md text-center
GlobalErrorBoundary.jsx,src/components/core/GlobalErrorBoundary.jsx,h1,112,OK,1,,text-4xl font-black mb-6
GlobalErrorBoundary.jsx,src/components/core/GlobalErrorBoundary.jsx,p,114,OK,1,,text-xl mb-8
GlobalErrorBoundary.jsx,src/components/core/GlobalErrorBoundary.jsx,p,117,OK,1,,mb-8
GlobalErrorBoundary.jsx,src/components/core/GlobalErrorBoundary.jsx,TactileButton,118,A11Y_CLICK_SENSE_ROLE,1,onClick,px-10 py-6 text-2xl bg-[#F97316] rounded-3xl
SEO.jsx,src/components/core/SEO.jsx,Helmet,96,OK,101,key defer,
SEO.jsx,src/components/core/SEO.jsx,title,98,OK,1,,
SEO.jsx,src/components/core/SEO.jsx,meta,99,OK,0,name content,
SEO.jsx,src/components/core/SEO.jsx,meta,100,OK,0,name content,
SEO.jsx,src/components/core/SEO.jsx,meta,101,OK,0,name content,
SEO.jsx,src/components/core/SEO.jsx,meta,102,OK,0,name content,
SEO.jsx,src/components/core/SEO.jsx,meta,103,OK,0,name content,
SEO.jsx,src/components/core/SEO.jsx,meta,104,OK,0,name content,
SEO.jsx,src/components/core/SEO.jsx,meta,105,OK,0,name content,
SEO.jsx,src/components/core/SEO.jsx,link,108,OK,0,rel href,
SEO.jsx,src/components/core/SEO.jsx,link,111,OK,0,rel as href fetchpriority,
SEO.jsx,src/components/core/SEO.jsx,meta,114,OK,0,property content,
SEO.jsx,src/components/core/SEO.jsx,meta,115,OK,0,property content,
SEO.jsx,src/components/core/SEO.jsx,meta,116,OK,0,property content,
SEO.jsx,src/components/core/SEO.jsx,meta,117,OK,0,property content,
SEO.jsx,src/components/core/SEO.jsx,meta,118,OK,0,property content,
SEO.jsx,src/components/core/SEO.jsx,meta,119,OK,0,property content,
SEO.jsx,src/components/core/SEO.jsx,meta,120,OK,0,property content,
SEO.jsx,src/components/core/SEO.jsx,meta,121,OK,0,property content,
SEO.jsx,src/components/core/SEO.jsx,meta,122,OK,0,property content,
SEO.jsx,src/components/core/SEO.jsx,meta,123,OK,0,property content,
SEO.jsx,src/components/core/SEO.jsx,meta,124,OK,0,property content,
SEO.jsx,src/components/core/SEO.jsx,meta,125,OK,0,property content,
SEO.jsx,src/components/core/SEO.jsx,meta,128,OK,0,name content,
SEO.jsx,src/components/core/SEO.jsx,meta,129,OK,0,name content,
SEO.jsx,src/components/core/SEO.jsx,meta,130,OK,0,name content,
SEO.jsx,src/components/core/SEO.jsx,meta,131,OK,0,name content,
SEO.jsx,src/components/core/SEO.jsx,meta,132,OK,0,name content,
SEO.jsx,src/components/core/SEO.jsx,meta,133,OK,0,name content,
SEO.jsx,src/components/core/SEO.jsx,meta,134,OK,0,name content,
SEO.jsx,src/components/core/SEO.jsx,meta,135,OK,0,name content,
SEO.jsx,src/components/core/SEO.jsx,meta,138,OK,0,name content,
SEO.jsx,src/components/core/SEO.jsx,link,141,OK,0,rel sizes href,
SEO.jsx,src/components/core/SEO.jsx,link,142,OK,0,rel type sizes href,
SEO.jsx,src/components/core/SEO.jsx,link,143,OK,0,rel type sizes href,
SEO.jsx,src/components/core/SEO.jsx,meta,145,OK,0,name content,
SEO.jsx,src/components/core/SEO.jsx,meta,146,OK,0,name content,
SEO.jsx,src/components/core/SEO.jsx,meta,147,OK,0,name content,
SEO.jsx,src/components/core/SEO.jsx,meta,148,OK,0,name content,
SEO.jsx,src/components/core/SEO.jsx,meta,151,OK,0,name content,
SEO.jsx,src/components/core/SEO.jsx,meta,152,OK,0,name content,
SEO.jsx,src/components/core/SEO.jsx,script,155,OK,3,type,
SafeShell.jsx,src/components/core/SafeShell.jsx,div,9,OK,7,,safe-shell-container
SafeShell.jsx,src/components/core/SafeShell.jsx,div,10,OK,0,,safe-area-background-top
SafeShell.jsx,src/components/core/SafeShell.jsx,div,11,ESTILS_MESCLATS,3,style,safe-shell-main
SafeShell.jsx,src/components/core/SafeShell.jsx,div,17,OK,0,,safe-area-background-bottom
SystemRoutes.jsx,src/components/core/SystemRoutes.jsx,NanoLoader,16,FANTASMA_BUIT,0,,
SystemRoutes.jsx,src/components/core/SystemRoutes.jsx,Navigate,17,OK,0,to state replace,
SystemRoutes.jsx,src/components/core/SystemRoutes.jsx,SystemLayout,23,OK,3,,
SystemRoutes.jsx,src/components/core/SystemRoutes.jsx,Suspense,24,OK,3,fallback,
SystemRoutes.jsx,src/components/core/SystemRoutes.jsx,NanoLoader,24,FANTASMA_BUIT,0,,
SystemRoutes.jsx,src/components/core/SystemRoutes.jsx,Routes,25,OK,15,,
SystemRoutes.jsx,src/components/core/SystemRoutes.jsx,Route,26,OK,0,path element,
SystemRoutes.jsx,src/components/core/SystemRoutes.jsx,ProtectedSystemRoute,26,OK,1,,
SystemRoutes.jsx,src/components/core/SystemRoutes.jsx,AdminPanel,26,FANTASMA_BUIT,0,,
SystemRoutes.jsx,src/components/core/SystemRoutes.jsx,Route,27,OK,0,path element,
SystemRoutes.jsx,src/components/core/SystemRoutes.jsx,ProtectedSystemRoute,27,OK,1,,
SystemRoutes.jsx,src/components/core/SystemRoutes.jsx,SolatgeConsole,27,FANTASMA_BUIT,0,,
SystemRoutes.jsx,src/components/core/SystemRoutes.jsx,Route,29,OK,0,path element,
SystemRoutes.jsx,src/components/core/SystemRoutes.jsx,ProtectedSystemRoute,29,OK,1,,
SystemRoutes.jsx,src/components/core/SystemRoutes.jsx,MenuManagementView,29,FANTASMA_BUIT,0,,
SystemRoutes.jsx,src/components/core/SystemRoutes.jsx,Route,30,OK,0,path element,
SystemRoutes.jsx,src/components/core/SystemRoutes.jsx,ProtectedSystemRoute,30,OK,1,,
SystemRoutes.jsx,src/components/core/SystemRoutes.jsx,CategoryManager,30,FANTASMA_BUIT,0,,
SystemRoutes.jsx,src/components/core/SystemRoutes.jsx,Route,31,OK,0,path element,
SystemRoutes.jsx,src/components/core/SystemRoutes.jsx,ChatManager,31,FANTASMA_BUIT,0,,
SystemRoutes.jsx,src/components/core/SystemRoutes.jsx,Route,32,OK,0,path element,
SystemRoutes.jsx,src/components/core/SystemRoutes.jsx,ProtectedSystemRoute,32,OK,1,,
SystemRoutes.jsx,src/components/core/SystemRoutes.jsx,Utilitats,32,FANTASMA_BUIT,0,,
SystemRoutes.jsx,src/components/core/SystemRoutes.jsx,Route,33,OK,0,path element,
SystemRoutes.jsx,src/components/core/SystemRoutes.jsx,ProtectedSystemRoute,33,OK,1,,
SystemRoutes.jsx,src/components/core/SystemRoutes.jsx,IAIASandbox,33,FANTASMA_BUIT,0,,
VersionGatekeeper.jsx,src/components/core/VersionGatekeeper.jsx,div,34,OK,7,,gatekeeper-purge-overlay
VersionGatekeeper.jsx,src/components/core/VersionGatekeeper.jsx,img,35,OK,0,src alt,purge-logo drop-shadow-none
VersionGatekeeper.jsx,src/components/core/VersionGatekeeper.jsx,h2,36,OK,1,,purge-title
VersionGatekeeper.jsx,src/components/core/VersionGatekeeper.jsx,div,37,OK,1,,purge-version
ArchitecteView.jsx,src/components/features/ArchitecteView.jsx,div,70,OK,3,,flex-1 overflow-y-auto bg-[#0a0a0b] text-white p-8 md:p-12 animate-fade-in custom-scrollbar
ArchitecteView.jsx,src/components/features/ArchitecteView.jsx,div,71,OK,19,,max-w-3xl mx-auto
ArchitecteView.jsx,src/components/features/ArchitecteView.jsx,div,72,OK,7,,flex items-center gap-4 mb-10 border-b border-white/10 pb-6 uppercase tracking-[0.3em] text-orange-500 font-black text-xs
ArchitecteView.jsx,src/components/features/ArchitecteView.jsx,BookOpen,73,OK,0,size,
ArchitecteView.jsx,src/components/features/ArchitecteView.jsx,span,74,WRAPPER_INUTIL,1,,
ArchitecteView.jsx,src/components/features/ArchitecteView.jsx,span,75,OK,1,,ml-auto opacity-40
ArchitecteView.jsx,src/components/features/ArchitecteView.jsx,h1,78,OK,3,,text-4xl md:text-5xl font-black mb-6 tracking-tighter leading-none
ArchitecteView.jsx,src/components/features/ArchitecteView.jsx,div,83,OK,3,,[Dinàmic]
ArchitecteView.jsx,src/components/features/ArchitecteView.jsx,p,84,OK,3,,italic
ArchitecteView.jsx,src/components/features/ArchitecteView.jsx,div,88,OK,5,,bg-white/5 border border-white/10 genesis-radius p-8 mb-10 backdrop-blur-md
ArchitecteView.jsx,src/components/features/ArchitecteView.jsx,div,89,OK,5,,flex items-start gap-4 mb-6
ArchitecteView.jsx,src/components/features/ArchitecteView.jsx,div,90,OK,3,,p-3 bg-orange-600/20 genesis-radius text-blue-400
ArchitecteView.jsx,src/components/features/ArchitecteView.jsx,Info,91,OK,0,size,
ArchitecteView.jsx,src/components/features/ArchitecteView.jsx,div,93,OK,5,,
ArchitecteView.jsx,src/components/features/ArchitecteView.jsx,h3,94,OK,1,,font-black text-xs uppercase tracking-widest text-blue-400 mb-2
ArchitecteView.jsx,src/components/features/ArchitecteView.jsx,p,97,OK,3,,text-xl text-gray-300 font-semibold
ArchitecteView.jsx,src/components/features/ArchitecteView.jsx,div,103,OK,5,,grid gap-6
ArchitecteView.jsx,src/components/features/ArchitecteView.jsx,div,104,OK,5,,flex gap-4
ArchitecteView.jsx,src/components/features/ArchitecteView.jsx,div,105,OK,0,,w-1.5 h-auto bg-orange-600 rounded-full shrink-0
ArchitecteView.jsx,src/components/features/ArchitecteView.jsx,div,106,OK,5,,
ArchitecteView.jsx,src/components/features/ArchitecteView.jsx,h4,107,OK,1,,font-black text-[10px] uppercase tracking-widest text-orange-500 mb-1
ArchitecteView.jsx,src/components/features/ArchitecteView.jsx,p,110,OK,3,,text-gray-400 text-sm leading-relaxed
ArchitecteView.jsx,src/components/features/ArchitecteView.jsx,div,116,OK,5,,flex gap-4
ArchitecteView.jsx,src/components/features/ArchitecteView.jsx,div,117,OK,0,,w-1.5 h-auto bg-purple-600 rounded-full shrink-0
ArchitecteView.jsx,src/components/features/ArchitecteView.jsx,div,118,OK,5,,
ArchitecteView.jsx,src/components/features/ArchitecteView.jsx,h4,119,OK,1,,font-black text-[10px] uppercase tracking-widest text-purple-500 mb-1
ArchitecteView.jsx,src/components/features/ArchitecteView.jsx,p,122,OK,3,,text-gray-400 text-sm leading-relaxed
ArchitecteView.jsx,src/components/features/ArchitecteView.jsx,div,131,OK,5,,bg-slate-900 border border-slate-700 rounded-[28px] p-6 mb-10 font-mono text-sm text-green-400/80
ArchitecteView.jsx,src/components/features/ArchitecteView.jsx,h4,132,OK,1,,text-[10px] uppercase tracking-[0.2em] mb-4 opacity-50
ArchitecteView.jsx,src/components/features/ArchitecteView.jsx,div,133,OK,1,,whitespace-pre-wrap
ArchitecteView.jsx,src/components/features/ArchitecteView.jsx,div,138,OK,5,,bg-black/40 border border-white/5 genesis-radius p-8 mb-10
ArchitecteView.jsx,src/components/features/ArchitecteView.jsx,div,139,OK,3,,flex items-center gap-3 mb-4 text-xs font-black uppercase tracking-widest opacity-60
ArchitecteView.jsx,src/components/features/ArchitecteView.jsx,ShieldCheck,140,OK,0,size,
ArchitecteView.jsx,src/components/features/ArchitecteView.jsx,p,142,OK,3,,text-gray-400 leading-relaxed italic
ArchitecteView.jsx,src/components/features/ArchitecteView.jsx,div,148,OK,3,,flex items-center gap-2 p-6 bg-orange-600/10 border border-orange-600/20 genesis-radius text-orange-500 text-[10px] font-black uppercase tracking-widest mb-8
ArchitecteView.jsx,src/components/features/ArchitecteView.jsx,Zap,149,OK,0,size,animate-pulse
ArchitecteView.jsx,src/components/features/ArchitecteView.jsx,div,154,OK,5,,[Dinàmic]
ArchitecteView.jsx,src/components/features/ArchitecteView.jsx,div,155,OK,5,,flex items-center justify-between mb-4
ArchitecteView.jsx,src/components/features/ArchitecteView.jsx,div,156,OK,5,,flex items-center gap-3
ArchitecteView.jsx,src/components/features/ArchitecteView.jsx,Skull,158,OK,0,size,text-red-500 animate-pulse
ArchitecteView.jsx,src/components/features/ArchitecteView.jsx,Ghost,160,OK,0,size,text-gray-500
ArchitecteView.jsx,src/components/features/ArchitecteView.jsx,h3,162,OK,1,,[Dinàmic]
ArchitecteView.jsx,src/components/features/ArchitecteView.jsx,button,167,OK,3,onClick,[Dinàmic]
ArchitecteView.jsx,src/components/features/ArchitecteView.jsx,p,179,OK,5,,text-gray-400 text-sm leading-relaxed
ArchitecteView.jsx,src/components/features/ArchitecteView.jsx,strong,180,OK,1,,
ArchitecteView.jsx,src/components/features/ArchitecteView.jsx,strong,180,OK,1,,
CartManager.jsx,src/components/features/CartManager.jsx,div,112,A11Y_CLICK_SENSE_ROLE,3,ref onClick aria-hidden,[Dinàmic]
CartManager.jsx,src/components/features/CartManager.jsx,div,118,OK,7,ref role aria-label,[Dinàmic]
CartManager.jsx,src/components/features/CartManager.jsx,div,124,OK,5,,cart-header
CartManager.jsx,src/components/features/CartManager.jsx,h2,125,OK,5,,cart-title
CartManager.jsx,src/components/features/CartManager.jsx,ShoppingBag,126,OK,0,size,
CartManager.jsx,src/components/features/CartManager.jsx,span,127,WRAPPER_INUTIL,1,,
CartManager.jsx,src/components/features/CartManager.jsx,button,129,OK,3,onClick aria-label,cart-close-btn
CartManager.jsx,src/components/features/CartManager.jsx,X,130,OK,0,size strokeWidth,
CartManager.jsx,src/components/features/CartManager.jsx,div,134,OK,3,,cart-content
CartManager.jsx,src/components/features/CartManager.jsx,div,136,OK,5,,cart-empty-state
CartManager.jsx,src/components/features/CartManager.jsx,ShoppingBag,137,OK,0,size strokeWidth opacity,
CartManager.jsx,src/components/features/CartManager.jsx,p,138,OK,1,,
CartManager.jsx,src/components/features/CartManager.jsx,div,150,OK,5,key,cart-item
CartManager.jsx,src/components/features/CartManager.jsx,img,152,OK,0,src alt,cart-item-image
CartManager.jsx,src/components/features/CartManager.jsx,div,154,OK,3,,cart-item-image flex items-center justify-center
CartManager.jsx,src/components/features/CartManager.jsx,ShoppingBag,155,OK,0,size,text-gray-400
CartManager.jsx,src/components/features/CartManager.jsx,div,158,OK,5,,cart-item-details
CartManager.jsx,src/components/features/CartManager.jsx,h3,159,OK,1,,cart-item-title
CartManager.jsx,src/components/features/CartManager.jsx,div,161,OK,5,,cart-item-actions
CartManager.jsx,src/components/features/CartManager.jsx,span,162,OK,1,,cart-item-price
CartManager.jsx,src/components/features/CartManager.jsx,div,164,OK,5,,flex items-center gap-3
CartManager.jsx,src/components/features/CartManager.jsx,div,165,OK,7,,quantity-selector
CartManager.jsx,src/components/features/CartManager.jsx,button,166,OK,3,onClick aria-label,qty-btn
CartManager.jsx,src/components/features/CartManager.jsx,Minus,174,OK,0,size strokeWidth,
CartManager.jsx,src/components/features/CartManager.jsx,span,176,OK,1,,qty-value
CartManager.jsx,src/components/features/CartManager.jsx,button,177,OK,3,onClick aria-label,qty-btn
CartManager.jsx,src/components/features/CartManager.jsx,Plus,185,OK,0,size strokeWidth,
CartManager.jsx,src/components/features/CartManager.jsx,button,188,OK,3,onClick aria-label,remove-btn
CartManager.jsx,src/components/features/CartManager.jsx,Trash2,196,OK,0,size,
CartManager.jsx,src/components/features/CartManager.jsx,div,208,OK,5,,cart-footer
CartManager.jsx,src/components/features/CartManager.jsx,div,209,OK,5,,cart-summary-row
CartManager.jsx,src/components/features/CartManager.jsx,span,210,WRAPPER_INUTIL,1,,
CartManager.jsx,src/components/features/CartManager.jsx,span,211,OK,2,,
CartManager.jsx,src/components/features/CartManager.jsx,button,213,OK,3,onClick disabled,cart-checkout-btn
CartManager.jsx,src/components/features/CartManager.jsx,span,220,WRAPPER_INUTIL,1,,
CartManager.jsx,src/components/features/CartManager.jsx,Loader2,221,OK,0,size strokeWidth,animate-spin
CartManager.jsx,src/components/features/CartManager.jsx,span,225,WRAPPER_INUTIL,1,,
CartManager.jsx,src/components/features/CartManager.jsx,ArrowRight,226,OK,0,size strokeWidth,
CategoryManager.jsx,src/components/features/CategoryManager.jsx,div,7,OK,7,,p-6 lg:p-10 max-w-4xl mx-auto space-y-8 animate-fade-in relative
CategoryManager.jsx,src/components/features/CategoryManager.jsx,div,8,OK,7,role aria-label,space-y-4 border-b border-white/10 pb-8
CategoryManager.jsx,src/components/features/CategoryManager.jsx,button,9,OK,3,onClick title,p-3 bg-white/5 hover:bg-white/10 rounded-full text-white transition-colors border border-white/10 shrink-0 mb-4
CategoryManager.jsx,src/components/features/CategoryManager.jsx,ArrowLeft,14,OK,0,size,
CategoryManager.jsx,src/components/features/CategoryManager.jsx,div,16,OK,5,,flex items-center gap-3
CategoryManager.jsx,src/components/features/CategoryManager.jsx,Settings,17,OK,0,size,text-[var(--theme-accent-primary)]
CategoryManager.jsx,src/components/features/CategoryManager.jsx,h1,18,OK,1,,text-3xl font-black text-white tracking-tight uppercase
CategoryManager.jsx,src/components/features/CategoryManager.jsx,p,22,OK,1,,text-slate-400 font-medium
CategoryManager.jsx,src/components/features/CategoryManager.jsx,div,25,OK,9,,grid grid-cols-1 md:grid-cols-2 gap-6
CategoryManager.jsx,src/components/features/CategoryManager.jsx,div,27,OK,5,,bg-[#111111] border border-white/5 rounded-[28px] overflow-hidden
CategoryManager.jsx,src/components/features/CategoryManager.jsx,div,28,OK,5,,p-6 border-b border-white/5 bg-white/5 flex items-center justify-between
CategoryManager.jsx,src/components/features/CategoryManager.jsx,div,29,OK,5,,flex items-center gap-2
CategoryManager.jsx,src/components/features/CategoryManager.jsx,Layout,30,OK,0,size,text-[#00D2FF]
CategoryManager.jsx,src/components/features/CategoryManager.jsx,span,31,OK,1,,font-black text-xs tracking-widest text-white
CategoryManager.jsx,src/components/features/CategoryManager.jsx,button,33,OK,1,,text-[10px] font-bold text-[var(--theme-accent-primary)] hover:underline
CategoryManager.jsx,src/components/features/CategoryManager.jsx,div,35,OK,3,,p-6 space-y-4
CategoryManager.jsx,src/components/features/CategoryManager.jsx,div,37,OK,5,key,flex items-center justify-between p-3 bg-black/40 rounded-[28px] border border-white/5
CategoryManager.jsx,src/components/features/CategoryManager.jsx,span,38,OK,1,,font-bold text-sm text-slate-300
CategoryManager.jsx,src/components/features/CategoryManager.jsx,div,39,OK,3,,flex gap-2
CategoryManager.jsx,src/components/features/CategoryManager.jsx,button,40,OK,1,,px-3 py-1 bg-white/5 rounded-full text-[10px] font-black text-white hover:bg-white/10 transition-colors
CategoryManager.jsx,src/components/features/CategoryManager.jsx,div,48,OK,5,,bg-[#111111] border border-white/5 rounded-[28px] overflow-hidden
CategoryManager.jsx,src/components/features/CategoryManager.jsx,div,49,OK,5,,p-6 border-b border-white/5 bg-white/5 flex items-center justify-between
CategoryManager.jsx,src/components/features/CategoryManager.jsx,div,50,OK,5,,flex items-center gap-2
CategoryManager.jsx,src/components/features/CategoryManager.jsx,Tag,51,OK,0,size,text-[var(--theme-accent-primary)]
CategoryManager.jsx,src/components/features/CategoryManager.jsx,span,52,OK,1,,font-black text-xs tracking-widest text-white
CategoryManager.jsx,src/components/features/CategoryManager.jsx,button,54,OK,3,,p-2 bg-[var(--theme-accent-primary)] rounded-full text-white
CategoryManager.jsx,src/components/features/CategoryManager.jsx,Tag,55,OK,0,size,
CategoryManager.jsx,src/components/features/CategoryManager.jsx,div,58,OK,3,,p-6 space-y-2 flex flex-wrap gap-2
CategoryManager.jsx,src/components/features/CategoryManager.jsx,span,60,OK,3,key,px-4 py-2 bg-black border border-white/10 rounded-full text-xs font-bold text-slate-400 hover:border-[var(--theme-accent-primary)] cursor-pointer transition-colors
CategoryManager.jsx,src/components/features/CategoryManager.jsx,footer,68,OK,3,,pt-10 flex justify-end
CategoryManager.jsx,src/components/features/CategoryManager.jsx,button,69,OK,3,,master-button-canonic bg-[var(--theme-accent-primary)] text-white gap-2 px-8
CategoryManager.jsx,src/components/features/CategoryManager.jsx,Save,70,OK,0,size,
ChatDetail.jsx,src/components/features/ChatDetail.jsx,div,97,OK,3,,glass-rural w-full max-w-sm rounded-3xl px-4 py-3 shadow-2xl text-[#E5E2E1]
ChatDetail.jsx,src/components/features/ChatDetail.jsx,div,98,OK,5,,flex items-center justify-between gap-3
ChatDetail.jsx,src/components/features/ChatDetail.jsx,p,99,OK,1,,font-medium text-sm text-[#E5E2E1]/90
ChatDetail.jsx,src/components/features/ChatDetail.jsx,button,101,OK,3,onClick,btn-tactile rounded-full bg-[#F97316]/20 px-3 py-1.5 text-xs font-semibold text-[#F97316]
ChatDetail.jsx,src/components/features/ChatDetail.jsx,div,457,OK,3,,flex min-h-full flex-1 items-center justify-center bg-[#131313]
ChatDetail.jsx,src/components/features/ChatDetail.jsx,Loader2,458,OK,0,size,animate-spin text-[#F97316]
ChatDetail.jsx,src/components/features/ChatDetail.jsx,section,464,A11Y_CLICK_SENSE_ROLE,7,onClick,relative isolate flex min-h-0 min-w-0 flex-1 flex-col bg-theme-bg text-theme-text
ChatDetail.jsx,src/components/features/ChatDetail.jsx,ChatHeader,468,OK,0,otherInfo realChatId isHeaderSearchOpen setIsHeaderSearchOpen searchQuery setSearchQuery isSettingsMenuOpen setIsSettingsMenuOpen isEmbedded,
ChatDetail.jsx,src/components/features/ChatDetail.jsx,div,480,OK,7,role aria-label,flex min-h-0 flex-1 flex-col bg-theme-bg
ChatDetail.jsx,src/components/features/ChatDetail.jsx,div,482,OK,9,,mx-3 mt-2 rounded-3xl bg-theme-surface px-4 py-3 text-center text-[13px] text-theme-accent-primary shadow-lg
ChatDetail.jsx,src/components/features/ChatDetail.jsx,span,483,OK,1,,font-bold
ChatDetail.jsx,src/components/features/ChatDetail.jsx,strong,484,OK,1,,underline
ChatDetail.jsx,src/components/features/ChatDetail.jsx,div,490,OK,8,,mx-3 mt-2 rounded-3xl bg-theme-accent-primary/10 px-4 py-3 text-center text-[15px] text-theme-accent-primary shadow-xl
ChatDetail.jsx,src/components/features/ChatDetail.jsx,span,491,OK,2,,font-bold
ChatDetail.jsx,src/components/features/ChatDetail.jsx,a,492,OK,3,href,font-bold underline
ChatDetail.jsx,src/components/features/ChatDetail.jsx,div,498,OK,5,,relative flex min-h-0 flex-1 flex-col
ChatDetail.jsx,src/components/features/ChatDetail.jsx,div,499,OK,3,,relative min-h-0 flex-1 overflow-hidden
ChatDetail.jsx,src/components/features/ChatDetail.jsx,ChatMessageList,500,OK,0,realChatId messages setMessages searchQuery humanId otherInfo contextMenuId setContextMenuId contextMenuPosition setContextMenuPosition onMoveMessageToAgent onRequestMove onDeleteMessage onReply,
ChatDetail.jsx,src/components/features/ChatDetail.jsx,div,518,OK,3,,shrink-0
ChatDetail.jsx,src/components/features/ChatDetail.jsx,ChatInputArea,519,OK,0,humanId otherInfo activeEntityId user isGuestInteractionModalOpen setIsGuestInteractionModalOpen handleSendMessage isSending globalDroppedFile setGlobalDroppedFile replyingToItem setReplyingToItem,
ChatDetail.jsx,src/components/features/ChatDetail.jsx,ChatMoveSelectorModal,539,OK,0,msg onClose onSelect,
ChatDetail.jsx,src/components/features/ChatDetail.jsx,div,558,OK,3,,sticky top-0 z-[190] w-full shrink-0 shadow-sm
ChatDetail.jsx,src/components/features/ChatDetail.jsx,UniversalCardHeader,559,OK,0,item cardVariant displayTown displayAuthor avatarSrc avatarRole isOfficial isPageHeader displayTime,!h-[56px] !min-h-[56px] !max-h-[56px]
ChatDetail.jsx,src/components/features/ChatDetail.jsx,div,583,OK,7,,flex-1 h-full overflow-y-auto px-4 py-6 flex flex-col gap-4 bg-theme-base custom-scrollbar
ChatDetail.jsx,src/components/features/ChatDetail.jsx,div,587,OK,5,key,[Dinàmic]
ChatDetail.jsx,src/components/features/ChatDetail.jsx,div,588,OK,3,,[Dinàmic]
ChatDetail.jsx,src/components/features/ChatDetail.jsx,span,596,OK,3,,[Dinàmic]
ChatDetail.jsx,src/components/features/ChatDetail.jsx,div,603,OK,7,,flex flex-col items-center justify-center text-center text-theme-muted mt-20 opacity-60
ChatDetail.jsx,src/components/features/ChatDetail.jsx,div,604,OK,3,,w-16 h-16 rounded-full bg-white/10 flex items-center justify-center mb-4 border border-white/5 shadow-inner
ChatDetail.jsx,src/components/features/ChatDetail.jsx,Send,605,OK,0,size,text-[#FF6D00] ml-1 opacity-50
ChatDetail.jsx,src/components/features/ChatDetail.jsx,p,607,OK,1,,font-bold text-sm tracking-wide
ChatDetail.jsx,src/components/features/ChatDetail.jsx,p,608,OK,1,,text-xs mt-1 max-w-[200px]
ChatDetail.jsx,src/components/features/ChatDetail.jsx,div,611,OK,0,ref,h-4
ChatDetail.jsx,src/components/features/ChatDetail.jsx,div,627,OK,3,,p-3 bg-white dark:bg-[#111111] border-t border-gray-100 dark:border-white/5 pb-safe
ChatDetail.jsx,src/components/features/ChatDetail.jsx,form,628,OK,13,onSubmit,flex items-end gap-2 max-w-4xl mx-auto w-full
ChatDetail.jsx,src/components/features/ChatDetail.jsx,div,630,OK,5,,flex gap-1 pb-1 shrink-0
ChatDetail.jsx,src/components/features/ChatDetail.jsx,button,631,OK,3,type,w-[42px] h-[42px] flex items-center justify-center rounded-full text-gray-400 hover:bg-gray-100 dark:hover:bg-white/5 transition-colors
ChatDetail.jsx,src/components/features/ChatDetail.jsx,Paperclip,632,OK,0,size,
ChatDetail.jsx,src/components/features/ChatDetail.jsx,button,634,OK,3,type,w-[42px] h-[42px] flex items-center justify-center rounded-full text-gray-400 hover:bg-gray-100 dark:hover:bg-white/5 transition-colors hidden sm:flex
ChatDetail.jsx,src/components/features/ChatDetail.jsx,ImageIcon,635,OK,0,size,
ChatDetail.jsx,src/components/features/ChatDetail.jsx,div,640,CSS_EXCESSIU,3,,flex-1 bg-gray-100 dark:bg-[#1A1A1A] border border-transparent dark:border-white/5 rounded-[24px] flex items-center relative overflow-hidden transition-all focus-within:border-[#FF6D00]/30 focus-within:bg-white dark:focus-within:bg-[#222222] focus-within:shadow-[0_4px_20px_rgba(255;109;0;0.08)] min-h-[48px]
ChatDetail.jsx,src/components/features/ChatDetail.jsx,textarea,641,ESTILS_MESCLATS,0,value onChange onKeyDown placeholder rows style,flex-1 bg-transparent border-none px-4 py-3 outline-none text-[15px] resize-none max-h-[120px] overflow-y-auto text-gray-800 dark:text-white placeholder:text-gray-400 m-0 w-full
ChatDetail.jsx,src/components/features/ChatDetail.jsx,div,658,OK,3,,pb-[2px] shrink-0
ChatDetail.jsx,src/components/features/ChatDetail.jsx,button,660,OK,3,type,w-[46px] h-[46px] rounded-full flex items-center justify-center font-bold bg-[#FF6D00]/10 text-[#FF6D00] hover:bg-[#FF6D00]/20 transition-all border border-[#FF6D00]/20
ChatDetail.jsx,src/components/features/ChatDetail.jsx,Mic,664,OK,0,size,
ChatDetail.jsx,src/components/features/ChatDetail.jsx,button,667,CSS_EXCESSIU,3,type disabled,w-[46px] h-[46px] rounded-full flex items-center justify-center font-bold bg-[#FF6D00] text-white shadow-[0_4px_15px_rgba(255;109;0;0.3)] hover:scale-105 active:scale-95 transition-all disabled:opacity-50 disabled:scale-100 pl-1
ChatDetail.jsx,src/components/features/ChatDetail.jsx,Send,672,OK,0,size,
ChatEmptyState.jsx,src/components/features/ChatEmptyState.jsx,div,12,OK,3,,flex-1 flex flex-col items-center justify-center p-8 md:p-12 bg-[#050505] text-white min-h-0
ChatEmptyState.jsx,src/components/features/ChatEmptyState.jsx,div,13,OK,3,,max-w-2xl w-full border border-[var(--theme-accent-primary)]/30 bg-[var(--theme-accent-primary)]/5 genesis-radius p-8 md:p-10 backdrop-blur-xl animate-fade-in
ChatEmptyState.jsx,src/components/features/ChatEmptyState.jsx,div,14,OK,5,,flex items-center gap-3 mb-8 text-[var(--theme-accent-primary)] font-black text-xs uppercase tracking-[0.3em]
ChatEmptyState.jsx,src/components/features/ChatEmptyState.jsx,BookOpen,15,OK,0,size,
ChatEmptyState.jsx,src/components/features/ChatEmptyState.jsx,span,16,WRAPPER_INUTIL,1,,
ChatEmptyState.jsx,src/components/features/ChatEmptyState.jsx,div,24,OK,3,,flex-1 w-full h-full relative overflow-y-auto bg-theme-base
ChatEmptyState.jsx,src/components/features/ChatEmptyState.jsx,Map,25,FANTASMA_BUIT,0,,
ChatList.jsx,src/components/features/ChatList.jsx,div,275,OK,11,,flex-1 flex flex-col min-w-0 bg-white dark:bg-[#0e0e0e] relative overflow-hidden h-full chat-list-container font-['Noto_Sans';sans-serif] transition-colors border-r border-[#0000000a] dark:border-transparent
ChatList.jsx,src/components/features/ChatList.jsx,div,277,CSS_EXCESSIU,5,role aria-label,shrink-0 flex items-center justify-between px-3 sm:px-4 h-[56px] min-h-[56px] bg-[#F97316] dark:bg-[#4F46E5] sticky top-0 z-20 transition-colors gap-2 shadow-md
ChatList.jsx,src/components/features/ChatList.jsx,div,278,OK,5,,flex items-center flex-1 h-[36px] bg-white rounded-[28px] overflow-hidden focus-within:ring-2 focus-within:ring-[#0369A1] transition-all group
ChatList.jsx,src/components/features/ChatList.jsx,div,279,OK,3,,flex items-center justify-center pl-4 pr-2 h-full
ChatList.jsx,src/components/features/ChatList.jsx,Search,280,OK,0,size strokeWidth,text-gray-500 group-focus-within:text-[#F97316] transition-colors
ChatList.jsx,src/components/features/ChatList.jsx,input,286,OK,0,name type aria-label placeholder value onChange,flex-1 w-full h-full bg-transparent text-gray-900 pr-4 py-0 m-0 text-[14px] leading-none font-bold outline-none placeholder:text-gray-800 placeholder:font-bold
ChatList.jsx,src/components/features/ChatList.jsx,div,298,OK,5,,relative flex-shrink-0 flex items-center justify-center
ChatList.jsx,src/components/features/ChatList.jsx,button,299,OK,3,onClick title,w-[42px] h-[42px] flex items-center justify-center rounded-full text-white hover:bg-white/20 transition-colors
ChatList.jsx,src/components/features/ChatList.jsx,Settings,304,OK,0,size strokeWidth,
ChatList.jsx,src/components/features/ChatList.jsx,div,309,A11Y_CLICK_SENSE_ROLE,0,onClick,fixed inset-0 z-40
ChatList.jsx,src/components/features/ChatList.jsx,div,310,CSS_EXCESSIU,29,,absolute right-0 top-14 z-50 w-72 origin-top-right animate-in fade-in zoom-in-95 rounded-[28px] bg-white dark:bg-[#1a1a1a] py-3 text-[16px] text-theme-text shadow-[0_8px_32px_rgba(0;0;0;0.25)] border border-gray-100 dark:border-gray-800 duration-200
ChatList.jsx,src/components/features/ChatList.jsx,div,312,OK,3,,px-5 pb-3 mb-2 border-b border-gray-100 dark:border-gray-800 flex items-center justify-between
ChatList.jsx,src/components/features/ChatList.jsx,span,313,OK,1,,font-['Noto_Sans'] font-bold text-[18px] text-gray-900 dark:text-white capitalize
ChatList.jsx,src/components/features/ChatList.jsx,button,316,OK,3,onClick,w-full px-5 py-3 text-left font-['Noto_Sans'] font-bold text-theme-accent-primary hover:bg-theme-accent-primary/10 transition-colors uppercase tracking-wider text-[14px]
ChatList.jsx,src/components/features/ChatList.jsx,div,319,OK,0,,mx-5 my-1 border-b border-gray-100 dark:border-gray-800
ChatList.jsx,src/components/features/ChatList.jsx,button,322,OK,1,onClick,w-full px-5 py-3 text-left font-['Noto_Sans'] font-medium transition-colors hover:bg-theme-accent-primary/10 hover:text-theme-accent-primary
ChatList.jsx,src/components/features/ChatList.jsx,button,323,OK,1,onClick,w-full px-5 py-3 text-left font-['Noto_Sans'] font-medium transition-colors hover:bg-theme-accent-primary/10 hover:text-theme-accent-primary
ChatList.jsx,src/components/features/ChatList.jsx,button,324,OK,1,onClick,w-full px-5 py-3 text-left font-['Noto_Sans'] font-medium transition-colors hover:bg-theme-accent-primary/10 hover:text-theme-accent-primary
ChatList.jsx,src/components/features/ChatList.jsx,button,325,OK,1,onClick,w-full px-5 py-3 text-left font-['Noto_Sans'] font-medium transition-colors hover:bg-theme-accent-primary/10 hover:text-theme-accent-primary
ChatList.jsx,src/components/features/ChatList.jsx,button,326,OK,1,onClick,w-full px-5 py-3 text-left font-['Noto_Sans'] font-medium transition-colors hover:bg-theme-accent-primary/10 hover:text-theme-accent-primary
ChatList.jsx,src/components/features/ChatList.jsx,button,327,OK,1,onClick,w-full px-5 py-3 text-left font-['Noto_Sans'] font-medium transition-colors hover:bg-theme-accent-primary/10 hover:text-theme-accent-primary
ChatList.jsx,src/components/features/ChatList.jsx,button,328,OK,1,onClick,w-full px-5 py-3 text-left font-['Noto_Sans'] font-medium transition-colors hover:bg-theme-accent-primary/10 hover:text-theme-accent-primary
ChatList.jsx,src/components/features/ChatList.jsx,button,329,OK,1,onClick,w-full px-5 py-3 text-left font-['Noto_Sans'] font-medium transition-colors hover:bg-theme-accent-primary/10 hover:text-theme-accent-primary text-gray-500
ChatList.jsx,src/components/features/ChatList.jsx,div,336,ESTILS_MESCLATS,3,style,flex-1 overflow-y-auto bg-white dark:bg-[#0e0e0e] min-h-0 custom-scrollbar overscroll-contain transition-colors
ChatList.jsx,src/components/features/ChatList.jsx,div,342,A11Y_CLICK_SENSE_ROLE,9,key onClick,[Dinàmic]
ChatList.jsx,src/components/features/ChatList.jsx,div,351,OK,5,,flex-shrink-0 relative py-3 pr-4
ChatList.jsx,src/components/features/ChatList.jsx,Avatar,352,OK,0,src name role size,
ChatList.jsx,src/components/features/ChatList.jsx,div,359,CSS_EXCESSIU,3,,absolute bottom-2 right-3 bg-white dark:bg-[#0e0e0e] rounded-[10px] px-1.5 py-0.5 z-10 shadow-sm border border-gray-200 dark:border-[rgba(255;255;255;0.1)] flex items-center justify-center
ChatList.jsx,src/components/features/ChatList.jsx,span,360,OK,1,,text-[#C25300] dark:text-[#FF6D00] text-[9px] font-black tracking-widest uppercase
ChatList.jsx,src/components/features/ChatList.jsx,div,366,OK,9,,flex-1 min-w-0 flex flex-col justify-center h-[72px] pr-4 border-b border-gray-200 dark:border-white/5 group-last:border-0
ChatList.jsx,src/components/features/ChatList.jsx,div,368,OK,5,,flex justify-between items-center gap-2
ChatList.jsx,src/components/features/ChatList.jsx,div,369,OK,3,,m-0 truncate text-[17px] md:text-[19px] font-semibold leading-tight text-[#0369A1] dark:text-[#F97316] transition-colors tracking-normal
ChatList.jsx,src/components/features/ChatList.jsx,div,376,OK,3,,shrink-0 text-[12px] md:text-[13px] font-normal leading-tight text-[#54656F] dark:text-[#8696A0] ml-2
ChatList.jsx,src/components/features/ChatList.jsx,div,385,OK,3,,flex items-center text-[15px] font-normal transition-colors mt-[1px]
ChatList.jsx,src/components/features/ChatList.jsx,p,386,OK,3,,m-0 truncate w-full text-[#54656F] dark:text-[#8696A0] leading-tight
ChatList.jsx,src/components/features/ChatList.jsx,div,394,OK,7,,h-full flex flex-col items-center justify-center p-12 text-center opacity-80
ChatList.jsx,src/components/features/ChatList.jsx,MessageSquare,395,OK,0,size,mb-6 text-[#0369A1] mx-auto opacity-70
ChatList.jsx,src/components/features/ChatList.jsx,p,399,OK,3,,text-gray-900 dark:text-white text-[16px] font-bold tracking-wide
ChatList.jsx,src/components/features/ChatList.jsx,p,402,OK,3,,text-gray-600 dark:text-white/50 text-[14px] mt-2
ChatList.jsx,src/components/features/ChatList.jsx,TownSelectorModal,409,OK,0,isOpen onClose onSelect,
CreationHub.jsx,src/components/features/CreationHub.jsx,div,19,OK,9,,fixed inset-0 z-modal flex items-center justify-center p-4
CreationHub.jsx,src/components/features/CreationHub.jsx,div,21,A11Y_CLICK_SENSE_ROLE,0,onClick,absolute inset-0 bg-black/60 backdrop-blur-md
CreationHub.jsx,src/components/features/CreationHub.jsx,div,27,OK,11,,relative z-50 w-full max-w-lg p-6 rounded-[32px] shadow-2xl bg-[#0A0A0A] border border-white/10 text-white animate-in zoom-in-95
CreationHub.jsx,src/components/features/CreationHub.jsx,button,28,CSS_EXCESSIU,3,onClick aria-label,absolute top-4 right-4 w-12 h-12 flex items-center justify-center rounded-[28px] bg-white/5 hover:bg-white/10 text-white shadow-lg transition-all active:scale-95 z-10 outline-none
CreationHub.jsx,src/components/features/CreationHub.jsx,X,34,OK,0,size,
CreationHub.jsx,src/components/features/CreationHub.jsx,div,37,OK,7,,text-center mb-6 mt-2 relative z-10
CreationHub.jsx,src/components/features/CreationHub.jsx,div,38,OK,3,,w-16 h-16 mx-auto bg-[#0984E3] rounded-[28px] flex items-center justify-center mb-4 shadow-xl shadow-[#0984E3]/20
CreationHub.jsx,src/components/features/CreationHub.jsx,Plus,39,OK,0,strokeWidth,w-8 h-8 text-white
CreationHub.jsx,src/components/features/CreationHub.jsx,h2,41,OK,3,,text-3xl font-bold mb-2 tracking-tight
CreationHub.jsx,src/components/features/CreationHub.jsx,p,44,OK,1,,text-[15px] font-medium text-white/50
CreationHub.jsx,src/components/features/CreationHub.jsx,div,49,OK,17,,grid grid-cols-2 gap-3 mb-6 relative z-10
CreationHub.jsx,src/components/features/CreationHub.jsx,button,51,OK,5,onClick,creation-hub-btn outline-none
CreationHub.jsx,src/components/features/CreationHub.jsx,div,52,OK,3,,icon-wrap
CreationHub.jsx,src/components/features/CreationHub.jsx,Newspaper,53,OK,0,size strokeWidth,
CreationHub.jsx,src/components/features/CreationHub.jsx,span,55,OK,1,,font-bold tracking-wide
CreationHub.jsx,src/components/features/CreationHub.jsx,button,59,OK,5,onClick,creation-hub-btn outline-none
CreationHub.jsx,src/components/features/CreationHub.jsx,div,60,OK,3,,icon-wrap
CreationHub.jsx,src/components/features/CreationHub.jsx,Store,61,OK,0,size strokeWidth,
CreationHub.jsx,src/components/features/CreationHub.jsx,span,63,OK,1,,font-bold tracking-wide
CreationHub.jsx,src/components/features/CreationHub.jsx,button,67,OK,5,onClick,creation-hub-btn outline-none
CreationHub.jsx,src/components/features/CreationHub.jsx,div,68,OK,3,,icon-wrap
CreationHub.jsx,src/components/features/CreationHub.jsx,Calendar,69,OK,0,size strokeWidth,
CreationHub.jsx,src/components/features/CreationHub.jsx,span,71,OK,1,,font-bold tracking-wide
CreationHub.jsx,src/components/features/CreationHub.jsx,button,75,OK,5,onClick,creation-hub-btn outline-none
CreationHub.jsx,src/components/features/CreationHub.jsx,div,76,OK,3,,icon-wrap
CreationHub.jsx,src/components/features/CreationHub.jsx,BookOpen,77,OK,0,size strokeWidth,
CreationHub.jsx,src/components/features/CreationHub.jsx,span,79,OK,1,,font-bold tracking-wide
CreationHub.jsx,src/components/features/CreationHub.jsx,div,84,OK,7,,space-y-3 pt-4 border-t border-white/5 relative z-10
CreationHub.jsx,src/components/features/CreationHub.jsx,div,85,OK,7,,grid grid-cols-3 gap-3
CreationHub.jsx,src/components/features/CreationHub.jsx,button,86,OK,5,onClick,tool-btn-alzina tool-btn-primary outline-none
CreationHub.jsx,src/components/features/CreationHub.jsx,Bot,87,OK,0,size strokeWidth,
CreationHub.jsx,src/components/features/CreationHub.jsx,span,88,WRAPPER_INUTIL,1,,
CreationHub.jsx,src/components/features/CreationHub.jsx,button,91,OK,5,onClick,tool-btn-alzina outline-none
CreationHub.jsx,src/components/features/CreationHub.jsx,StickyNote,92,OK,0,size,
CreationHub.jsx,src/components/features/CreationHub.jsx,span,93,WRAPPER_INUTIL,1,,
CreationHub.jsx,src/components/features/CreationHub.jsx,button,96,OK,5,onClick,tool-btn-alzina outline-none
CreationHub.jsx,src/components/features/CreationHub.jsx,Share2,105,OK,0,size,
CreationHub.jsx,src/components/features/CreationHub.jsx,span,106,WRAPPER_INUTIL,1,,
CreationHub.jsx,src/components/features/CreationHub.jsx,button,111,CSS_EXCESSIU,5,onClick,w-full flex items-center justify-center gap-2 py-4 bg-red-500/10 hover:bg-red-500/20 text-red-500 rounded-[24px] text-[13px] font-black transition-colors outline-none tracking-widest uppercase border border-red-500/20
CreationHub.jsx,src/components/features/CreationHub.jsx,Shield,112,OK,0,size,
CreationHub.jsx,src/components/features/CreationHub.jsx,span,113,WRAPPER_INUTIL,1,,
CreationHub.jsx,src/components/features/CreationHub.jsx,button,117,OK,5,onClick,w-full flex items-center justify-center gap-2 py-4 text-white/40 hover:text-white/80 transition-colors text-[13px] font-bold outline-none uppercase tracking-widest
CreationHub.jsx,src/components/features/CreationHub.jsx,LogOut,121,OK,0,size,
CreationHub.jsx,src/components/features/CreationHub.jsx,span,122,WRAPPER_INUTIL,1,,
EpubViewer.jsx,src/components/features/EpubViewer.jsx,div,127,OK,25,,fixed inset-0 z-[5000] bg-black text-white flex flex-col animate-in fade-in duration-300
EpubViewer.jsx,src/components/features/EpubViewer.jsx,div,129,OK,5,,flex-none h-16 w-full flex items-center justify-between px-3 md:px-6 border-b border-white/10 bg-[#0e0e0e] z-20
EpubViewer.jsx,src/components/features/EpubViewer.jsx,div,130,OK,5,,flex items-center gap-2 md:gap-4
EpubViewer.jsx,src/components/features/EpubViewer.jsx,button,131,OK,3,onClick,p-2 hover:bg-white/10 rounded-full transition-colors active:scale-95
EpubViewer.jsx,src/components/features/EpubViewer.jsx,X,132,OK,0,size,
EpubViewer.jsx,src/components/features/EpubViewer.jsx,h2,134,OK,3,,font-bold tracking-widest uppercase text-sm truncate max-w-[120px] sm:max-w-md hidden md:block
EpubViewer.jsx,src/components/features/EpubViewer.jsx,div,139,OK,11,,flex items-center gap-1 md:gap-2
EpubViewer.jsx,src/components/features/EpubViewer.jsx,button,140,OK,3,onClick title,[Dinàmic]
EpubViewer.jsx,src/components/features/EpubViewer.jsx,List,145,OK,0,size,
EpubViewer.jsx,src/components/features/EpubViewer.jsx,button,148,OK,3,onClick title,[Dinàmic]
EpubViewer.jsx,src/components/features/EpubViewer.jsx,Search,153,OK,0,size,
EpubViewer.jsx,src/components/features/EpubViewer.jsx,button,156,OK,3,onClick title,[Dinàmic]
EpubViewer.jsx,src/components/features/EpubViewer.jsx,Type,161,OK,0,size,
EpubViewer.jsx,src/components/features/EpubViewer.jsx,button,165,OK,3,onClick,[Dinàmic]
EpubViewer.jsx,src/components/features/EpubViewer.jsx,Menu,169,OK,0,size,
EpubViewer.jsx,src/components/features/EpubViewer.jsx,div,176,OK,5,,absolute top-16 left-0 bottom-10 w-full md:w-80 bg-[#1a1a1a] border-r border-white/10 shadow-2xl z-20 overflow-y-auto animate-in slide-in-from-left
EpubViewer.jsx,src/components/features/EpubViewer.jsx,div,177,OK,3,,p-4 border-b border-white/10 sticky top-0 bg-[#1a1a1a]/90 backdrop-blur-md
EpubViewer.jsx,src/components/features/EpubViewer.jsx,h3,178,OK,1,,text-xs uppercase font-bold tracking-widest text-[#a0a0a0]
EpubViewer.jsx,src/components/features/EpubViewer.jsx,ul,180,OK,3,,p-2 space-y-1
EpubViewer.jsx,src/components/features/EpubViewer.jsx,div,182,OK,1,,p-4 text-center text-white/50 text-sm
EpubViewer.jsx,src/components/features/EpubViewer.jsx,li,184,OK,3,key,
EpubViewer.jsx,src/components/features/EpubViewer.jsx,button,185,OK,3,onClick,w-full text-left p-3 hover:bg-white/5 rounded-lg transition-colors overflow-hidden
EpubViewer.jsx,src/components/features/EpubViewer.jsx,span,192,OK,1,,text-sm text-white/90 truncate block
EpubViewer.jsx,src/components/features/EpubViewer.jsx,div,202,CSS_EXCESSIU,5,,absolute top-16 right-0 md:right-4 w-full md:w-96 bg-[#1a1a1a] md:border border-white/10 md:rounded-b-2xl md:shadow-2xl z-20 max-h-[80vh] flex flex-col animate-in slide-in-from-top-2
EpubViewer.jsx,src/components/features/EpubViewer.jsx,div,203,OK,5,,p-4 border-b border-white/10 shrink-0
EpubViewer.jsx,src/components/features/EpubViewer.jsx,h3,204,OK,1,,text-xs uppercase font-bold tracking-widest text-[#a0a0a0] mb-3
EpubViewer.jsx,src/components/features/EpubViewer.jsx,div,205,OK,5,,flex gap-2
EpubViewer.jsx,src/components/features/EpubViewer.jsx,input,206,OK,0,type value onChange onKeyDown placeholder,flex-1 bg-black/40 border border-white/10 rounded-lg px-3 py-2 text-sm focus:outline-none focus:border-[var(--theme-accent-primary)]
EpubViewer.jsx,src/components/features/EpubViewer.jsx,button,214,OK,3,onClick disabled,bg-[var(--theme-accent-primary)] hover:bg-[var(--theme-accent-primary)]/80 text-white px-4 py-2 rounded-lg text-sm font-bold disabled:opacity-50 transition-colors
EpubViewer.jsx,src/components/features/EpubViewer.jsx,div,223,OK,5,,flex-1 overflow-y-auto p-2
EpubViewer.jsx,src/components/features/EpubViewer.jsx,div,225,OK,1,,p-4 text-center text-white/50 text-sm
EpubViewer.jsx,src/components/features/EpubViewer.jsx,button,228,OK,3,key onClick,w-full text-left p-3 hover:bg-white/5 rounded-lg mb-1 transition-colors border border-transparent hover:border-white/5
EpubViewer.jsx,src/components/features/EpubViewer.jsx,p,236,PERILL_XSS,0,dangerouslySetInnerHTML,text-xs text-white/80 line-clamp-3 leading-relaxed
EpubViewer.jsx,src/components/features/EpubViewer.jsx,div,245,OK,15,,absolute top-16 right-0 md:right-4 w-full md:w-72 bg-[#1a1a1a] md:border border-white/10 md:rounded-b-2xl md:shadow-2xl p-5 z-20 animate-in slide-in-from-top-2
EpubViewer.jsx,src/components/features/EpubViewer.jsx,h3,246,OK,1,,text-xs uppercase font-bold tracking-widest text-[#a0a0a0] mb-4
EpubViewer.jsx,src/components/features/EpubViewer.jsx,div,249,OK,7,,flex items-center justify-between bg-black/40 rounded-xl mb-4 overflow-hidden border border-white/5
EpubViewer.jsx,src/components/features/EpubViewer.jsx,button,250,OK,1,onClick,flex-1 py-3 text-lg font-medium hover:bg-white/5 disabled:opacity-50
EpubViewer.jsx,src/components/features/EpubViewer.jsx,span,256,OK,2,,text-sm font-bold text-white/50
EpubViewer.jsx,src/components/features/EpubViewer.jsx,button,257,OK,1,onClick,flex-1 py-3 text-lg font-medium hover:bg-white/5 disabled:opacity-50
EpubViewer.jsx,src/components/features/EpubViewer.jsx,div,266,OK,5,,grid grid-cols-2 gap-2 mb-4
EpubViewer.jsx,src/components/features/EpubViewer.jsx,button,267,OK,4,onClick,[Dinàmic]
EpubViewer.jsx,src/components/features/EpubViewer.jsx,br,271,FANTASMA_BUIT,0,,
EpubViewer.jsx,src/components/features/EpubViewer.jsx,span,271,OK,1,,text-[10px] opacity-70 font-normal
EpubViewer.jsx,src/components/features/EpubViewer.jsx,button,273,OK,4,onClick,[Dinàmic]
EpubViewer.jsx,src/components/features/EpubViewer.jsx,br,277,FANTASMA_BUIT,0,,
EpubViewer.jsx,src/components/features/EpubViewer.jsx,span,277,OK,1,,text-[10px] opacity-70 font-normal
EpubViewer.jsx,src/components/features/EpubViewer.jsx,div,282,OK,5,,flex gap-2
EpubViewer.jsx,src/components/features/EpubViewer.jsx,button,283,OK,0,onClick,[Dinàmic]
EpubViewer.jsx,src/components/features/EpubViewer.jsx,button,287,OK,0,onClick,[Dinàmic]
EpubViewer.jsx,src/components/features/EpubViewer.jsx,div,296,OK,3,,flex-1 w-full relative bg-white overflow-hidden
EpubViewer.jsx,src/components/features/EpubViewer.jsx,ReactReader,297,OK,0,url title location locationChanged tocChanged getRendition swipeable epubOptions readerStyles,
EpubViewer.jsx,src/components/features/EpubViewer.jsx,div,337,CSS_EXCESSIU,1,,flex-none h-10 w-full flex items-center justify-center border-t border-white/10 bg-[#0e0e0e] z-10 text-[10px] text-white/50 tracking-widest uppercase font-bold shadow-[0_-5px_20px_rgba(0;0;0;0.5)] leading-none pt-0.5
Feed.jsx,src/components/features/Feed.jsx,div,49,OK,7,,w-full h-full min-h-[300px] flex flex-col items-center justify-center bg-[#1A1A1A]/80 backdrop-blur-md rounded-[20px] border border-red-500/20 p-6 text-center
Feed.jsx,src/components/features/Feed.jsx,Sparkles,50,OK,0,size,text-red-500/40 mb-3 opacity-50
Feed.jsx,src/components/features/Feed.jsx,span,51,OK,1,,text-zinc-500 font-semibold font-['Epilogue'] tracking-tight
Feed.jsx,src/components/features/Feed.jsx,span,52,OK,1,,text-zinc-600 text-[12px] mt-1
Feed.jsx,src/components/features/Feed.jsx,UniversalCard,242,OK,3,item avatarName title subtitle image onNavigate mode viewMode cardVariant isBating isForensic variant forceEditOption,[Dinàmic]
Feed.jsx,src/components/features/Feed.jsx,div,259,OK,3,,iaia-transparency-genesis mt-2 mb-1
Feed.jsx,src/components/features/Feed.jsx,div,260,OK,3,,flex items-center gap-1 font-black text-[12px] text-cyan-400
Feed.jsx,src/components/features/Feed.jsx,Sparkles,261,OK,0,size,
Feed.jsx,src/components/features/Feed.jsx,FeedPostCard,271,OK,0,key post effectiveViewMode handleHeaderClick gloveMode isProfileOwner,
Feed.jsx,src/components/features/Feed.jsx,div,276,OK,3,,flex-1 flex flex-col h-full bg-theme-base relative overflow-hidden items-center justify-center p-8
Feed.jsx,src/components/features/Feed.jsx,Loader2,277,OK,0,size strokeWidth,animate-spin text-[#F97316]
Feed.jsx,src/components/features/Feed.jsx,div,284,OK,5,,flex-1 flex flex-col h-full bg-theme-base relative overflow-hidden items-center justify-center p-8
Feed.jsx,src/components/features/Feed.jsx,p,285,OK,1,,text-[#EF4444] text-center font-bold mb-4
Feed.jsx,src/components/features/Feed.jsx,StatusLoader,286,OK,0,type message onRetry,
Feed.jsx,src/components/features/Feed.jsx,div,292,OK,11,,flex flex-col w-full h-full relative isolate bg-theme-base
Feed.jsx,src/components/features/Feed.jsx,div,293,OK,9,aria-atomic,sr-only
Feed.jsx,src/components/features/Feed.jsx,SEO,299,OK,0,title description image,
Feed.jsx,src/components/features/Feed.jsx,h1,305,OK,1,,sr-only
Feed.jsx,src/components/features/Feed.jsx,div,308,OK,3,,flex-none w-full z-dropdown
Feed.jsx,src/components/features/Feed.jsx,ContextualHeader,309,OK,0,searchTerm onSearchChange viewMode onViewModeChange placeholder,
Feed.jsx,src/components/features/Feed.jsx,div,321,ESTILS_MESCLATS,5,ref style role aria-label,flex-1 w-full overflow-y-auto overflow-x-hidden min-h-0 relative
Feed.jsx,src/components/features/Feed.jsx,ConflictBanner,328,FANTASMA_BUIT,0,,
Feed.jsx,src/components/features/Feed.jsx,div,329,OK,5,,w-full pb-24
Feed.jsx,src/components/features/Feed.jsx,UniversalGridWrapper,330,OK,3,viewMode,
Feed.jsx,src/components/features/Feed.jsx,div,331,ESTILS_MESCLATS,3,key ref role aria-busy aria-label style,feed-list mx-auto w-full relative
Feed.jsx,src/components/features/Feed.jsx,StatusLoader,343,OK,0,type message onRetry,
Feed.jsx,src/components/features/Feed.jsx,div,357,OK,3,key data-index ref style,
Feed.jsx,src/components/features/Feed.jsx,UniversalGridRow,370,OK,3,viewMode columnCount,feed-grid
Feed.jsx,src/components/features/Feed.jsx,article,376,OK,3,key aria-posinset aria-setsize,w-full flex flex-col items-center justify-center
Feed.jsx,src/components/features/Feed.jsx,CardErrorBoundary,382,OK,3,fallback,
Feed.jsx,src/components/features/Feed.jsx,CorruptedCardPlaceholder,382,FANTASMA_BUIT,0,,
Feed.jsx,src/components/features/Feed.jsx,FeedPostCard,383,OK,0,post effectiveViewMode handleHeaderClick gloveMode isProfileOwner,
Feed.jsx,src/components/features/Feed.jsx,div,402,OK,3,ref,load-more-container mt-12 mb-12 flex justify-center w-full
Feed.jsx,src/components/features/Feed.jsx,div,404,OK,5,,flex items-center gap-2 text-[#F97316]/50
Feed.jsx,src/components/features/Feed.jsx,Loader2,405,OK,0,size,spinner
Feed.jsx,src/components/features/Feed.jsx,span,406,OK,1,,text-sm font-semibold tracking-widest uppercase
IAIAChatSidebar.jsx,src/components/features/IAIAChatSidebar.jsx,div,13,OK,3,,h-12 flex items-center justify-center
IAIAChatSidebar.jsx,src/components/features/IAIAChatSidebar.jsx,Loader2,14,OK,0,,animate-spin text-[var(--theme-accent-primary)] w-6 h-6
IAIAChatSidebar.jsx,src/components/features/IAIAChatSidebar.jsx,FileText,221,OK,0,size,
IAIAChatSidebar.jsx,src/components/features/IAIAChatSidebar.jsx,ImageIcon,222,OK,0,size,
IAIAChatSidebar.jsx,src/components/features/IAIAChatSidebar.jsx,ChevronRight,223,OK,0,size,
IAIAChatSidebar.jsx,src/components/features/IAIAChatSidebar.jsx,Terminal,224,OK,0,size,
IAIAChatSidebar.jsx,src/components/features/IAIAChatSidebar.jsx,Calendar,225,OK,0,size,
IAIAChatSidebar.jsx,src/components/features/IAIAChatSidebar.jsx,div,492,OK,3,key,[Dinàmic]
IAIAChatSidebar.jsx,src/components/features/IAIAChatSidebar.jsx,div,493,OK,9,,[Dinàmic]
IAIAChatSidebar.jsx,src/components/features/IAIAChatSidebar.jsx,div,495,OK,3,,chat-media-preview mb-3 card-radius overflow-hidden border border-white/10 glass-premium
IAIAChatSidebar.jsx,src/components/features/IAIAChatSidebar.jsx,video,497,OK,0,src controls,w-full max-h-60 object-cover
IAIAChatSidebar.jsx,src/components/features/IAIAChatSidebar.jsx,img,499,OK,0,src alt,w-full max-h-60 object-cover
IAIAChatSidebar.jsx,src/components/features/IAIAChatSidebar.jsx,div,501,OK,7,,file-bubble flex items-center gap-3 p-4 bg-white/5
IAIAChatSidebar.jsx,src/components/features/IAIAChatSidebar.jsx,div,502,OK,3,,file-icon p-2 bg-orange-500/20 rounded-[20px] text-blue-400
IAIAChatSidebar.jsx,src/components/features/IAIAChatSidebar.jsx,FileText,503,OK,0,size,
IAIAChatSidebar.jsx,src/components/features/IAIAChatSidebar.jsx,div,505,OK,5,,file-info flex-1
IAIAChatSidebar.jsx,src/components/features/IAIAChatSidebar.jsx,p,506,OK,1,,text-xs font-bold truncate
IAIAChatSidebar.jsx,src/components/features/IAIAChatSidebar.jsx,p,507,OK,1,,text-[9px] opacity-40 uppercase
IAIAChatSidebar.jsx,src/components/features/IAIAChatSidebar.jsx,Download,509,OK,0,size,opacity-20
IAIAChatSidebar.jsx,src/components/features/IAIAChatSidebar.jsx,div,515,OK,3,,archon-steps mb-3
IAIAChatSidebar.jsx,src/components/features/IAIAChatSidebar.jsx,div,517,OK,5,key,step-line flex items-center gap-2 text-[9px] opacity-40
IAIAChatSidebar.jsx,src/components/features/IAIAChatSidebar.jsx,Terminal,518,OK,0,size,
IAIAChatSidebar.jsx,src/components/features/IAIAChatSidebar.jsx,span,519,WRAPPER_INUTIL,1,,
IAIAChatSidebar.jsx,src/components/features/IAIAChatSidebar.jsx,p,524,OK,1,,text-sm leading-relaxed
IAIAChatSidebar.jsx,src/components/features/IAIAChatSidebar.jsx,div,527,OK,5,,audio-preference-actions mt-4 flex gap-2
IAIAChatSidebar.jsx,src/components/features/IAIAChatSidebar.jsx,button,528,OK,3,onClick,flex-1 bg-white/10 hover:bg-white/20 py-2.5 rounded-[28px] text-[11px] font-black uppercase tracking-wider text-center transition-colors flex items-center justify-center gap-2
IAIAChatSidebar.jsx,src/components/features/IAIAChatSidebar.jsx,Mic,532,OK,0,size,text-[var(--theme-accent-primary)]
IAIAChatSidebar.jsx,src/components/features/IAIAChatSidebar.jsx,button,534,OK,3,onClick,flex-1 bg-white/10 hover:bg-white/20 py-2.5 rounded-[28px] text-[11px] font-black uppercase tracking-wider text-center transition-colors flex items-center justify-center gap-2
IAIAChatSidebar.jsx,src/components/features/IAIAChatSidebar.jsx,Type,538,OK,0,size,text-[var(--theme-accent-secondary)]
IAIAChatSidebar.jsx,src/components/features/IAIAChatSidebar.jsx,Portal,548,OK,5,,
IAIAChatSidebar.jsx,src/components/features/IAIAChatSidebar.jsx,div,550,A11Y_CLICK_SENSE_ROLE,0,onClick,fixed inset-0 bg-black/50 z-[var(--z-overlay;9998)] touch-none overscroll-none animate-in fade-in duration-300 pointer-events-auto
IAIAChatSidebar.jsx,src/components/features/IAIAChatSidebar.jsx,div,555,OK,15,ref style,[Dinàmic]
IAIAChatSidebar.jsx,src/components/features/IAIAChatSidebar.jsx,PollManager,565,OK,0,onClose,
IAIAChatSidebar.jsx,src/components/features/IAIAChatSidebar.jsx,ListManager,566,OK,0,onClose,
IAIAChatSidebar.jsx,src/components/features/IAIAChatSidebar.jsx,div,568,OK,0,,bottom-sheet-handle
IAIAChatSidebar.jsx,src/components/features/IAIAChatSidebar.jsx,div,570,OK,3,role aria-orientation aria-valuenow aria-valuemin aria-valuemax tabIndex onMouseDown onTouchStart onKeyDown,resize-handle
IAIAChatSidebar.jsx,src/components/features/IAIAChatSidebar.jsx,div,585,OK,0,,handle-line
IAIAChatSidebar.jsx,src/components/features/IAIAChatSidebar.jsx,div,588,OK,5,ref,chat-messages-container flex-1 min-h-0 overflow-y-auto overscroll-contain custom-scrollbar
IAIAChatSidebar.jsx,src/components/features/IAIAChatSidebar.jsx,div,594,OK,5,,typing-indicator flex items-center gap-2 p-4 opacity-50
IAIAChatSidebar.jsx,src/components/features/IAIAChatSidebar.jsx,Sparkles,595,OK,0,size,animate-spin
IAIAChatSidebar.jsx,src/components/features/IAIAChatSidebar.jsx,span,596,OK,1,,text-[10px] uppercase font-black
IAIAChatSidebar.jsx,src/components/features/IAIAChatSidebar.jsx,footer,601,OK,9,,chat-sidebar-footer
IAIAChatSidebar.jsx,src/components/features/IAIAChatSidebar.jsx,div,603,OK,11,,formatting-toolbar flex items-center gap-1 p-1 bg-black/40 border border-white/10 rounded-[28px] shadow-2xl animate-in fade-in slide-in-from-bottom-2 mb-3 backdrop-blur-md
IAIAChatSidebar.jsx,src/components/features/IAIAChatSidebar.jsx,button,604,OK,3,onClick title,p-2 hover:bg-white/10 rounded-[20px] text-gray-400 hover:text-white transition-colors
IAIAChatSidebar.jsx,src/components/features/IAIAChatSidebar.jsx,Bold,605,OK,0,size,
IAIAChatSidebar.jsx,src/components/features/IAIAChatSidebar.jsx,button,607,OK,3,onClick title,p-2 hover:bg-white/10 rounded-[20px] text-gray-400 hover:text-white transition-colors
IAIAChatSidebar.jsx,src/components/features/IAIAChatSidebar.jsx,Italic,608,OK,0,size,
IAIAChatSidebar.jsx,src/components/features/IAIAChatSidebar.jsx,button,610,OK,3,onClick title,p-2 hover:bg-white/10 rounded-[20px] text-gray-400 hover:text-white transition-colors
IAIAChatSidebar.jsx,src/components/features/IAIAChatSidebar.jsx,Link2,611,OK,0,size,
IAIAChatSidebar.jsx,src/components/features/IAIAChatSidebar.jsx,div,613,OK,0,,w-[1px] h-4 bg-white/10 mx-1
IAIAChatSidebar.jsx,src/components/features/IAIAChatSidebar.jsx,span,614,OK,1,,text-[9px] font-black uppercase tracking-tighter text-fuchsia-500 px-2
IAIAChatSidebar.jsx,src/components/features/IAIAChatSidebar.jsx,div,617,OK,7,,input-pills flex gap-2 mb-4 overflow-x-auto pb-2
IAIAChatSidebar.jsx,src/components/features/IAIAChatSidebar.jsx,button,618,OK,1,aria-label onClick,pill-btn
IAIAChatSidebar.jsx,src/components/features/IAIAChatSidebar.jsx,button,619,OK,1,aria-label onClick,pill-btn
IAIAChatSidebar.jsx,src/components/features/IAIAChatSidebar.jsx,button,620,OK,1,aria-label onClick,pill-btn
IAIAChatSidebar.jsx,src/components/features/IAIAChatSidebar.jsx,div,622,OK,7,,chat-input-wrapper relative flex items-center gap-2
IAIAChatSidebar.jsx,src/components/features/IAIAChatSidebar.jsx,input,623,OK,0,name type ref onChange,hidden
IAIAChatSidebar.jsx,src/components/features/IAIAChatSidebar.jsx,div,632,OK,5,ref,relative
IAIAChatSidebar.jsx,src/components/features/IAIAChatSidebar.jsx,button,633,OK,3,aria-label onClick,[Dinàmic]
IAIAChatSidebar.jsx,src/components/features/IAIAChatSidebar.jsx,Plus,638,OK,0,size,
IAIAChatSidebar.jsx,src/components/features/IAIAChatSidebar.jsx,div,642,CSS_EXCESSIU,3,,absolute bottom-[calc(100%+12px)] left-0 w-56 bg-[#232323] border border-white/5 genesis-radius p-2 shadow-2xl animate-in fade-in zoom-in slide-in-from-bottom-4 flex flex-col gap-1 z-50
IAIAChatSidebar.jsx,src/components/features/IAIAChatSidebar.jsx,button,644,OK,5,key onClick,flex items-center gap-4 p-3 hover:bg-white/5 card-radius transition-colors text-left
IAIAChatSidebar.jsx,src/components/features/IAIAChatSidebar.jsx,div,662,ESTILS_MESCLATS,3,style,w-10 h-10 rounded-[28px] flex items-center justify-center text-white
IAIAChatSidebar.jsx,src/components/features/IAIAChatSidebar.jsx,span,665,OK,1,,text-xs font-bold text-gray-200
IAIAChatSidebar.jsx,src/components/features/IAIAChatSidebar.jsx,div,672,OK,3,,flex-1 relative
IAIAChatSidebar.jsx,src/components/features/IAIAChatSidebar.jsx,div,674,OK,3,,voice-recorder-overlay animate-in slide-in-from-bottom-5 duration-300 w-full bg-[#1a1a1a] shadow-2xl relative z-40 rounded-[28px] overflow-hidden
IAIAChatSidebar.jsx,src/components/features/IAIAChatSidebar.jsx,Suspense,675,OK,3,fallback,
IAIAChatSidebar.jsx,src/components/features/IAIAChatSidebar.jsx,FallbackLoader,675,FANTASMA_BUIT,0,,
IAIAChatSidebar.jsx,src/components/features/IAIAChatSidebar.jsx,VoiceRecorder,676,OK,0,onSend onCancel,
IAIAChatSidebar.jsx,src/components/features/IAIAChatSidebar.jsx,div,685,CSS_EXCESSIU,7,,absolute bottom-full left-0 mb-4 p-3 bg-[#1a1a1a] border border-white/10 genesis-radius flex items-center gap-4 animate-in fade-in slide-in-from-bottom-2 shadow-2xl z-40
IAIAChatSidebar.jsx,src/components/features/IAIAChatSidebar.jsx,div,686,OK,3,,w-12 h-12 bg-white/5 card-radius flex items-center justify-center overflow-hidden
IAIAChatSidebar.jsx,src/components/features/IAIAChatSidebar.jsx,img,688,OK,0,src alt,w-full h-full object-cover
IAIAChatSidebar.jsx,src/components/features/IAIAChatSidebar.jsx,FileText,690,OK,0,size,text-blue-400
IAIAChatSidebar.jsx,src/components/features/IAIAChatSidebar.jsx,div,693,OK,5,,flex-1 min-w-0 pr-4
IAIAChatSidebar.jsx,src/components/features/IAIAChatSidebar.jsx,p,694,OK,1,,text-[10px] font-black truncate
IAIAChatSidebar.jsx,src/components/features/IAIAChatSidebar.jsx,p,695,OK,1,,text-[8px] opacity-40 uppercase
IAIAChatSidebar.jsx,src/components/features/IAIAChatSidebar.jsx,button,697,OK,3,onClick,p-1.5 hover:bg-white/10 rounded-[28px]
IAIAChatSidebar.jsx,src/components/features/IAIAChatSidebar.jsx,X,698,OK,0,size,
IAIAChatSidebar.jsx,src/components/features/IAIAChatSidebar.jsx,textarea,703,ESTILS_MESCLATS,0,name ref placeholder value onChange onKeyDown style,w-full resize-none py-3 pr-12 pl-4 scroll-smooth
IAIAChatSidebar.jsx,src/components/features/IAIAChatSidebar.jsx,button,721,OK,3,onClick title,send-btn bg-transparent hover:bg-white/5 text-gray-400 hover:text-[var(--theme-accent-primary)] transition-colors !pr-[6px]
IAIAChatSidebar.jsx,src/components/features/IAIAChatSidebar.jsx,Mic,726,OK,0,size,
IAIAChatSidebar.jsx,src/components/features/IAIAChatSidebar.jsx,button,729,OK,3,disabled onClick,send-btn
IAIAChatSidebar.jsx,src/components/features/IAIAChatSidebar.jsx,Send,734,OK,0,size,
IAIAChatSidebar.jsx,src/components/features/IAIAChatSidebar.jsx,div,741,OK,5,,footer-status mt-3 flex items-center justify-center gap-2 opacity-30
IAIAChatSidebar.jsx,src/components/features/IAIAChatSidebar.jsx,Shield,742,OK,0,size,
IAIAChatSidebar.jsx,src/components/features/IAIAChatSidebar.jsx,span,743,OK,1,,text-[8px] uppercase font-black
IAIACorrectorOverlay.jsx,src/components/features/IAIACorrectorOverlay.jsx,div,10,OK,7,,iaia-corrector-overlay animate-in fade-in slide-in-from-bottom-5
IAIACorrectorOverlay.jsx,src/components/features/IAIACorrectorOverlay.jsx,div,11,OK,5,role aria-label,corrector-header
IAIACorrectorOverlay.jsx,src/components/features/IAIACorrectorOverlay.jsx,div,12,OK,5,,flex items-center gap-2
IAIACorrectorOverlay.jsx,src/components/features/IAIACorrectorOverlay.jsx,Sparkles,13,OK,0,size,text-orange-500 animate-pulse
IAIACorrectorOverlay.jsx,src/components/features/IAIACorrectorOverlay.jsx,h4,14,OK,1,,
IAIACorrectorOverlay.jsx,src/components/features/IAIACorrectorOverlay.jsx,button,16,OK,3,onClick,p-1 hover:bg-white/10 rounded-[28px] transition-colors
IAIACorrectorOverlay.jsx,src/components/features/IAIACorrectorOverlay.jsx,X,20,OK,0,size,
IAIACorrectorOverlay.jsx,src/components/features/IAIACorrectorOverlay.jsx,div,24,OK,5,,corrections-container custom-scrollbar
IAIACorrectorOverlay.jsx,src/components/features/IAIACorrectorOverlay.jsx,div,25,OK,5,,corrector-badge-info mb-4
IAIACorrectorOverlay.jsx,src/components/features/IAIACorrectorOverlay.jsx,span,26,OK,1,,text-[9px] font-black uppercase tracking-[0.2em] text-orange-500/50 block mb-1
IAIACorrectorOverlay.jsx,src/components/features/IAIACorrectorOverlay.jsx,p,27,OK,1,,text-[10px] text-gray-400 font-bold
IAIACorrectorOverlay.jsx,src/components/features/IAIACorrectorOverlay.jsx,div,30,OK,3,,corrections-grid
IAIACorrectorOverlay.jsx,src/components/features/IAIACorrectorOverlay.jsx,div,32,OK,3,key,correction-card group
IAIACorrectorOverlay.jsx,src/components/features/IAIACorrectorOverlay.jsx,div,33,OK,5,,flex items-start justify-between gap-4 mb-2
IAIACorrectorOverlay.jsx,src/components/features/IAIACorrectorOverlay.jsx,div,34,OK,5,,space-y-1 flex-1
IAIACorrectorOverlay.jsx,src/components/features/IAIACorrectorOverlay.jsx,div,35,OK,7,,flex items-center gap-2 text-[10px]
IAIACorrectorOverlay.jsx,src/components/features/IAIACorrectorOverlay.jsx,span,36,OK,1,,text-red-400 line-through opacity-50 font-medium
IAIACorrectorOverlay.jsx,src/components/features/IAIACorrectorOverlay.jsx,ArrowRight,37,OK,0,size,text-gray-600
IAIACorrectorOverlay.jsx,src/components/features/IAIACorrectorOverlay.jsx,span,38,OK,1,,text-emerald-400 font-bold
IAIACorrectorOverlay.jsx,src/components/features/IAIACorrectorOverlay.jsx,p,40,OK,3,,text-[11px] text-gray-400 leading-relaxed italic
IAIACorrectorOverlay.jsx,src/components/features/IAIACorrectorOverlay.jsx,button,44,OK,3,onClick title,shrink-0 p-2 bg-emerald-500/10 hover:bg-emerald-500/20 text-emerald-500 rounded-[20px] transition-all
IAIACorrectorOverlay.jsx,src/components/features/IAIACorrectorOverlay.jsx,Check,49,OK,0,size,
IAIACorrectorOverlay.jsx,src/components/features/IAIACorrectorOverlay.jsx,div,57,OK,1,,corrector-footer text-[9px] font-bold text-gray-600 uppercase tracking-widest text-center py-2 border-t border-white/5 mt-4
MagicPregoner.jsx,src/components/features/MagicPregoner.jsx,div,60,OK,3,,fixed inset-0 z-modal flex items-center justify-center p-4 bg-black/80 backdrop-blur-md animate-in fade-in duration-300
MagicPregoner.jsx,src/components/features/MagicPregoner.jsx,div,61,OK,5,,bg-[#1a1a1c] border border-orange-500/30 rounded-[32px] w-full max-w-xl overflow-hidden shadow-[0_0_50px_rgba(249;115;22;0.15)] relative text-white
MagicPregoner.jsx,src/components/features/MagicPregoner.jsx,div,62,OK,5,,bg-gradient-to-r from-[#F97316] to-[#EA580C] p-6 flex justify-between items-center relative overflow-hidden
MagicPregoner.jsx,src/components/features/MagicPregoner.jsx,div,63,OK,3,,flex items-center gap-3 text-white font-black text-2xl tracking-tight z-10
MagicPregoner.jsx,src/components/features/MagicPregoner.jsx,div,64,OK,3,,bg-white/20 p-2 rounded-[28px] backdrop-blur-sm
MagicPregoner.jsx,src/components/features/MagicPregoner.jsx,Sparkles,65,OK,0,,text-white w-6 h-6 animate-pulse
MagicPregoner.jsx,src/components/features/MagicPregoner.jsx,button,69,OK,1,onClick,text-white/80 hover:text-white transition-colors bg-black/10 hover:bg-black/20 p-2 rounded-[28px] z-10
MagicPregoner.jsx,src/components/features/MagicPregoner.jsx,X,69,OK,0,size,
MagicPregoner.jsx,src/components/features/MagicPregoner.jsx,div,71,OK,11,,p-8 space-y-6
MagicPregoner.jsx,src/components/features/MagicPregoner.jsx,div,72,OK,5,,grid grid-cols-2 gap-3 p-1 bg-black/40 rounded-[24px] border border-white/5
MagicPregoner.jsx,src/components/features/MagicPregoner.jsx,button,73,OK,3,onClick,[Dinàmic]
MagicPregoner.jsx,src/components/features/MagicPregoner.jsx,MessageSquare,77,OK,0,size,
MagicPregoner.jsx,src/components/features/MagicPregoner.jsx,button,79,OK,3,onClick,[Dinàmic]
MagicPregoner.jsx,src/components/features/MagicPregoner.jsx,Scroll,83,OK,0,size,
MagicPregoner.jsx,src/components/features/MagicPregoner.jsx,div,86,OK,5,,space-y-2
MagicPregoner.jsx,src/components/features/MagicPregoner.jsx,label,87,OK,1,,text-[10px] font-black text-[#F97316] uppercase tracking-widest ml-1
MagicPregoner.jsx,src/components/features/MagicPregoner.jsx,textarea,88,OK,0,value onChange placeholder,w-full h-32 bg-[#050505] border border-white/10 rounded-[24px] p-5 text-lg text-white placeholder:text-gray-700 focus:outline-none focus:border-[#F97316] resize-none transition-all
MagicPregoner.jsx,src/components/features/MagicPregoner.jsx,button,97,OK,5,onClick disabled,[Dinàmic]
MagicPregoner.jsx,src/components/features/MagicPregoner.jsx,RefreshCw,102,OK,0,,animate-spin
MagicPregoner.jsx,src/components/features/MagicPregoner.jsx,Wand2,102,FANTASMA_BUIT,0,,
MagicPregoner.jsx,src/components/features/MagicPregoner.jsx,div,108,OK,5,,animate-in slide-in-from-bottom-4 duration-500 space-y-4
MagicPregoner.jsx,src/components/features/MagicPregoner.jsx,div,109,OK,3,,bg-[#050505] border border-green-500/30 rounded-[24px] p-6 text-gray-100 text-xl leading-relaxed shadow-inner
MagicPregoner.jsx,src/components/features/MagicPregoner.jsx,p,110,OK,1,,
MagicPregoner.jsx,src/components/features/MagicPregoner.jsx,div,112,OK,5,,flex gap-4
MagicPregoner.jsx,src/components/features/MagicPregoner.jsx,button,113,OK,1,onClick,flex-1 py-4 bg-white/5 hover:bg-white/10 rounded-[20px] text-white font-black text-sm transition-all
MagicPregoner.jsx,src/components/features/MagicPregoner.jsx,button,114,CSS_EXCESSIU,3,onClick,flex-[2] py-4 bg-[#F97316] hover:bg-[#EA580C] rounded-[20px] text-white font-black text-sm shadow-lg flex items-center justify-center gap-2 transition-all transform active:scale-95
MagicPregoner.jsx,src/components/features/MagicPregoner.jsx,Copy,118,OK,0,size,
MagicPregoner.jsx,src/components/features/MagicPregoner.jsx,div,123,OK,1,,text-red-400 text-sm text-center bg-red-900/20 p-4 rounded-[20px] border border-red-500/30
Marketplace.jsx,src/components/features/Marketplace.jsx,UniversalCard,33,OK,0,item avatarName avatarSrc title excerpt image mode viewMode variant,
Marketplace.jsx,src/components/features/Marketplace.jsx,div,278,OK,3,,market-container
Marketplace.jsx,src/components/features/Marketplace.jsx,div,279,OK,3,,market-grid max-w-3xl mx-auto
Marketplace.jsx,src/components/features/Marketplace.jsx,MarketSkeleton,280,OK,0,key,
Marketplace.jsx,src/components/features/Marketplace.jsx,RootPageContainer,289,OK,11,ref,bg-theme-base w-full
Marketplace.jsx,src/components/features/Marketplace.jsx,SEO,290,OK,0,title description image url type structuredData,
Marketplace.jsx,src/components/features/Marketplace.jsx,h1,322,OK,1,,sr-only
Marketplace.jsx,src/components/features/Marketplace.jsx,div,325,OK,3,,flex-none w-full z-dropdown shadow-md bg-theme-base
Marketplace.jsx,src/components/features/Marketplace.jsx,ContextualHeader,326,OK,0,searchTerm onSearchChange viewMode onViewModeChange placeholder,
Marketplace.jsx,src/components/features/Marketplace.jsx,div,337,OK,5,ref,flex-1 pb-24 w-full relative
Marketplace.jsx,src/components/features/Marketplace.jsx,StatusLoader,345,OK,0,type message onRetry,
Marketplace.jsx,src/components/features/Marketplace.jsx,UniversalGridWrapper,351,OK,3,viewMode,
Marketplace.jsx,src/components/features/Marketplace.jsx,div,352,ESTILS_MESCLATS,3,style,market-list mx-auto w-full relative
Marketplace.jsx,src/components/features/Marketplace.jsx,div,363,OK,3,key data-index ref style,
Marketplace.jsx,src/components/features/Marketplace.jsx,UniversalGridRow,376,OK,3,viewMode columnCount,market-grid
Marketplace.jsx,src/components/features/Marketplace.jsx,MarketCard,383,OK,0,key item viewMode handleHeaderClick handleRecipeClick,
Marketplace.jsx,src/components/features/Marketplace.jsx,div,402,OK,3,,load-more-container
Marketplace.jsx,src/components/features/Marketplace.jsx,button,403,OK,3,onClick disabled,btn-load-more
Marketplace.jsx,src/components/features/Marketplace.jsx,Loader2,408,OK,0,size,spinner
MasterEditor.jsx,src/components/features/MasterEditor.jsx,div,386,OK,13,,master-editor-container min-h-0
MasterEditor.jsx,src/components/features/MasterEditor.jsx,div,387,OK,37,onMouseDown,master-editor-toolbar
MasterEditor.jsx,src/components/features/MasterEditor.jsx,button,397,OK,3,type onClick title,editor-tool primary
MasterEditor.jsx,src/components/features/MasterEditor.jsx,Sparkles,403,OK,0,size,
MasterEditor.jsx,src/components/features/MasterEditor.jsx,div,406,OK,5,,flex items-center gap-1.5 px-2 md:px-4 h-full border-l border-gray-200 dark:border-[#333] relative shrink-0
MasterEditor.jsx,src/components/features/MasterEditor.jsx,button,407,OK,3,title onClick,[Dinàmic]
MasterEditor.jsx,src/components/features/MasterEditor.jsx,Download,412,OK,0,size,
MasterEditor.jsx,src/components/features/MasterEditor.jsx,div,416,CSS_EXCESSIU,7,,absolute left-0 top-full mt-2 bg-white/90 border-gray-200 dark:bg-[#1e1e1e]/90 dark:border-[#333] backdrop-blur-xl border rounded-2xl shadow-xl z-dropdown overflow-hidden min-w-[220px] origin-top-left animate-in fade-in zoom-in duration-200
MasterEditor.jsx,src/components/features/MasterEditor.jsx,div,417,OK,3,,px-4 py-2 border-b border-gray-100 bg-gray-50/50 dark:border-[#333] dark:bg-[#252525]
MasterEditor.jsx,src/components/features/MasterEditor.jsx,span,418,OK,1,,text-[10px] uppercase font-bold text-gray-500 tracking-widest
MasterEditor.jsx,src/components/features/MasterEditor.jsx,button,420,CSS_EXCESSIU,3,onClick,w-full px-4 py-3 text-left text-sm font-medium hover:bg-gray-100 text-gray-700 hover:text-black dark:text-gray-300 dark:hover:bg-[#333] dark:hover:text-white flex items-center gap-3 transition-colors
MasterEditor.jsx,src/components/features/MasterEditor.jsx,FileIcon,433,OK,0,size,
MasterEditor.jsx,src/components/features/MasterEditor.jsx,button,435,CSS_EXCESSIU,3,onClick,w-full px-4 py-3 text-left text-sm font-medium hover:bg-gray-100 text-gray-700 hover:text-black dark:text-gray-300 dark:hover:bg-[#333] dark:hover:text-white flex items-center gap-3 transition-colors
MasterEditor.jsx,src/components/features/MasterEditor.jsx,FileText,448,OK,0,size,
MasterEditor.jsx,src/components/features/MasterEditor.jsx,button,453,OK,3,type onClick title aria-label,editor-tool
MasterEditor.jsx,src/components/features/MasterEditor.jsx,Heading1,460,OK,0,size,
MasterEditor.jsx,src/components/features/MasterEditor.jsx,button,462,OK,3,type onClick title aria-label,editor-tool
MasterEditor.jsx,src/components/features/MasterEditor.jsx,Heading2,469,OK,0,size,
MasterEditor.jsx,src/components/features/MasterEditor.jsx,button,471,OK,3,type onClick title aria-label,editor-tool
MasterEditor.jsx,src/components/features/MasterEditor.jsx,Type,478,OK,0,size,
MasterEditor.jsx,src/components/features/MasterEditor.jsx,div,480,OK,0,,toolbar-divider
MasterEditor.jsx,src/components/features/MasterEditor.jsx,button,481,OK,3,type onClick title aria-label,editor-tool
MasterEditor.jsx,src/components/features/MasterEditor.jsx,List,488,OK,0,size,
MasterEditor.jsx,src/components/features/MasterEditor.jsx,button,490,OK,3,type onClick title aria-label,editor-tool
MasterEditor.jsx,src/components/features/MasterEditor.jsx,ListOrdered,497,OK,0,size,
MasterEditor.jsx,src/components/features/MasterEditor.jsx,button,499,OK,3,type onClick title aria-label,editor-tool
MasterEditor.jsx,src/components/features/MasterEditor.jsx,CheckSquare,506,OK,0,size,
MasterEditor.jsx,src/components/features/MasterEditor.jsx,div,508,OK,0,,toolbar-divider
MasterEditor.jsx,src/components/features/MasterEditor.jsx,button,509,OK,3,type onClick title aria-label,editor-tool
MasterEditor.jsx,src/components/features/MasterEditor.jsx,ImageIcon,516,OK,0,size,
MasterEditor.jsx,src/components/features/MasterEditor.jsx,button,518,OK,3,type onClick title aria-label,editor-tool
MasterEditor.jsx,src/components/features/MasterEditor.jsx,Video,525,OK,0,size,
MasterEditor.jsx,src/components/features/MasterEditor.jsx,button,527,OK,3,type onClick title aria-label,editor-tool
MasterEditor.jsx,src/components/features/MasterEditor.jsx,FileCode,534,OK,0,size,
MasterEditor.jsx,src/components/features/MasterEditor.jsx,button,536,OK,3,type onClick title aria-label,editor-tool
MasterEditor.jsx,src/components/features/MasterEditor.jsx,BarChart3,543,OK,0,size,
MasterEditor.jsx,src/components/features/MasterEditor.jsx,div,545,OK,0,,toolbar-divider
MasterEditor.jsx,src/components/features/MasterEditor.jsx,button,546,OK,3,type onClick title aria-label,editor-tool share-btn
MasterEditor.jsx,src/components/features/MasterEditor.jsx,Copy,557,OK,0,size,
MasterEditor.jsx,src/components/features/MasterEditor.jsx,button,559,OK,3,type onClick disabled title aria-label,[Dinàmic]
MasterEditor.jsx,src/components/features/MasterEditor.jsx,Loader2,567,OK,0,size,spinner
MasterEditor.jsx,src/components/features/MasterEditor.jsx,Languages,567,OK,0,size,
MasterEditor.jsx,src/components/features/MasterEditor.jsx,button,569,OK,3,type onClick disabled title aria-label,[Dinàmic]
MasterEditor.jsx,src/components/features/MasterEditor.jsx,Loader2,577,OK,0,size,spinner
MasterEditor.jsx,src/components/features/MasterEditor.jsx,Sparkles,577,OK,0,size,
MasterEditor.jsx,src/components/features/MasterEditor.jsx,div,581,OK,0,ref contentEditable role aria-multiline aria-label spellCheck onScroll onInput onBlur onMouseUp onKeyUp onPaste onDragStart onDragOver onDragLeave onDrop onDragEnd onClick placeholder,master-editor-content flex-1 min-h-0 font-sans outline-none overflow-y-auto custom-scrollbar
MasterEditor.jsx,src/components/features/MasterEditor.jsx,button,610,CSS_EXCESSIU,3,onClick title aria-label,absolute bottom-6 left-6 p-3 bg-white dark:bg-[#333] text-black dark:text-white rounded-full shadow-lg border border-gray-200 dark:border-[#444] hover:bg-gray-50 dark:hover:bg-[#444] transition-all z-50 animate-in fade-in slide-in-from-bottom-4
MasterEditor.jsx,src/components/features/MasterEditor.jsx,ArrowUp,616,OK,0,size,
MasterEditor.jsx,src/components/features/MasterEditor.jsx,FloatingIndex,621,OK,0,scrollRef contentSelector,
MasterEditor.jsx,src/components/features/MasterEditor.jsx,IAIACorrectorOverlay,623,OK,0,corrections onApply onClose,
NotebookList.jsx,src/components/features/NotebookList.jsx,div,55,OK,5,style,[Dinàmic]
NotebookList.jsx,src/components/features/NotebookList.jsx,div,60,OK,5,,[Dinàmic]
NotebookList.jsx,src/components/features/NotebookList.jsx,div,61,OK,5,,flex justify-between items-center w-full
NotebookList.jsx,src/components/features/NotebookList.jsx,button,63,OK,3,onClick,text-orange-500 flex items-center gap-1 font-medium
NotebookList.jsx,src/components/features/NotebookList.jsx,ChevronLeft,64,OK,0,size,
NotebookList.jsx,src/components/features/NotebookList.jsx,button,67,OK,3,onClick title aria-label,p-1.5 rounded text-gray-500 hover:bg-gray-100 dark:hover:bg-[#333] transition-colors
NotebookList.jsx,src/components/features/NotebookList.jsx,PanelLeft,68,OK,0,size,[Dinàmic]
NotebookList.jsx,src/components/features/NotebookList.jsx,button,71,OK,3,onClick title aria-label,p-1 rounded text-orange-500 hover:bg-orange-50 dark:hover:bg-[#333] transition-colors
NotebookList.jsx,src/components/features/NotebookList.jsx,Plus,77,OK,0,size strokeWidth,
NotebookList.jsx,src/components/features/NotebookList.jsx,div,81,OK,5,,relative
NotebookList.jsx,src/components/features/NotebookList.jsx,Search,82,OK,0,size,absolute left-3 top-1/2 -translate-y-1/2 text-gray-500 dark:text-gray-400
NotebookList.jsx,src/components/features/NotebookList.jsx,input,83,OK,0,type placeholder aria-label value onChange,[Dinàmic]
NotebookList.jsx,src/components/features/NotebookList.jsx,div,94,OK,5,,flex-1 overflow-y-auto custom-scrollbar
NotebookList.jsx,src/components/features/NotebookList.jsx,div,109,OK,5,key draggable onDragStart onDragOver onDragLeave onDrop onClick role tabIndex onKeyDown aria-selected,[Dinàmic]
NotebookList.jsx,src/components/features/NotebookList.jsx,h4,128,OK,3,,[Dinàmic]
NotebookList.jsx,src/components/features/NotebookList.jsx,div,132,OK,5,,flex items-center gap-2
NotebookList.jsx,src/components/features/NotebookList.jsx,span,133,OK,1,,text-sm font-semibold shrink-0 text-gray-700 dark:text-gray-300
NotebookList.jsx,src/components/features/NotebookList.jsx,p,134,OK,3,,text-sm truncate text-gray-600 dark:text-gray-400
NotebookList.jsx,src/components/features/NotebookList.jsx,div,142,OK,5,,flex flex-col items-center justify-center h-40 opacity-40 p-8 text-center text-gray-500
NotebookList.jsx,src/components/features/NotebookList.jsx,FileText,143,OK,0,size,mb-3
NotebookList.jsx,src/components/features/NotebookList.jsx,p,144,OK,1,,text-base font-medium
SocialManager.jsx,src/components/features/SocialManager.jsx,Layers,18,OK,0,size,
SocialManager.jsx,src/components/features/SocialManager.jsx,Layers,19,OK,0,size,
SocialManager.jsx,src/components/features/SocialManager.jsx,Layers,20,OK,0,size,
SocialManager.jsx,src/components/features/SocialManager.jsx,Layers,21,OK,0,size,
SocialManager.jsx,src/components/features/SocialManager.jsx,Layers,22,OK,0,size,
SocialManager.jsx,src/components/features/SocialManager.jsx,div,30,A11Y_CLICK_SENSE_ROLE,3,onClick,social-manager-overlay
SocialManager.jsx,src/components/features/SocialManager.jsx,div,31,A11Y_CLICK_SENSE_ROLE,7,onClick,social-manager-content
SocialManager.jsx,src/components/features/SocialManager.jsx,div,32,OK,5,role aria-label,sm-header
SocialManager.jsx,src/components/features/SocialManager.jsx,div,33,OK,5,,sm-title-row
SocialManager.jsx,src/components/features/SocialManager.jsx,Settings2,34,OK,0,,sm-title-icon
SocialManager.jsx,src/components/features/SocialManager.jsx,h2,35,OK,1,,
SocialManager.jsx,src/components/features/SocialManager.jsx,button,37,OK,3,onClick,sm-close
SocialManager.jsx,src/components/features/SocialManager.jsx,X,38,OK,0,size,
SocialManager.jsx,src/components/features/SocialManager.jsx,div,42,OK,7,,sm-scroll-body
SocialManager.jsx,src/components/features/SocialManager.jsx,section,44,OK,5,,sm-section connection-tagging
SocialManager.jsx,src/components/features/SocialManager.jsx,div,45,OK,5,,sm-section-header
SocialManager.jsx,src/components/features/SocialManager.jsx,Sparkles,46,OK,0,size,sm-section-icon highlight
SocialManager.jsx,src/components/features/SocialManager.jsx,div,47,OK,5,,sm-section-text
SocialManager.jsx,src/components/features/SocialManager.jsx,h3,48,OK,2,,
SocialManager.jsx,src/components/features/SocialManager.jsx,p,49,OK,1,,
SocialManager.jsx,src/components/features/SocialManager.jsx,div,52,OK,3,,sm-tags-cloud
SocialManager.jsx,src/components/features/SocialManager.jsx,button,56,OK,3,key onClick disabled,[Dinàmic]
SocialManager.jsx,src/components/features/SocialManager.jsx,Loader2,74,OK,0,size,spinner
SocialManager.jsx,src/components/features/SocialManager.jsx,section,81,OK,5,,sm-section
SocialManager.jsx,src/components/features/SocialManager.jsx,div,82,OK,5,,sm-section-header
SocialManager.jsx,src/components/features/SocialManager.jsx,Layers,83,OK,0,size,sm-section-icon
SocialManager.jsx,src/components/features/SocialManager.jsx,div,84,OK,5,,sm-section-text
SocialManager.jsx,src/components/features/SocialManager.jsx,h3,85,OK,1,,
SocialManager.jsx,src/components/features/SocialManager.jsx,p,86,OK,1,,
SocialManager.jsx,src/components/features/SocialManager.jsx,div,89,OK,3,,sm-categories-grid
SocialManager.jsx,src/components/features/SocialManager.jsx,button,93,OK,7,key onClick,[Dinàmic]
SocialManager.jsx,src/components/features/SocialManager.jsx,div,98,OK,3,,sm-cat-icon-wrapper
SocialManager.jsx,src/components/features/SocialManager.jsx,Eye,99,OK,0,size,
SocialManager.jsx,src/components/features/SocialManager.jsx,EyeOff,99,OK,0,size,
SocialManager.jsx,src/components/features/SocialManager.jsx,span,101,OK,1,,sm-cat-label
SocialManager.jsx,src/components/features/SocialManager.jsx,Check,102,OK,0,size,sm-check
SocialManager.jsx,src/components/features/SocialManager.jsx,section,109,OK,5,,sm-section
SocialManager.jsx,src/components/features/SocialManager.jsx,div,110,OK,5,,sm-section-header
SocialManager.jsx,src/components/features/SocialManager.jsx,Hash,111,OK,0,size,sm-section-icon
SocialManager.jsx,src/components/features/SocialManager.jsx,div,112,OK,5,,sm-section-text
SocialManager.jsx,src/components/features/SocialManager.jsx,h3,113,OK,1,,
SocialManager.jsx,src/components/features/SocialManager.jsx,p,114,OK,1,,
SocialManager.jsx,src/components/features/SocialManager.jsx,div,117,OK,3,,sm-tags-cloud
SocialManager.jsx,src/components/features/SocialManager.jsx,button,121,OK,5,key onClick,[Dinàmic]
SocialManager.jsx,src/components/features/SocialManager.jsx,Sparkles,131,OK,0,size,sm-spark
SocialManager.jsx,src/components/features/SocialManager.jsx,footer,140,OK,5,,sm-footer
SocialManager.jsx,src/components/features/SocialManager.jsx,button,141,OK,5,onClick,sm-reset-btn
SocialManager.jsx,src/components/features/SocialManager.jsx,RotateCcw,149,OK,0,size,
SocialManager.jsx,src/components/features/SocialManager.jsx,button,152,OK,3,onClick,sm-done-btn
InfografiaGallery.jsx,src/components/features/infoteca/InfografiaGallery.jsx,div,89,OK,9,,infoteca-container animate-in
InfografiaGallery.jsx,src/components/features/infoteca/InfografiaGallery.jsx,div,90,OK,5,role aria-label,infoteca-header
InfografiaGallery.jsx,src/components/features/infoteca/InfografiaGallery.jsx,div,91,OK,5,,flex items-center gap-6
InfografiaGallery.jsx,src/components/features/infoteca/InfografiaGallery.jsx,button,92,OK,3,onClick title,p-3 bg-white/5 hover:bg-white/10 rounded-full text-white transition-colors border border-white/10 shrink-0
InfografiaGallery.jsx,src/components/features/infoteca/InfografiaGallery.jsx,ArrowLeft,97,OK,0,size,
InfografiaGallery.jsx,src/components/features/infoteca/InfografiaGallery.jsx,div,99,OK,5,,
InfografiaGallery.jsx,src/components/features/infoteca/InfografiaGallery.jsx,h1,100,OK,1,,
InfografiaGallery.jsx,src/components/features/infoteca/InfografiaGallery.jsx,p,101,OK,1,,
InfografiaGallery.jsx,src/components/features/infoteca/InfografiaGallery.jsx,div,104,OK,3,,infoteca-filters
InfografiaGallery.jsx,src/components/features/infoteca/InfografiaGallery.jsx,button,106,OK,3,key onClick,[Dinàmic]
InfografiaGallery.jsx,src/components/features/infoteca/InfografiaGallery.jsx,div,117,OK,3,,infoteca-grid
InfografiaGallery.jsx,src/components/features/infoteca/InfografiaGallery.jsx,div,119,OK,5,key,infografia-card glass-panel
InfografiaGallery.jsx,src/components/features/infoteca/InfografiaGallery.jsx,div,120,OK,5,,infografia-media group
InfografiaGallery.jsx,src/components/features/infoteca/InfografiaGallery.jsx,img,121,OK,0,src alt loading,
InfografiaGallery.jsx,src/components/features/infoteca/InfografiaGallery.jsx,div,122,OK,7,,infografia-overlay opacity-0 group-hover:opacity-100 transition-opacity duration-300
InfografiaGallery.jsx,src/components/features/infoteca/InfografiaGallery.jsx,button,123,OK,1,onClick,btn-icon
InfografiaGallery.jsx,src/components/features/infoteca/InfografiaGallery.jsx,Eye,123,OK,0,size,
InfografiaGallery.jsx,src/components/features/infoteca/InfografiaGallery.jsx,button,124,OK,1,onClick,btn-icon
InfografiaGallery.jsx,src/components/features/infoteca/InfografiaGallery.jsx,Share2,124,OK,0,size,
InfografiaGallery.jsx,src/components/features/infoteca/InfografiaGallery.jsx,button,125,OK,1,onClick,btn-icon
InfografiaGallery.jsx,src/components/features/infoteca/InfografiaGallery.jsx,Download,125,OK,0,size,
InfografiaGallery.jsx,src/components/features/infoteca/InfografiaGallery.jsx,div,128,OK,5,,infografia-info
InfografiaGallery.jsx,src/components/features/infoteca/InfografiaGallery.jsx,h3,129,OK,1,,
InfografiaGallery.jsx,src/components/features/infoteca/InfografiaGallery.jsx,div,130,OK,5,,infografia-meta
InfografiaGallery.jsx,src/components/features/infoteca/InfografiaGallery.jsx,span,131,OK,3,,
InfografiaGallery.jsx,src/components/features/infoteca/InfografiaGallery.jsx,Tag,131,OK,0,size,
InfografiaGallery.jsx,src/components/features/infoteca/InfografiaGallery.jsx,span,132,WRAPPER_INUTIL,1,,
InfografiaGallery.jsx,src/components/features/infoteca/InfografiaGallery.jsx,div,141,A11Y_CLICK_SENSE_ROLE,5,onClick,fixed inset-0 z-modal bg-black/95 backdrop-blur-xl flex items-center justify-center p-4 md:p-10 animate-in fade-in duration-300
InfografiaGallery.jsx,src/components/features/infoteca/InfografiaGallery.jsx,button,145,OK,3,onClick,absolute top-6 right-6 p-4 text-white hover:bg-white/10 rounded-[28px] transition-colors z-50
InfografiaGallery.jsx,src/components/features/infoteca/InfografiaGallery.jsx,X,149,OK,0,size,
InfografiaGallery.jsx,src/components/features/infoteca/InfografiaGallery.jsx,div,151,A11Y_CLICK_SENSE_ROLE,5,onClick,relative max-w-6xl w-full h-full flex flex-col items-center justify-center gap-6
InfografiaGallery.jsx,src/components/features/infoteca/InfografiaGallery.jsx,img,155,OK,0,src alt,max-w-full max-h-[80vh] object-contain shadow-2xl rounded-[20px]
InfografiaGallery.jsx,src/components/features/infoteca/InfografiaGallery.jsx,div,160,OK,7,,text-center space-y-2
InfografiaGallery.jsx,src/components/features/infoteca/InfografiaGallery.jsx,h2,161,OK,1,,text-2xl font-black tracking-tight
InfografiaGallery.jsx,src/components/features/infoteca/InfografiaGallery.jsx,p,162,OK,1,,text-gray-400 max-w-2xl
InfografiaGallery.jsx,src/components/features/infoteca/InfografiaGallery.jsx,div,163,OK,5,,flex gap-4 justify-center pt-4
InfografiaGallery.jsx,src/components/features/infoteca/InfografiaGallery.jsx,button,164,OK,3,onClick,flex items-center gap-2 px-6 py-2 bg-primary rounded-[28px] font-bold hover:bg-primary/80 transition-all
InfografiaGallery.jsx,src/components/features/infoteca/InfografiaGallery.jsx,Download,165,OK,0,size,
InfografiaGallery.jsx,src/components/features/infoteca/InfografiaGallery.jsx,button,167,OK,3,onClick,flex items-center gap-2 px-6 py-2 bg-white/10 rounded-[28px] font-bold hover:bg-white/20 transition-all
InfografiaGallery.jsx,src/components/features/infoteca/InfografiaGallery.jsx,Share2,168,OK,0,size,
VirtualCardList.jsx,src/components/feed/VirtualCardList.jsx,div,12,OK,5,style,
VirtualCardList.jsx,src/components/feed/VirtualCardList.jsx,h3,13,OK,1,,
VirtualCardList.jsx,src/components/feed/VirtualCardList.jsx,p,14,OK,1,,
VirtualCardList.jsx,src/components/feed/VirtualCardList.jsx,div,39,OK,3,style,
VirtualCardList.jsx,src/components/feed/VirtualCardList.jsx,UniversalCard,40,OK,0,item,
VirtualCardList.jsx,src/components/feed/VirtualCardList.jsx,div,59,OK,3,ref role aria-label aria-busy style,
VirtualCardList.jsx,src/components/feed/VirtualCardList.jsx,p,74,OK,1,style,
VirtualCardList.jsx,src/components/feed/VirtualCardList.jsx,CardWrapper,84,OK,0,key item index,
AuthGate.jsx,src/components/gates/AuthGate.jsx,div,14,ESTILS_MESCLATS,13,style,min-h-screen flex items-center justify-center flex-col relative overflow-hidden
AuthGate.jsx,src/components/gates/AuthGate.jsx,div,16,OK,0,,absolute inset-0 bg-gradient-to-br from-[#00f2ff]/5 to-transparent pointer-events-none
AuthGate.jsx,src/components/gates/AuthGate.jsx,div,17,OK,0,,absolute top-1/2 left-1/2 -translate-x-1/2 -translate-y-1/2 w-64 h-64 bg-[#00f2ff] opacity-[0.03] blur-[60px] rounded-full pointer-events-none
AuthGate.jsx,src/components/gates/AuthGate.jsx,BrandLogo,19,ESTILS_MESCLATS,0,style,h-10 w-auto mb-8 opacity-90 animate-pulse text-white
AuthGate.jsx,src/components/gates/AuthGate.jsx,style,21,PERILL_XSS,0,dangerouslySetInnerHTML,
AuthGate.jsx,src/components/gates/AuthGate.jsx,p,31,OK,1,,font-['Inter_Tight';sans-serif] text-[13px] font-black uppercase tracking-[0.2em] animate-bategant select-none
LocalFirstGate.jsx,src/components/gates/LocalFirstGate.jsx,div,215,OK,9,,bg-[#111827] text-white min-h-screen flex items-center justify-center flex-col p-6 text-center
LocalFirstGate.jsx,src/components/gates/LocalFirstGate.jsx,h2,216,OK,1,,text-[#F97316] font-black text-2xl mb-4
LocalFirstGate.jsx,src/components/gates/LocalFirstGate.jsx,p,217,OK,1,,mb-2 text-gray-300
LocalFirstGate.jsx,src/components/gates/LocalFirstGate.jsx,code,218,OK,1,,text-sm bg-black p-3 rounded-[20px] mb-6 text-red-400
LocalFirstGate.jsx,src/components/gates/LocalFirstGate.jsx,button,219,OK,1,onClick,bg-[#F97316] text-white font-bold py-3 px-6 rounded-[28px]
LocalFirstGate.jsx,src/components/gates/LocalFirstGate.jsx,div,241,ESTILS_MESCLATS,9,style,min-h-screen flex items-center justify-center flex-col relative overflow-hidden
LocalFirstGate.jsx,src/components/gates/LocalFirstGate.jsx,div,242,OK,0,,absolute inset-0 bg-gradient-to-br from-[#00f2ff]/5 to-transparent pointer-events-none
LocalFirstGate.jsx,src/components/gates/LocalFirstGate.jsx,BrandLogo,243,ESTILS_MESCLATS,0,style,h-20 w-auto mb-8 opacity-80 animate-pulse text-white
LocalFirstGate.jsx,src/components/gates/LocalFirstGate.jsx,div,244,OK,3,,flex justify-center gap-2 mb-6
LocalFirstGate.jsx,src/components/gates/LocalFirstGate.jsx,div,246,ESTILS_MESCLATS,0,key style,w-1.5 h-1.5 rounded-full bg-[#00f2ff] animate-pulse opacity-80
LocalFirstGate.jsx,src/components/gates/LocalFirstGate.jsx,p,249,OK,1,,text-[#00f2ff] text-[12px] font-black uppercase tracking-[0.2em] opacity-70
LocalFirstGate.jsx,src/components/gates/LocalFirstGate.jsx,WaitingForBackend,257,OK,3,,
LocalFirstGate.jsx,src/components/gates/LocalFirstGate.jsx,SyncIndicator,260,FANTASMA_BUIT,0,,
OfflineGate.jsx,src/components/gates/OfflineGate.jsx,div,65,CSS_EXCESSIU,1,,fixed bottom-6 left-1/2 transform -translate-x-1/2 w-max max-w-[90%] bg-red-600 text-white font-bold text-center text-[15px] py-3 px-6 rounded-[28px] shadow-lg z-dropdown animate-[bounce_2s_infinite]
IAIAIcon.jsx,src/components/icons/IAIAIcon.jsx,svg,7,OK,3,width height viewBox version xmlns style ...spread,[Dinàmic]
IAIAIcon.jsx,src/components/icons/IAIAIcon.jsx,g,17,OK,7,transform,
IAIAIcon.jsx,src/components/icons/IAIAIcon.jsx,rect,18,OK,0,x y width height style,
IAIAIcon.jsx,src/components/icons/IAIAIcon.jsx,clipPath,19,OK,3,,
IAIAIcon.jsx,src/components/icons/IAIAIcon.jsx,rect,20,OK,0,x y width height,
IAIAIcon.jsx,src/components/icons/IAIAIcon.jsx,g,22,OK,3,clipPath,
IAIAIcon.jsx,src/components/icons/IAIAIcon.jsx,g,23,OK,3,transform,
IAIAIcon.jsx,src/components/icons/IAIAIcon.jsx,path,24,OK,0,d style,
KeychainBackupUI.jsx,src/components/keychain/KeychainBackupUI.jsx,div,6,OK,1,style,
KeychainBackupUI.jsx,src/components/keychain/KeychainBackupUI.jsx,div,47,OK,7,,keychain-backup p-6 bg-[var(--sdp-bg-surface)] rounded-lg
KeychainBackupUI.jsx,src/components/keychain/KeychainBackupUI.jsx,h2,48,OK,1,,text-2xl font-black text-[var(--sdp-accent-blue)] mb-4
KeychainBackupUI.jsx,src/components/keychain/KeychainBackupUI.jsx,p,52,OK,1,,text-[var(--sdp-text-primary)] mb-6
KeychainBackupUI.jsx,src/components/keychain/KeychainBackupUI.jsx,button,58,OK,1,onClick,bg-[var(--color-brasa)] text-white font-black px-6 py-3 rounded-full hover:bg-orange-700 transition-all
KeychainBackupUI.jsx,src/components/keychain/KeychainBackupUI.jsx,div,65,OK,13,,space-y-6
KeychainBackupUI.jsx,src/components/keychain/KeychainBackupUI.jsx,div,67,OK,5,,text-center
KeychainBackupUI.jsx,src/components/keychain/KeychainBackupUI.jsx,h3,68,OK,1,,font-bold mb-2
KeychainBackupUI.jsx,src/components/keychain/KeychainBackupUI.jsx,div,69,OK,3,,inline-block bg-white p-4 rounded-lg
KeychainBackupUI.jsx,src/components/keychain/KeychainBackupUI.jsx,QRCode,70,OK,0,value size,
KeychainBackupUI.jsx,src/components/keychain/KeychainBackupUI.jsx,div,75,OK,5,,
KeychainBackupUI.jsx,src/components/keychain/KeychainBackupUI.jsx,h3,76,OK,1,,font-bold mb-2
KeychainBackupUI.jsx,src/components/keychain/KeychainBackupUI.jsx,div,77,OK,3,,bg-[var(--sdp-bg-primary)] p-4 rounded-lg font-mono text-lg text-center
KeychainBackupUI.jsx,src/components/keychain/KeychainBackupUI.jsx,div,83,OK,5,,text-center
KeychainBackupUI.jsx,src/components/keychain/KeychainBackupUI.jsx,h3,84,OK,1,,font-bold mb-2
KeychainBackupUI.jsx,src/components/keychain/KeychainBackupUI.jsx,button,85,OK,1,onClick,bg-[var(--sdp-accent-blue)] text-white font-bold px-4 py-2 rounded-lg hover:bg-blue-700 transition-all
AppLayout.jsx,src/components/layout/AppLayout.jsx,NanoLoader,86,OK,0,message,
AppLayout.jsx,src/components/layout/AppLayout.jsx,SuspenseFallback,88,FANTASMA_BUIT,0,,
AppLayout.jsx,src/components/layout/AppLayout.jsx,NanoLoader,94,OK,0,message,
AppLayout.jsx,src/components/layout/AppLayout.jsx,Navigate,97,OK,0,to state replace,
AppLayout.jsx,src/components/layout/AppLayout.jsx,NanoLoader,104,OK,0,message,
AppLayout.jsx,src/components/layout/AppLayout.jsx,Navigate,106,OK,0,to replace,
AppLayout.jsx,src/components/layout/AppLayout.jsx,Outlet,107,FANTASMA_BUIT,0,,
AppLayout.jsx,src/components/layout/AppLayout.jsx,div,267,ESTILS_MESCLATS,37,style onDragEnterCapture onDragLeaveCapture onDragOverCapture onDropCapture,flex flex-col h-screen support-dvh:h-[100dvh] w-full overflow-hidden font-sans bg-theme-base text-theme-text relative
AppLayout.jsx,src/components/layout/AppLayout.jsx,a,275,OK,3,href,sr-only focus:not-sr-only focus:absolute focus:top-2 focus:left-2 focus:z-[var(--z-max)] focus:bg-[var(--bg-panel)] focus:text-theme-text focus:px-4 focus:py-2 rounded-[var(--radius-base)] border border-theme-border shadow-xl font-bold
AppLayout.jsx,src/components/layout/AppLayout.jsx,div,283,OK,7,,absolute inset-0 z-[var(--z-overlay)] bg-[var(--theme-accent-primary)]/95 flex flex-col items-center justify-center text-white pointer-events-none transition-all duration-300 animate-in fade-in zoom-in-95
AppLayout.jsx,src/components/layout/AppLayout.jsx,div,284,OK,3,,w-32 h-32 rounded-full bg-white/20 flex items-center justify-center mb-6 animate-pulse
AppLayout.jsx,src/components/layout/AppLayout.jsx,UploadCloud,285,OK,0,size,text-white drop-shadow-xl
AppLayout.jsx,src/components/layout/AppLayout.jsx,h2,287,OK,3,,text-4xl font-black uppercase tracking-widest drop-shadow-md
AppLayout.jsx,src/components/layout/AppLayout.jsx,p,290,OK,3,,text-xl opacity-90 font-bold mt-2
AppLayout.jsx,src/components/layout/AppLayout.jsx,div,298,OK,3,,w-full relative z-[500] bg-[#000000]
AppLayout.jsx,src/components/layout/AppLayout.jsx,Suspense,299,OK,3,fallback,
AppLayout.jsx,src/components/layout/AppLayout.jsx,BlueprintOverlay,300,OK,3,label dimensions color,h-[64px] min-h-[64px] max-h-[64px] flex-shrink-0
AppLayout.jsx,src/components/layout/AppLayout.jsx,Header,306,FANTASMA_BUIT,0,,
AppLayout.jsx,src/components/layout/AppLayout.jsx,div,313,OK,11,,flex-1 grid md:grid-cols-[auto_1fr] overflow-hidden relative min-h-0
AppLayout.jsx,src/components/layout/AppLayout.jsx,div,316,OK,0,onClick role tabIndex aria-label onKeyDown,fixed inset-0 bg-black/80 z-[var(--z-overlay)] md:hidden transition-opacity duration-300 animate-in fade-in cursor-pointer
AppLayout.jsx,src/components/layout/AppLayout.jsx,div,327,OK,3,,[Dinàmic]
AppLayout.jsx,src/components/layout/AppLayout.jsx,BlueprintOverlay,340,OK,3,label dimensions color showBackupLink,h-full flex flex-col
AppLayout.jsx,src/components/layout/AppLayout.jsx,NavigationRail,347,FANTASMA_BUIT,0,,
AppLayout.jsx,src/components/layout/AppLayout.jsx,main,353,OK,7,tabIndex,[Dinàmic]
AppLayout.jsx,src/components/layout/AppLayout.jsx,Suspense,362,OK,3,fallback,
AppLayout.jsx,src/components/layout/AppLayout.jsx,ContextualMenu,363,FANTASMA_BUIT,0,,
AppLayout.jsx,src/components/layout/AppLayout.jsx,Suspense,365,OK,3,fallback,
AppLayout.jsx,src/components/layout/AppLayout.jsx,DegradedBanner,366,FANTASMA_BUIT,0,,
AppLayout.jsx,src/components/layout/AppLayout.jsx,BlueprintOverlay,369,OK,3,label dimensions color,flex-1 min-h-0 relative z-10 flex flex-col
AppLayout.jsx,src/components/layout/AppLayout.jsx,Suspense,375,OK,3,fallback,
AppLayout.jsx,src/components/layout/AppLayout.jsx,NanoLoader,375,OK,0,message,
AppLayout.jsx,src/components/layout/AppLayout.jsx,ErrorBoundary,376,OK,3,,
AppLayout.jsx,src/components/layout/AppLayout.jsx,div,377,OK,3,,flex-1 min-h-0 relative min-w-0 m-0 flex flex-col
AppLayout.jsx,src/components/layout/AppLayout.jsx,Routes,378,OK,125,,
AppLayout.jsx,src/components/layout/AppLayout.jsx,Route,379,OK,0,path element,
AppLayout.jsx,src/components/layout/AppLayout.jsx,Navigate,381,OK,0,to replace,
AppLayout.jsx,src/components/layout/AppLayout.jsx,Route,383,OK,0,path element,
AppLayout.jsx,src/components/layout/AppLayout.jsx,MedicationConfirm,383,FANTASMA_BUIT,0,,
AppLayout.jsx,src/components/layout/AppLayout.jsx,Route,384,OK,0,path element,
AppLayout.jsx,src/components/layout/AppLayout.jsx,VitalSecurity,384,FANTASMA_BUIT,0,,
AppLayout.jsx,src/components/layout/AppLayout.jsx,Route,385,OK,0,path element,
AppLayout.jsx,src/components/layout/AppLayout.jsx,Towns,385,FANTASMA_BUIT,0,,
AppLayout.jsx,src/components/layout/AppLayout.jsx,Route,386,OK,0,path element,
AppLayout.jsx,src/components/layout/AppLayout.jsx,ProfileView,386,FANTASMA_BUIT,0,,
AppLayout.jsx,src/components/layout/AppLayout.jsx,Route,387,OK,0,path element,
AppLayout.jsx,src/components/layout/AppLayout.jsx,MapaActius,387,FANTASMA_BUIT,0,,
AppLayout.jsx,src/components/layout/AppLayout.jsx,Route,388,OK,0,path element,
AppLayout.jsx,src/components/layout/AppLayout.jsx,CalendariMaster,388,FANTASMA_BUIT,0,,
AppLayout.jsx,src/components/layout/AppLayout.jsx,Route,389,OK,0,path element,
AppLayout.jsx,src/components/layout/AppLayout.jsx,Translations,389,FANTASMA_BUIT,0,,
AppLayout.jsx,src/components/layout/AppLayout.jsx,Route,391,OK,5,path element,
AppLayout.jsx,src/components/layout/AppLayout.jsx,ChatLayout,391,FANTASMA_BUIT,0,,
AppLayout.jsx,src/components/layout/AppLayout.jsx,Route,392,OK,0,index element,
AppLayout.jsx,src/components/layout/AppLayout.jsx,ChatEmptyState,392,FANTASMA_BUIT,0,,
AppLayout.jsx,src/components/layout/AppLayout.jsx,Route,393,OK,0,path element,
AppLayout.jsx,src/components/layout/AppLayout.jsx,ChatDetail,393,FANTASMA_BUIT,0,,
AppLayout.jsx,src/components/layout/AppLayout.jsx,Route,396,OK,0,path element,
AppLayout.jsx,src/components/layout/AppLayout.jsx,UniversalDetail,396,OK,0,type,
AppLayout.jsx,src/components/layout/AppLayout.jsx,Route,397,OK,0,path element,
AppLayout.jsx,src/components/layout/AppLayout.jsx,ConnectarPage,397,FANTASMA_BUIT,0,,
AppLayout.jsx,src/components/layout/AppLayout.jsx,Route,398,OK,0,path element,
AppLayout.jsx,src/components/layout/AppLayout.jsx,MediaManager,398,FANTASMA_BUIT,0,,
AppLayout.jsx,src/components/layout/AppLayout.jsx,Route,399,OK,0,path element,
AppLayout.jsx,src/components/layout/AppLayout.jsx,Feed,399,FANTASMA_BUIT,0,,
AppLayout.jsx,src/components/layout/AppLayout.jsx,Route,400,OK,0,path element,
AppLayout.jsx,src/components/layout/AppLayout.jsx,Marketplace,400,FANTASMA_BUIT,0,,
AppLayout.jsx,src/components/layout/AppLayout.jsx,Route,401,OK,0,path element,
AppLayout.jsx,src/components/layout/AppLayout.jsx,UniversalDetail,401,OK,0,type,
AppLayout.jsx,src/components/layout/AppLayout.jsx,Route,402,OK,0,path element,
AppLayout.jsx,src/components/layout/AppLayout.jsx,ProfileView,402,FANTASMA_BUIT,0,,
AppLayout.jsx,src/components/layout/AppLayout.jsx,Route,403,OK,0,path element,
AppLayout.jsx,src/components/layout/AppLayout.jsx,ProtectedRoute,406,OK,3,,
AppLayout.jsx,src/components/layout/AppLayout.jsx,ProfileView,407,FANTASMA_BUIT,0,,
AppLayout.jsx,src/components/layout/AppLayout.jsx,Route,411,OK,0,path element,
AppLayout.jsx,src/components/layout/AppLayout.jsx,ProfileView,411,FANTASMA_BUIT,0,,
AppLayout.jsx,src/components/layout/AppLayout.jsx,Route,412,OK,0,path element,
AppLayout.jsx,src/components/layout/AppLayout.jsx,ProfileView,412,FANTASMA_BUIT,0,,
AppLayout.jsx,src/components/layout/AppLayout.jsx,Route,413,OK,0,path element,
AppLayout.jsx,src/components/layout/AppLayout.jsx,ProfileView,413,FANTASMA_BUIT,0,,
AppLayout.jsx,src/components/layout/AppLayout.jsx,Route,414,OK,0,path element,
AppLayout.jsx,src/components/layout/AppLayout.jsx,Register,414,FANTASMA_BUIT,0,,
AppLayout.jsx,src/components/layout/AppLayout.jsx,Route,415,OK,0,path element,
AppLayout.jsx,src/components/layout/AppLayout.jsx,Register,415,FANTASMA_BUIT,0,,
AppLayout.jsx,src/components/layout/AppLayout.jsx,Route,416,OK,0,path element,
AppLayout.jsx,src/components/layout/AppLayout.jsx,Register,416,FANTASMA_BUIT,0,,
AppLayout.jsx,src/components/layout/AppLayout.jsx,Route,417,OK,0,path element,
AppLayout.jsx,src/components/layout/AppLayout.jsx,CercaPage,417,FANTASMA_BUIT,0,,
AppLayout.jsx,src/components/layout/AppLayout.jsx,Route,420,OK,0,path element,
AppLayout.jsx,src/components/layout/AppLayout.jsx,UniversalPage,420,OK,0,slug standAlone,
AppLayout.jsx,src/components/layout/AppLayout.jsx,Route,421,OK,29,element,
AppLayout.jsx,src/components/layout/AppLayout.jsx,SuperAdminRoute,421,FANTASMA_BUIT,0,,
AppLayout.jsx,src/components/layout/AppLayout.jsx,Route,422,OK,0,path element,
AppLayout.jsx,src/components/layout/AppLayout.jsx,ControlGeneral,422,FANTASMA_BUIT,0,,
AppLayout.jsx,src/components/layout/AppLayout.jsx,Route,425,OK,0,path element,
AppLayout.jsx,src/components/layout/AppLayout.jsx,Ideoteca,425,FANTASMA_BUIT,0,,
AppLayout.jsx,src/components/layout/AppLayout.jsx,Route,426,OK,0,path element,
AppLayout.jsx,src/components/layout/AppLayout.jsx,AulaRural,426,FANTASMA_BUIT,0,,
AppLayout.jsx,src/components/layout/AppLayout.jsx,Route,427,OK,0,path element,
AppLayout.jsx,src/components/layout/AppLayout.jsx,DAFOPage,427,FANTASMA_BUIT,0,,
AppLayout.jsx,src/components/layout/AppLayout.jsx,Route,428,OK,0,path element,
AppLayout.jsx,src/components/layout/AppLayout.jsx,DAFOPage,428,FANTASMA_BUIT,0,,
AppLayout.jsx,src/components/layout/AppLayout.jsx,Route,429,OK,0,path element,
AppLayout.jsx,src/components/layout/AppLayout.jsx,DesignCanon,429,FANTASMA_BUIT,0,,
AppLayout.jsx,src/components/layout/AppLayout.jsx,Route,430,OK,0,path element,
AppLayout.jsx,src/components/layout/AppLayout.jsx,DidacticPage,430,FANTASMA_BUIT,0,,
AppLayout.jsx,src/components/layout/AppLayout.jsx,Route,431,OK,0,path element,
AppLayout.jsx,src/components/layout/AppLayout.jsx,DidacticPage,431,FANTASMA_BUIT,0,,
AppLayout.jsx,src/components/layout/AppLayout.jsx,Route,432,OK,0,path element,
AppLayout.jsx,src/components/layout/AppLayout.jsx,GhostMemorial,432,FANTASMA_BUIT,0,,
AppLayout.jsx,src/components/layout/AppLayout.jsx,Route,433,OK,0,path element,
AppLayout.jsx,src/components/layout/AppLayout.jsx,AdminPanel,433,FANTASMA_BUIT,0,,
AppLayout.jsx,src/components/layout/AppLayout.jsx,Route,434,OK,0,path element,
AppLayout.jsx,src/components/layout/AppLayout.jsx,ManualPage,434,FANTASMA_BUIT,0,,
AppLayout.jsx,src/components/layout/AppLayout.jsx,Route,435,OK,0,path element,
AppLayout.jsx,src/components/layout/AppLayout.jsx,PlaygroundPortal,435,FANTASMA_BUIT,0,,
AppLayout.jsx,src/components/layout/AppLayout.jsx,Route,436,OK,0,path element,
AppLayout.jsx,src/components/layout/AppLayout.jsx,SessionChronicle,436,FANTASMA_BUIT,0,,
AppLayout.jsx,src/components/layout/AppLayout.jsx,Route,438,OK,0,path element,
AppLayout.jsx,src/components/layout/AppLayout.jsx,OficiDocumentacio,438,FANTASMA_BUIT,0,,
AppLayout.jsx,src/components/layout/AppLayout.jsx,Route,439,OK,0,path element,
AppLayout.jsx,src/components/layout/AppLayout.jsx,OficiDocumentacio,439,FANTASMA_BUIT,0,,
AppLayout.jsx,src/components/layout/AppLayout.jsx,Route,440,OK,0,path element,
AppLayout.jsx,src/components/layout/AppLayout.jsx,ConflictResolutionPage,440,FANTASMA_BUIT,0,,
AppLayout.jsx,src/components/layout/AppLayout.jsx,Route,441,OK,0,path element,
AppLayout.jsx,src/components/layout/AppLayout.jsx,BuscadorAjudes,443,FANTASMA_BUIT,0,,
AppLayout.jsx,src/components/layout/AppLayout.jsx,Route,445,OK,0,path element,
AppLayout.jsx,src/components/layout/AppLayout.jsx,NexusFlash,445,FANTASMA_BUIT,0,,
AppLayout.jsx,src/components/layout/AppLayout.jsx,Route,446,OK,0,path element,
AppLayout.jsx,src/components/layout/AppLayout.jsx,GenesisViewer,446,FANTASMA_BUIT,0,,
AppLayout.jsx,src/components/layout/AppLayout.jsx,Route,447,OK,0,path element,
AppLayout.jsx,src/components/layout/AppLayout.jsx,UniversalPage,447,OK,0,slug standAlone,
AppLayout.jsx,src/components/layout/AppLayout.jsx,Route,448,OK,0,path element,
AppLayout.jsx,src/components/layout/AppLayout.jsx,DesignSystem,448,FANTASMA_BUIT,0,,
AppLayout.jsx,src/components/layout/AppLayout.jsx,Route,449,OK,0,path element,
AppLayout.jsx,src/components/layout/AppLayout.jsx,RoadmapView,449,FANTASMA_BUIT,0,,
AppLayout.jsx,src/components/layout/AppLayout.jsx,Route,450,OK,0,path element,
AppLayout.jsx,src/components/layout/AppLayout.jsx,DirectoriComunitat,450,FANTASMA_BUIT,0,,
AppLayout.jsx,src/components/layout/AppLayout.jsx,Route,451,OK,0,path element,
AppLayout.jsx,src/components/layout/AppLayout.jsx,AgentDirectory,451,FANTASMA_BUIT,0,,
AppLayout.jsx,src/components/layout/AppLayout.jsx,Route,452,OK,0,path element,
AppLayout.jsx,src/components/layout/AppLayout.jsx,UsersDirectory,452,FANTASMA_BUIT,0,,
AppLayout.jsx,src/components/layout/AppLayout.jsx,Route,453,OK,0,path element,
AppLayout.jsx,src/components/layout/AppLayout.jsx,UniversalPage,453,OK,0,slug standAlone,
AppLayout.jsx,src/components/layout/AppLayout.jsx,Route,454,OK,0,path element,
AppLayout.jsx,src/components/layout/AppLayout.jsx,ProfileView,454,FANTASMA_BUIT,0,,
AppLayout.jsx,src/components/layout/AppLayout.jsx,Route,455,OK,0,path element,
AppLayout.jsx,src/components/layout/AppLayout.jsx,HubView,455,FANTASMA_BUIT,0,,
AppLayout.jsx,src/components/layout/AppLayout.jsx,Route,456,OK,0,path element,
AppLayout.jsx,src/components/layout/AppLayout.jsx,VisionView,456,FANTASMA_BUIT,0,,
AppLayout.jsx,src/components/layout/AppLayout.jsx,Route,457,OK,0,path element,
AppLayout.jsx,src/components/layout/AppLayout.jsx,Navigate,457,OK,0,to replace,
AppLayout.jsx,src/components/layout/AppLayout.jsx,Route,458,OK,0,path element,
AppLayout.jsx,src/components/layout/AppLayout.jsx,InfografiaGallery,458,FANTASMA_BUIT,0,,
AppLayout.jsx,src/components/layout/AppLayout.jsx,Route,459,OK,0,path element,
AppLayout.jsx,src/components/layout/AppLayout.jsx,ArxiuOr,459,FANTASMA_BUIT,0,,
AppLayout.jsx,src/components/layout/AppLayout.jsx,Route,460,OK,0,path element,
AppLayout.jsx,src/components/layout/AppLayout.jsx,ResourceDetail,460,FANTASMA_BUIT,0,,
AppLayout.jsx,src/components/layout/AppLayout.jsx,Route,461,OK,0,path element,
AppLayout.jsx,src/components/layout/AppLayout.jsx,AlmaPage,461,FANTASMA_BUIT,0,,
AppLayout.jsx,src/components/layout/AppLayout.jsx,Route,463,OK,0,path element,
AppLayout.jsx,src/components/layout/AppLayout.jsx,AlbumGlobal,463,FANTASMA_BUIT,0,,
AppLayout.jsx,src/components/layout/AppLayout.jsx,Route,464,OK,0,path element,
AppLayout.jsx,src/components/layout/AppLayout.jsx,AccessibilitatUniversal,466,FANTASMA_BUIT,0,,
AppLayout.jsx,src/components/layout/AppLayout.jsx,Route,468,OK,0,path element,
AppLayout.jsx,src/components/layout/AppLayout.jsx,Notes,468,FANTASMA_BUIT,0,,
AppLayout.jsx,src/components/layout/AppLayout.jsx,Route,470,OK,0,path element,
AppLayout.jsx,src/components/layout/AppLayout.jsx,CentroLegal,470,FANTASMA_BUIT,0,,
AppLayout.jsx,src/components/layout/AppLayout.jsx,Route,471,OK,0,path element,
AppLayout.jsx,src/components/layout/AppLayout.jsx,UniversalPage,471,OK,0,slug standAlone,
AppLayout.jsx,src/components/layout/AppLayout.jsx,Route,472,OK,0,path element,
AppLayout.jsx,src/components/layout/AppLayout.jsx,UniversalPage,472,OK,0,slug standAlone,
AppLayout.jsx,src/components/layout/AppLayout.jsx,Route,473,OK,0,path element,
AppLayout.jsx,src/components/layout/AppLayout.jsx,UniversalPage,473,OK,0,slug standAlone,
AppLayout.jsx,src/components/layout/AppLayout.jsx,Route,474,OK,0,path element,
AppLayout.jsx,src/components/layout/AppLayout.jsx,UniversalPage,474,OK,0,standAlone,
AppLayout.jsx,src/components/layout/AppLayout.jsx,Route,475,OK,0,path element,
AppLayout.jsx,src/components/layout/AppLayout.jsx,EpubViewer,475,OK,0,url title onClose,
AppLayout.jsx,src/components/layout/AppLayout.jsx,Route,476,OK,0,path element,
AppLayout.jsx,src/components/layout/AppLayout.jsx,Chrome145Report,476,FANTASMA_BUIT,0,,
AppLayout.jsx,src/components/layout/AppLayout.jsx,Route,477,OK,0,path element,
AppLayout.jsx,src/components/layout/AppLayout.jsx,UniversalDetail,477,OK,0,type,
AppLayout.jsx,src/components/layout/AppLayout.jsx,Route,479,OK,0,path element,
AppLayout.jsx,src/components/layout/AppLayout.jsx,Navigate,479,OK,0,to replace,
AppLayout.jsx,src/components/layout/AppLayout.jsx,button,491,CSS_EXCESSIU,3,onClick aria-label,fixed bottom-[5.5rem] md:bottom-24 right-4 md:right-8 w-14 h-14 bg-sky-500 text-white rounded-[var(--radius-genesis)] shadow-xl shadow-sky-500/50 flex items-center justify-center z-[var(--z-dropdown)] hover:scale-110 transition-transform cursor-pointer border-2 border-white/20
AppLayout.jsx,src/components/layout/AppLayout.jsx,Handshake,496,OK,0,size,
AppLayout.jsx,src/components/layout/AppLayout.jsx,div,502,OK,3,role aria-modal aria-label,fixed inset-0 z-[var(--z-modal)] glass-overlay bg-black/80 animate-in fade-in duration-300
AppLayout.jsx,src/components/layout/AppLayout.jsx,Suspense,508,OK,3,fallback,
AppLayout.jsx,src/components/layout/AppLayout.jsx,AccessibilitatUniversal,509,FANTASMA_BUIT,0,,
AppLayout.jsx,src/components/layout/AppLayout.jsx,MobileBottomNav,516,FANTASMA_BUIT,0,,
AppLayout.jsx,src/components/layout/AppLayout.jsx,Suspense,520,OK,3,fallback,
AppLayout.jsx,src/components/layout/AppLayout.jsx,div,520,OK,0,aria-hidden,w-[300px] md:w-[320px] h-full
AppLayout.jsx,src/components/layout/AppLayout.jsx,IAIAChatSidebar,521,OK,0,isOpen onClose context,
AppLayout.jsx,src/components/layout/AppLayout.jsx,Suspense,529,OK,3,fallback,
AppLayout.jsx,src/components/layout/AppLayout.jsx,ProfilePowerMenu,530,FANTASMA_BUIT,0,,
AppLayout.jsx,src/components/layout/AppLayout.jsx,div,535,OK,3,role aria-modal aria-label,fixed inset-0 z-[var(--z-modal)] glass-overlay bg-black/90 md:pl-[240px]
AppLayout.jsx,src/components/layout/AppLayout.jsx,div,541,OK,3,,h-full flex flex-col relative animate-slide-up
AppLayout.jsx,src/components/layout/AppLayout.jsx,Suspense,542,OK,3,fallback,
AppLayout.jsx,src/components/layout/AppLayout.jsx,ArchitecteView,543,FANTASMA_BUIT,0,,
ChatLayout.jsx,src/components/layout/ChatLayout.jsx,div,63,ESTILS_MESCLATS,9,ref style,absolute inset-0 w-full h-full bg-theme-base isolate grid grid-cols-1 lg:grid-cols-[var(--left-width)_minmax(0;1fr)]
ChatLayout.jsx,src/components/layout/ChatLayout.jsx,div,70,OK,7,,[Dinàmic]
ChatLayout.jsx,src/components/layout/ChatLayout.jsx,BlueprintOverlay,78,OK,3,label dimensions color,flex-1 flex flex-col min-h-0 h-full
ChatLayout.jsx,src/components/layout/ChatLayout.jsx,ChatList,79,FANTASMA_BUIT,0,,
ChatLayout.jsx,src/components/layout/ChatLayout.jsx,ChatList,82,FANTASMA_BUIT,0,,
ChatLayout.jsx,src/components/layout/ChatLayout.jsx,div,86,OK,3,onMouseDown,hidden lg:flex absolute -right-3 top-0 bottom-0 w-6 cursor-col-resize z-50 items-center justify-center group
ChatLayout.jsx,src/components/layout/ChatLayout.jsx,div,90,OK,3,,[Dinàmic]
ChatLayout.jsx,src/components/layout/ChatLayout.jsx,div,95,OK,5,,[Dinàmic]
ChatLayout.jsx,src/components/layout/ChatLayout.jsx,ChevronLeft,99,OK,0,size,text-[var(--theme-accent-primary)] -mr-0.5
ChatLayout.jsx,src/components/layout/ChatLayout.jsx,ChevronRight,100,OK,0,size,text-[var(--theme-accent-primary)] -ml-0.5
ChatLayout.jsx,src/components/layout/ChatLayout.jsx,div,107,OK,3,,[Dinàmic]
ChatLayout.jsx,src/components/layout/ChatLayout.jsx,BlueprintOverlay,112,OK,3,label dimensions color,flex-1 flex flex-col min-h-0 h-full
ChatLayout.jsx,src/components/layout/ChatLayout.jsx,Outlet,113,FANTASMA_BUIT,0,,
ChatLayout.jsx,src/components/layout/ChatLayout.jsx,Outlet,116,FANTASMA_BUIT,0,,
ContextualHeader.jsx,src/components/layout/ContextualHeader.jsx,div,34,OK,15,,relative z-10 bg-[var(--theme-accent-primary)] w-full h-[56px] min-h-[56px] max-h-[56px] flex items-center justify-between px-3 transition-colors duration-500 shadow-md
ContextualHeader.jsx,src/components/layout/ContextualHeader.jsx,div,38,OK,3,,shrink-0 mr-3 text-white/90 hover:text-white transition-colors flex items-center justify-center
ContextualHeader.jsx,src/components/layout/ContextualHeader.jsx,button,39,OK,3,onClick aria-label,flex items-center gap-1 hover:text-white active:scale-95 transition-transform p-1 rounded-full hover:bg-white/20
ContextualHeader.jsx,src/components/layout/ContextualHeader.jsx,ArrowLeft,44,OK,0,size strokeWidth,
ContextualHeader.jsx,src/components/layout/ContextualHeader.jsx,div,49,OK,0,aria-hidden,shrink-0 w-12 mr-2
ContextualHeader.jsx,src/components/layout/ContextualHeader.jsx,div,53,OK,13,,flex items-center flex-1 h-[36px] bg-white rounded-[24px] overflow-hidden focus-within:ring-2 focus-within:ring-[var(--theme-accent-primary)] transition-all group
ContextualHeader.jsx,src/components/layout/ContextualHeader.jsx,div,54,OK,3,,flex items-center justify-center pl-4 pr-2 h-full
ContextualHeader.jsx,src/components/layout/ContextualHeader.jsx,Search,55,OK,0,size strokeWidth,text-gray-400 group-focus-within:text-[var(--theme-accent-primary)] transition-colors
ContextualHeader.jsx,src/components/layout/ContextualHeader.jsx,input,61,OK,0,ref name type value onChange placeholder,font-sans flex-1 w-full h-full bg-transparent text-gray-900 pr-2 py-0 m-0 text-[14px] leading-none font-bold outline-none placeholder:text-gray-800 placeholder:font-bold
ContextualHeader.jsx,src/components/layout/ContextualHeader.jsx,div,74,OK,3,,flex items-center pr-2 gap-2 shrink-0
ContextualHeader.jsx,src/components/layout/ContextualHeader.jsx,button,81,OK,3,onClick,w-10 h-full flex items-center justify-center text-gray-400 hover:text-[var(--theme-accent-primary)] transition-colors shrink-0
ContextualHeader.jsx,src/components/layout/ContextualHeader.jsx,X,85,OK,0,size strokeWidth,
ContextualHeader.jsx,src/components/layout/ContextualHeader.jsx,div,92,OK,7,,hidden sm:flex items-center bg-black/20 dark:bg-white/10 p-1 rounded-full gap-1 ml-3 shrink-0
ContextualHeader.jsx,src/components/layout/ContextualHeader.jsx,button,93,OK,3,onClick title,[Dinàmic]
ContextualHeader.jsx,src/components/layout/ContextualHeader.jsx,Square,98,OK,0,size strokeWidth,
ContextualHeader.jsx,src/components/layout/ContextualHeader.jsx,button,100,OK,3,onClick title,[Dinàmic]
ContextualHeader.jsx,src/components/layout/ContextualHeader.jsx,LayoutGrid,108,OK,0,size strokeWidth,
ContextualHeader.jsx,src/components/layout/ContextualHeader.jsx,button,110,OK,3,onClick title,[Dinàmic]
ContextualHeader.jsx,src/components/layout/ContextualHeader.jsx,List,115,OK,0,size strokeWidth,
Header.jsx,src/components/layout/Header.jsx,UniversalHeader,30,OK,9,,
Header.jsx,src/components/layout/Header.jsx,div,39,OK,3,,shrink-0 z-50
Header.jsx,src/components/layout/Header.jsx,LanguageSelector,40,OK,0,variant,
Header.jsx,src/components/layout/Header.jsx,IAIAIcon,57,OK,0,size color,[Dinàmic]
Header.jsx,src/components/layout/Header.jsx,Search,69,OK,0,,shrink-0 w-[36px] h-[36px] max-[350px]:w-[28px] max-[350px]:h-[28px]
Header.jsx,src/components/layout/Header.jsx,Sun,78,OK,0,,shrink-0 w-[36px] h-[36px] max-[350px]:w-[28px] max-[350px]:h-[28px]
Header.jsx,src/components/layout/Header.jsx,Moon,78,OK,0,,shrink-0 w-[36px] h-[36px] max-[350px]:w-[28px] max-[350px]:h-[28px]
Header.jsx,src/components/layout/Header.jsx,div,87,CSS_EXCESSIU,5,,notranslate shrink-0 w-[36px] h-[36px] max-[350px]:w-[28px] max-[350px]:h-[28px] rounded-full bg-[#1A1A1A] flex items-center justify-center text-xs font-black text-white border border-[#333] overflow-hidden relative
Header.jsx,src/components/layout/Header.jsx,img,89,OK,0,src alt onError,w-full h-full object-cover shrink-0
Header.jsx,src/components/layout/Header.jsx,span,102,OK,3,,[Dinàmic]
Header.jsx,src/components/layout/Header.jsx,UserPlus,119,OK,0,,shrink-0 w-[36px] h-[36px] max-[350px]:w-[28px] max-[350px]:h-[28px]
MobileBottomNav.jsx,src/components/layout/MobileBottomNav.jsx,nav,31,CSS_EXCESSIU,3,,notranslate fixed bottom-0 left-0 right-0 z-[var(--z-nav)] md:hidden bg-[#050505] border-t border-white/5 shadow-[0_-4px_10px_rgba(0;0;0;0.5)] select-none touch-manipulation flex flex-col items-center justify-center
MobileBottomNav.jsx,src/components/layout/MobileBottomNav.jsx,div,34,OK,3,,notranslate flex flex-1 items-center justify-evenly w-full h-[64px] px-2
MobileBottomNav.jsx,src/components/layout/MobileBottomNav.jsx,button,41,OK,3,key onClick aria-label,w-[52px] h-[52px] bg-[#4F46E5] text-white rounded-full flex items-center justify-center mx-1 shadow-lg shadow-[#4F46E5]/20 transition-transform active:scale-90 outline-none shrink-0
MobileBottomNav.jsx,src/components/layout/MobileBottomNav.jsx,Icon,47,OK,0,size strokeWidth,
MobileBottomNav.jsx,src/components/layout/MobileBottomNav.jsx,button,53,OK,3,key onClick aria-label,[Dinàmic]
MobileBottomNav.jsx,src/components/layout/MobileBottomNav.jsx,Icon,60,OK,0,size strokeWidth,
NavigationRail.jsx,src/components/layout/NavigationRail.jsx,MessageSquare,10,OK,0,...spread,
NavigationRail.jsx,src/components/layout/NavigationRail.jsx,LayoutGrid,11,OK,0,...spread,
NavigationRail.jsx,src/components/layout/NavigationRail.jsx,Store,12,OK,0,...spread,
NavigationRail.jsx,src/components/layout/NavigationRail.jsx,MapPin,13,OK,0,...spread,
NavigationRail.jsx,src/components/layout/NavigationRail.jsx,Calendar,14,OK,0,...spread,
NavigationRail.jsx,src/components/layout/NavigationRail.jsx,Map,15,OK,0,...spread,
NavigationRail.jsx,src/components/layout/NavigationRail.jsx,Image,16,OK,0,...spread,
NavigationRail.jsx,src/components/layout/NavigationRail.jsx,FileText,17,OK,0,...spread,
NavigationRail.jsx,src/components/layout/NavigationRail.jsx,BookOpen,18,OK,0,...spread,
NavigationRail.jsx,src/components/layout/NavigationRail.jsx,Scale,19,OK,0,...spread,
NavigationRail.jsx,src/components/layout/NavigationRail.jsx,Palette,20,OK,0,...spread,
NavigationRail.jsx,src/components/layout/NavigationRail.jsx,Activity,21,OK,0,...spread,
NavigationRail.jsx,src/components/layout/NavigationRail.jsx,Flame,22,OK,0,...spread,
NavigationRail.jsx,src/components/layout/NavigationRail.jsx,Compass,23,OK,0,...spread,
NavigationRail.jsx,src/components/layout/NavigationRail.jsx,nav,38,OK,7,,w-full h-full flex flex-col bg-transparent relative overflow-hidden notranslate
NavigationRail.jsx,src/components/layout/NavigationRail.jsx,button,41,CSS_EXCESSIU,5,onClick aria-label,min-h-[50px] sm:min-h-[56px] w-full shrink-0 flex items-center justify-start px-7 gap-4 bg-[#4F46E5] text-white cursor-pointer hover:opacity-90 transition-opacity z-20 relative outline-none
NavigationRail.jsx,src/components/layout/NavigationRail.jsx,Plus,49,OK,0,size strokeWidth,shrink-0
NavigationRail.jsx,src/components/layout/NavigationRail.jsx,span,50,OK,3,,font-bold tracking-widest uppercase text-[17px] truncate
NavigationRail.jsx,src/components/layout/NavigationRail.jsx,div,55,OK,3,,flex-1 overflow-y-auto stable-scroll custom-scrollbar flex flex-col pt-1 px-3 pb-6
NavigationRail.jsx,src/components/layout/NavigationRail.jsx,ul,57,OK,11,,space-y-2 relative
NavigationRail.jsx,src/components/layout/NavigationRail.jsx,li,63,OK,5,key,relative
NavigationRail.jsx,src/components/layout/NavigationRail.jsx,div,65,OK,0,,absolute inset-0 bg-[#F97316] rounded-tactile transition-colors duration-200
NavigationRail.jsx,src/components/layout/NavigationRail.jsx,NavLink,67,A11Y_CLICK_SENSE_ROLE,5,to onClick,[Dinàmic]
NavigationRail.jsx,src/components/layout/NavigationRail.jsx,span,77,OK,1,,truncate
NavigationRail.jsx,src/components/layout/NavigationRail.jsx,li,85,OK,5,key,relative mt-2 pt-2 border-t border-[#ffffff14]
NavigationRail.jsx,src/components/layout/NavigationRail.jsx,div,87,OK,0,,absolute inset-0 bg-red-500/10 rounded-tactile transition-colors duration-200
NavigationRail.jsx,src/components/layout/NavigationRail.jsx,NavLink,89,A11Y_CLICK_SENSE_ROLE,5,to onClick,[Dinàmic]
NavigationRail.jsx,src/components/layout/NavigationRail.jsx,Activity,98,OK,0,size strokeWidth,[Dinàmic]
NavigationRail.jsx,src/components/layout/NavigationRail.jsx,span,99,OK,1,,truncate
NavigationRail.jsx,src/components/layout/NavigationRail.jsx,li,105,OK,3,,relative mt-6 pt-4 border-t border-[#ffffff14]
NavigationRail.jsx,src/components/layout/NavigationRail.jsx,div,106,OK,5,,flex flex-col items-start gap-3 px-4
NavigationRail.jsx,src/components/layout/NavigationRail.jsx,a,107,OK,3,href onClick,text-sm font-bold text-[#F97316] hover:text-white transition-colors cursor-pointer w-full tracking-wide block outline-none py-1
NavigationRail.jsx,src/components/layout/NavigationRail.jsx,a,114,OK,3,href onClick,text-sm font-bold text-[#F97316] tracking-wide hover:text-white transition-colors cursor-pointer block outline-none py-1
NotebookSidebar.jsx,src/components/layout/NotebookSidebar.jsx,div,43,OK,5,key,folder-item-wrapper
NotebookSidebar.jsx,src/components/layout/NotebookSidebar.jsx,div,44,OK,5,style onClick role tabIndex onKeyDown title,[Dinàmic]
NotebookSidebar.jsx,src/components/layout/NotebookSidebar.jsx,div,58,OK,9,,flex items-center overflow-hidden
NotebookSidebar.jsx,src/components/layout/NotebookSidebar.jsx,div,61,OK,3,,w-5 flex items-center justify-center shrink-0 sidebar-chevron-element
NotebookSidebar.jsx,src/components/layout/NotebookSidebar.jsx,button,63,OK,3,onClick aria-label,p-0.5 rounded-md hover:bg-black/10 dark:hover:bg-white/10 text-gray-500 transition-colors
NotebookSidebar.jsx,src/components/layout/NotebookSidebar.jsx,ChevronRight,68,OK,0,size,[Dinàmic]
NotebookSidebar.jsx,src/components/layout/NotebookSidebar.jsx,div,75,OK,5,,[Dinàmic]
NotebookSidebar.jsx,src/components/layout/NotebookSidebar.jsx,Folder,76,OK,0,size fill,[Dinàmic]
NotebookSidebar.jsx,src/components/layout/NotebookSidebar.jsx,span,77,OK,1,,truncate text-sm font-medium sidebar-text-element
NotebookSidebar.jsx,src/components/layout/NotebookSidebar.jsx,button,81,OK,3,onClick aria-label,p-1 text-gray-400 hover:text-red-500 opacity-0 group-hover:opacity-100 transition-opacity sidebar-action-element
NotebookSidebar.jsx,src/components/layout/NotebookSidebar.jsx,Trash2,86,OK,0,size,
NotebookSidebar.jsx,src/components/layout/NotebookSidebar.jsx,div,98,OK,7,style,[Dinàmic]
NotebookSidebar.jsx,src/components/layout/NotebookSidebar.jsx,div,103,OK,7,role aria-label,flex items-center gap-2 px-3 py-3 mb-1 sidebar-row-element
NotebookSidebar.jsx,src/components/layout/NotebookSidebar.jsx,Library,104,OK,0,size,sidebar-icon-container text-blue-500 dark:text-blue-400 shrink-0
NotebookSidebar.jsx,src/components/layout/NotebookSidebar.jsx,h3,105,OK,1,,[Dinàmic]
NotebookSidebar.jsx,src/components/layout/NotebookSidebar.jsx,button,106,OK,3,onClick title aria-label,p-1 rounded text-gray-500 hover:bg-gray-200 dark:hover:bg-[#333] sidebar-action-element shrink-0
NotebookSidebar.jsx,src/components/layout/NotebookSidebar.jsx,FolderPlus,112,OK,0,size,
NotebookSidebar.jsx,src/components/layout/NotebookSidebar.jsx,div,116,OK,7,,flex-1 overflow-y-auto custom-scrollbar px-2 space-y-1
NotebookSidebar.jsx,src/components/layout/NotebookSidebar.jsx,p,119,OK,1,,text-sm text-center opacity-40 py-4 italic
NotebookSidebar.jsx,src/components/layout/NotebookSidebar.jsx,div,122,OK,3,,mt-4 pt-2 border-t border-gray-200 dark:border-[#333]
NotebookSidebar.jsx,src/components/layout/NotebookSidebar.jsx,div,123,OK,5,onClick role tabIndex onKeyDown title,[Dinàmic]
NotebookSidebar.jsx,src/components/layout/NotebookSidebar.jsx,Trash2,136,OK,0,size,ml-1 sidebar-icon-container
NotebookSidebar.jsx,src/components/layout/NotebookSidebar.jsx,span,137,OK,1,,truncate text-sm font-medium sidebar-text-element
NotebookSidebar.jsx,src/components/layout/NotebookSidebar.jsx,div,142,OK,5,,mt-4 pt-2 border-t border-gray-200 dark:border-[#333]
NotebookSidebar.jsx,src/components/layout/NotebookSidebar.jsx,div,143,OK,5,role aria-label,flex items-center gap-2 px-3 py-2 mb-1 sidebar-row-element
NotebookSidebar.jsx,src/components/layout/NotebookSidebar.jsx,Tags,144,OK,0,size,sidebar-icon-container text-blue-500 dark:text-blue-400 shrink-0
NotebookSidebar.jsx,src/components/layout/NotebookSidebar.jsx,h3,145,OK,1,,[Dinàmic]
NotebookSidebar.jsx,src/components/layout/NotebookSidebar.jsx,div,147,OK,3,,space-y-1 px-2
NotebookSidebar.jsx,src/components/layout/NotebookSidebar.jsx,div,149,OK,5,key onClick role tabIndex onKeyDown title,[Dinàmic]
NotebookSidebar.jsx,src/components/layout/NotebookSidebar.jsx,Tag,163,OK,0,size,opacity-50 ml-1 sidebar-icon-container
NotebookSidebar.jsx,src/components/layout/NotebookSidebar.jsx,span,164,OK,1,,truncate text-sm font-medium sidebar-text-element
PageHeader.jsx,src/components/layout/PageHeader.jsx,header,18,OK,13,,[Dinàmic]
PageHeader.jsx,src/components/layout/PageHeader.jsx,div,21,OK,3,,w-12 flex items-center justify-start
PageHeader.jsx,src/components/layout/PageHeader.jsx,div,23,OK,3,,fixed top-[max(env(safe-area-inset-top);0.5rem)] left-2 sm:left-4 z-[9999] isolate
PageHeader.jsx,src/components/layout/PageHeader.jsx,button,24,CSS_EXCESSIU,3,onClick aria-label,p-2.5 rounded-full bg-black/60 dark:bg-black/80 backdrop-blur-md shadow-[0_4px_20px_rgba(0;0;0;0.5)] border border-white/20 hover:bg-black/90 hover:scale-105 active:scale-95 transition-all duration-300 text-white flex items-center justify-center group
PageHeader.jsx,src/components/layout/PageHeader.jsx,ArrowLeft,29,OK,0,size,group-hover:-translate-x-0.5 transition-transform duration-200
PageHeader.jsx,src/components/layout/PageHeader.jsx,button,33,OK,3,onClick aria-label,p-2 -ml-2 rounded-xl hover:bg-white/10 active:scale-95 transition-all text-white
PageHeader.jsx,src/components/layout/PageHeader.jsx,ArrowLeft,38,OK,0,size,
PageHeader.jsx,src/components/layout/PageHeader.jsx,div,44,OK,5,,flex-1 flex flex-col items-center justify-center overflow-hidden px-2
PageHeader.jsx,src/components/layout/PageHeader.jsx,h3,45,OK,3,,text-[16px] md:text-lg font-bold tracking-wide text-white m-0 text-center uppercase truncate w-full
PageHeader.jsx,src/components/layout/PageHeader.jsx,p,49,OK,3,,text-[10px] md:text-xs text-white/80 uppercase font-bold tracking-tighter m-0 truncate w-full text-center
PageHeader.jsx,src/components/layout/PageHeader.jsx,div,56,OK,3,,w-12 flex items-center justify-end
PageHeader.jsx,src/components/layout/PageHeader.jsx,button,58,OK,3,onClick title,p-2 -mr-2 rounded-xl hover:bg-white/10 active:scale-95 transition-all text-white/80 hover:text-white
PageHeader.jsx,src/components/layout/PageHeader.jsx,Settings,66,OK,0,size,
SystemContainers.jsx,src/components/layout/SystemContainers.jsx,div,20,OK,3,ref,[Dinàmic]
SystemContainers.jsx,src/components/layout/SystemContainers.jsx,div,35,OK,3,,[Dinàmic]
SystemPageLayout.jsx,src/components/layout/SystemPageLayout.jsx,div,20,OK,13,style,[Dinàmic]
SystemPageLayout.jsx,src/components/layout/SystemPageLayout.jsx,header,25,OK,3,,flex-none w-full sticky top-0 z-50 shadow-md bg-theme-base border-b border-border-master flex flex-col relative isolate
SystemPageLayout.jsx,src/components/layout/SystemPageLayout.jsx,main,31,OK,3,,[Dinàmic]
SystemPageLayout.jsx,src/components/layout/SystemPageLayout.jsx,div,35,OK,3,,[Dinàmic]
SystemPageLayout.jsx,src/components/layout/SystemPageLayout.jsx,div,43,OK,3,,w-full sticky bottom-0 mt-auto z-40 shadow-[0_-10px_40px_-5px_rgba(0;0;0;0.1)] bg-theme-base border-t border-[rgba(255;255;255;0.05)] isolate
SystemPageLayout.jsx,src/components/layout/SystemPageLayout.jsx,footer,51,OK,3,,flex-none w-full shadow-[0_-10px_40px_-15px_rgba(0;0;0;0.3)] z-[55] bg-theme-bg/95 backdrop-blur-xl
AddItemModal.jsx,src/components/modals/AddItemModal.jsx,div,120,A11Y_CLICK_SENSE_ROLE,5,onClick,m3-dialog-overlay
AddItemModal.jsx,src/components/modals/AddItemModal.jsx,div,121,A11Y_CLICK_SENSE_ROLE,7,onClick,m3-dialog-content animate-in-up
AddItemModal.jsx,src/components/modals/AddItemModal.jsx,div,122,OK,7,role aria-label,m3-dialog-header
AddItemModal.jsx,src/components/modals/AddItemModal.jsx,button,123,OK,3,onClick,m3-icon-button
AddItemModal.jsx,src/components/modals/AddItemModal.jsx,X,124,OK,0,size,
AddItemModal.jsx,src/components/modals/AddItemModal.jsx,div,126,OK,3,,header-title-group
AddItemModal.jsx,src/components/modals/AddItemModal.jsx,h2,127,OK,1,,m3-headline-small
AddItemModal.jsx,src/components/modals/AddItemModal.jsx,button,129,OK,3,onClick disabled,m3-button-text
AddItemModal.jsx,src/components/modals/AddItemModal.jsx,div,138,OK,7,,m3-dialog-body scrollable
AddItemModal.jsx,src/components/modals/AddItemModal.jsx,div,139,OK,5,,flex items-center justify-between mb-4 mt-2
AddItemModal.jsx,src/components/modals/AddItemModal.jsx,EntitySelector,140,OK,0,currentIdentity onSelectIdentity mini,
AddItemModal.jsx,src/components/modals/AddItemModal.jsx,button,145,OK,3,type onClick title,bg-white/5 p-2 rounded-[28px] hover:bg-white/10 transition-colors
AddItemModal.jsx,src/components/modals/AddItemModal.jsx,Globe,155,OK,0,size,
AddItemModal.jsx,src/components/modals/AddItemModal.jsx,Users,156,OK,0,size,
AddItemModal.jsx,src/components/modals/AddItemModal.jsx,Lock,156,OK,0,size,
AddItemModal.jsx,src/components/modals/AddItemModal.jsx,div,160,OK,11,,flex flex-col gap-4
AddItemModal.jsx,src/components/modals/AddItemModal.jsx,div,161,OK,5,,w-full
AddItemModal.jsx,src/components/modals/AddItemModal.jsx,label,162,OK,1,htmlFor,sr-only
AddItemModal.jsx,src/components/modals/AddItemModal.jsx,input,163,OK,0,name type placeholder value onChange required,w-full bg-white/5 border border-white/10 rounded-[28px] p-4 text-white placeholder-white/40 focus:outline-none focus:border-white/30
AddItemModal.jsx,src/components/modals/AddItemModal.jsx,div,175,OK,5,,flex gap-4
AddItemModal.jsx,src/components/modals/AddItemModal.jsx,div,176,OK,5,,flex-1
AddItemModal.jsx,src/components/modals/AddItemModal.jsx,label,177,OK,1,htmlFor,sr-only
AddItemModal.jsx,src/components/modals/AddItemModal.jsx,input,178,OK,0,name type placeholder value onChange required,w-full bg-white/5 border border-white/10 rounded-[28px] p-4 text-white placeholder-white/40 focus:outline-none focus:border-white/30
AddItemModal.jsx,src/components/modals/AddItemModal.jsx,div,189,OK,7,,flex-1
AddItemModal.jsx,src/components/modals/AddItemModal.jsx,label,190,OK,1,htmlFor,sr-only
AddItemModal.jsx,src/components/modals/AddItemModal.jsx,input,191,OK,0,list name placeholder value onChange,w-full bg-white/5 border border-white/10 rounded-[28px] p-4 text-white placeholder-white/40 focus:outline-none focus:border-white/30
AddItemModal.jsx,src/components/modals/AddItemModal.jsx,datalist,200,OK,21,,
AddItemModal.jsx,src/components/modals/AddItemModal.jsx,option,201,OK,0,value,
AddItemModal.jsx,src/components/modals/AddItemModal.jsx,option,202,OK,0,value,
AddItemModal.jsx,src/components/modals/AddItemModal.jsx,option,203,OK,0,value,
AddItemModal.jsx,src/components/modals/AddItemModal.jsx,option,204,OK,0,value,
AddItemModal.jsx,src/components/modals/AddItemModal.jsx,option,205,OK,0,value,
AddItemModal.jsx,src/components/modals/AddItemModal.jsx,option,206,OK,0,value,
AddItemModal.jsx,src/components/modals/AddItemModal.jsx,option,207,OK,0,value,
AddItemModal.jsx,src/components/modals/AddItemModal.jsx,option,208,OK,0,value,
AddItemModal.jsx,src/components/modals/AddItemModal.jsx,option,209,OK,0,value,
AddItemModal.jsx,src/components/modals/AddItemModal.jsx,option,210,OK,0,value,
AddItemModal.jsx,src/components/modals/AddItemModal.jsx,div,216,OK,7,,flex gap-4
AddItemModal.jsx,src/components/modals/AddItemModal.jsx,div,217,OK,3,,flex-1
AddItemModal.jsx,src/components/modals/AddItemModal.jsx,input,218,OK,0,type placeholder value onChange,w-full bg-white/5 border border-white/10 rounded-[28px] p-4 text-white placeholder-white/40 focus:outline-none focus:border-white/30
AddItemModal.jsx,src/components/modals/AddItemModal.jsx,div,226,OK,3,,flex-1
AddItemModal.jsx,src/components/modals/AddItemModal.jsx,input,227,OK,0,type placeholder value onChange min,w-full bg-white/5 border border-white/10 rounded-[28px] p-4 text-white placeholder-white/40 focus:outline-none focus:border-white/30
AddItemModal.jsx,src/components/modals/AddItemModal.jsx,div,236,OK,3,,flex-1
AddItemModal.jsx,src/components/modals/AddItemModal.jsx,input,237,OK,0,type placeholder value onChange,w-full bg-white/5 border border-white/10 rounded-[28px] p-4 text-white placeholder-white/40 focus:outline-none focus:border-white/30
AddItemModal.jsx,src/components/modals/AddItemModal.jsx,div,247,OK,7,,flex gap-4
AddItemModal.jsx,src/components/modals/AddItemModal.jsx,div,248,OK,3,,flex-1
AddItemModal.jsx,src/components/modals/AddItemModal.jsx,select,249,OK,11,value onChange,w-full bg-white/5 border border-white/10 rounded-[28px] p-4 text-white focus:outline-none focus:border-white/30
AddItemModal.jsx,src/components/modals/AddItemModal.jsx,option,254,OK,1,value,
AddItemModal.jsx,src/components/modals/AddItemModal.jsx,option,255,OK,1,value,
AddItemModal.jsx,src/components/modals/AddItemModal.jsx,option,256,OK,1,value,
AddItemModal.jsx,src/components/modals/AddItemModal.jsx,option,257,OK,1,value,
AddItemModal.jsx,src/components/modals/AddItemModal.jsx,option,258,OK,1,value,
AddItemModal.jsx,src/components/modals/AddItemModal.jsx,div,261,OK,3,,flex-1
AddItemModal.jsx,src/components/modals/AddItemModal.jsx,select,262,OK,7,value onChange,w-full bg-white/5 border border-white/10 rounded-[28px] p-4 text-white focus:outline-none focus:border-white/30
AddItemModal.jsx,src/components/modals/AddItemModal.jsx,option,267,OK,1,value,
AddItemModal.jsx,src/components/modals/AddItemModal.jsx,option,268,OK,1,value,
AddItemModal.jsx,src/components/modals/AddItemModal.jsx,option,269,OK,1,value,
AddItemModal.jsx,src/components/modals/AddItemModal.jsx,div,272,OK,3,,flex-1 flex items-center px-4
AddItemModal.jsx,src/components/modals/AddItemModal.jsx,label,273,OK,5,,flex items-center gap-2 text-white cursor-pointer
AddItemModal.jsx,src/components/modals/AddItemModal.jsx,input,274,OK,0,type checked onChange,w-5 h-5 rounded border-white/20 bg-white/5 text-orange-500 focus:ring-orange-500 focus:ring-offset-gray-900
AddItemModal.jsx,src/components/modals/AddItemModal.jsx,span,280,WRAPPER_INUTIL,1,,
AddItemModal.jsx,src/components/modals/AddItemModal.jsx,div,286,OK,3,,m3-editor-container mt-6
AddItemModal.jsx,src/components/modals/AddItemModal.jsx,RichTextEditor,287,OK,0,value onChange placeholder minimal,
AddItemModal.jsx,src/components/modals/AddItemModal.jsx,footer,296,OK,3,,m3-dialog-footer border-t border-white/10 p-4
AddItemModal.jsx,src/components/modals/AddItemModal.jsx,div,297,OK,7,,flex items-center gap-4
AddItemModal.jsx,src/components/modals/AddItemModal.jsx,button,298,OK,3,type onClick,m3-icon-button
AddItemModal.jsx,src/components/modals/AddItemModal.jsx,Camera,299,OK,0,size,
AddItemModal.jsx,src/components/modals/AddItemModal.jsx,span,301,OK,1,,text-xs text-white/50 uppercase tracking-widest font-bold
AddItemModal.jsx,src/components/modals/AddItemModal.jsx,div,304,OK,7,,flex items-center gap-2 bg-emerald-500/20 text-emerald-400 px-3 py-1.5 rounded-full text-xs font-bold animate-in zoom-in ml-auto
AddItemModal.jsx,src/components/modals/AddItemModal.jsx,ImageIcon,305,OK,0,size,
AddItemModal.jsx,src/components/modals/AddItemModal.jsx,Video,305,OK,0,size,
AddItemModal.jsx,src/components/modals/AddItemModal.jsx,span,306,WRAPPER_INUTIL,1,,
AddItemModal.jsx,src/components/modals/AddItemModal.jsx,button,307,OK,1,type onClick,ml-1 hover:text-white
AddItemModal.jsx,src/components/modals/AddItemModal.jsx,X,307,OK,0,size,
AddItemModal.jsx,src/components/modals/AddItemModal.jsx,CaptureStudio,314,OK,0,isOpen onClose onCapture mode,
AgentSelectorModal.jsx,src/components/modals/AgentSelectorModal.jsx,Brain,23,OK,0,size,
AgentSelectorModal.jsx,src/components/modals/AgentSelectorModal.jsx,Zap,33,OK,0,size,
AgentSelectorModal.jsx,src/components/modals/AgentSelectorModal.jsx,Zap,43,OK,0,size,
AgentSelectorModal.jsx,src/components/modals/AgentSelectorModal.jsx,Zap,53,OK,0,size,
AgentSelectorModal.jsx,src/components/modals/AgentSelectorModal.jsx,Zap,63,OK,0,size,
AgentSelectorModal.jsx,src/components/modals/AgentSelectorModal.jsx,Sparkles,73,OK,0,size,
AgentSelectorModal.jsx,src/components/modals/AgentSelectorModal.jsx,Sparkles,83,OK,0,size,
AgentSelectorModal.jsx,src/components/modals/AgentSelectorModal.jsx,Sparkles,93,OK,0,size,
AgentSelectorModal.jsx,src/components/modals/AgentSelectorModal.jsx,Sparkles,103,OK,0,size,
AgentSelectorModal.jsx,src/components/modals/AgentSelectorModal.jsx,Zap,113,OK,0,size,
AgentSelectorModal.jsx,src/components/modals/AgentSelectorModal.jsx,Zap,122,OK,0,size,
AgentSelectorModal.jsx,src/components/modals/AgentSelectorModal.jsx,Zap,132,OK,0,size,
AgentSelectorModal.jsx,src/components/modals/AgentSelectorModal.jsx,Sparkles,142,OK,0,size,
AgentSelectorModal.jsx,src/components/modals/AgentSelectorModal.jsx,Sparkles,152,OK,0,size,
AgentSelectorModal.jsx,src/components/modals/AgentSelectorModal.jsx,Sparkles,162,OK,0,size,
AgentSelectorModal.jsx,src/components/modals/AgentSelectorModal.jsx,div,192,A11Y_CLICK_SENSE_ROLE,3,onClick,modal-overlay animate-in
AgentSelectorModal.jsx,src/components/modals/AgentSelectorModal.jsx,div,193,A11Y_CLICK_SENSE_ROLE,7,onClick,agent-selector-content glass-morphism
AgentSelectorModal.jsx,src/components/modals/AgentSelectorModal.jsx,div,194,OK,5,role aria-label,agent-header
AgentSelectorModal.jsx,src/components/modals/AgentSelectorModal.jsx,div,195,OK,5,,header-info
AgentSelectorModal.jsx,src/components/modals/AgentSelectorModal.jsx,h2,196,OK,1,,
AgentSelectorModal.jsx,src/components/modals/AgentSelectorModal.jsx,p,197,OK,1,,
AgentSelectorModal.jsx,src/components/modals/AgentSelectorModal.jsx,button,199,OK,3,onClick,close-btn
AgentSelectorModal.jsx,src/components/modals/AgentSelectorModal.jsx,X,200,OK,0,size,
AgentSelectorModal.jsx,src/components/modals/AgentSelectorModal.jsx,div,204,OK,3,,agents-grid
AgentSelectorModal.jsx,src/components/modals/AgentSelectorModal.jsx,div,206,A11Y_CLICK_SENSE_ROLE | ESTILS_MESCLATS,5,key style onClick,agent-card
AgentSelectorModal.jsx,src/components/modals/AgentSelectorModal.jsx,div,212,OK,3,,agent-icon
AgentSelectorModal.jsx,src/components/modals/AgentSelectorModal.jsx,div,215,OK,7,,agent-info
AgentSelectorModal.jsx,src/components/modals/AgentSelectorModal.jsx,h3,216,OK,1,,
AgentSelectorModal.jsx,src/components/modals/AgentSelectorModal.jsx,span,217,OK,1,,agent-role
AgentSelectorModal.jsx,src/components/modals/AgentSelectorModal.jsx,p,218,OK,1,,
AgentSelectorModal.jsx,src/components/modals/AgentSelectorModal.jsx,footer,224,OK,3,,agent-footer
AgentSelectorModal.jsx,src/components/modals/AgentSelectorModal.jsx,p,225,OK,1,,
CalendarManagerModal.jsx,src/components/modals/CalendarManagerModal.jsx,div,21,A11Y_CLICK_SENSE_ROLE,3,onClick,calendar-modal-overlay animate-in
CalendarManagerModal.jsx,src/components/modals/CalendarManagerModal.jsx,div,22,A11Y_CLICK_SENSE_ROLE,5,onClick,calendar-modal-content
CalendarManagerModal.jsx,src/components/modals/CalendarManagerModal.jsx,div,23,OK,5,role aria-label,calendar-modal-header
CalendarManagerModal.jsx,src/components/modals/CalendarManagerModal.jsx,div,24,OK,5,,title-group
CalendarManagerModal.jsx,src/components/modals/CalendarManagerModal.jsx,Settings,25,OK,0,size,text-[var(--theme-accent-primary)]
CalendarManagerModal.jsx,src/components/modals/CalendarManagerModal.jsx,h2,26,OK,1,,
CalendarManagerModal.jsx,src/components/modals/CalendarManagerModal.jsx,button,28,OK,1,onClick,btn-close-modal
CalendarManagerModal.jsx,src/components/modals/CalendarManagerModal.jsx,X,28,OK,0,size,
CalendarManagerModal.jsx,src/components/modals/CalendarManagerModal.jsx,div,31,OK,9,,calendar-modal-body overflow-y-auto max-h-[70vh]
CalendarManagerModal.jsx,src/components/modals/CalendarManagerModal.jsx,div,34,OK,7,,oauth-dashboard mb-6 pb-6 border-b border-[var(--border-master)]
CalendarManagerModal.jsx,src/components/modals/CalendarManagerModal.jsx,div,35,OK,3,,dashboard-header-flex mb-2
CalendarManagerModal.jsx,src/components/modals/CalendarManagerModal.jsx,h3,36,OK,3,,flex items-center gap-2 text-emerald-400
CalendarManagerModal.jsx,src/components/modals/CalendarManagerModal.jsx,Layers,37,OK,0,size,
CalendarManagerModal.jsx,src/components/modals/CalendarManagerModal.jsx,p,40,OK,1,,dashboard-explanation text-sm mb-4
CalendarManagerModal.jsx,src/components/modals/CalendarManagerModal.jsx,div,43,OK,5,,calendars-list
CalendarManagerModal.jsx,src/components/modals/CalendarManagerModal.jsx,div,47,OK,5,key,[Dinàmic]
CalendarManagerModal.jsx,src/components/modals/CalendarManagerModal.jsx,div,48,OK,5,,cal-info
CalendarManagerModal.jsx,src/components/modals/CalendarManagerModal.jsx,div,49,ESTILS_MESCLATS,0,style,cal-color-dot
CalendarManagerModal.jsx,src/components/modals/CalendarManagerModal.jsx,span,53,OK,3,,cal-name truncate font-sans font-bold text-white text-[15px] max-w-[200px]
CalendarManagerModal.jsx,src/components/modals/CalendarManagerModal.jsx,div,57,OK,3,,cal-actions
CalendarManagerModal.jsx,src/components/modals/CalendarManagerModal.jsx,label,58,OK,5,,cal-visibility-toggle
CalendarManagerModal.jsx,src/components/modals/CalendarManagerModal.jsx,input,59,OK,0,type checked onChange,
CalendarManagerModal.jsx,src/components/modals/CalendarManagerModal.jsx,div,64,OK,3,,checkbox-visual
CalendarManagerModal.jsx,src/components/modals/CalendarManagerModal.jsx,Check,65,OK,0,size color,
CalendarManagerModal.jsx,src/components/modals/CalendarManagerModal.jsx,div,73,OK,1,,p-4 text-center text-[var(--text-muted)] italic text-sm
CalendarManagerModal.jsx,src/components/modals/CalendarManagerModal.jsx,div,82,OK,9,,oauth-login-box
CalendarManagerModal.jsx,src/components/modals/CalendarManagerModal.jsx,Brain,83,OK,0,size,mb-4 text-emerald-400
CalendarManagerModal.jsx,src/components/modals/CalendarManagerModal.jsx,h3,84,OK,1,,
CalendarManagerModal.jsx,src/components/modals/CalendarManagerModal.jsx,p,85,OK,1,,
CalendarManagerModal.jsx,src/components/modals/CalendarManagerModal.jsx,button,86,OK,3,onClick,btn-oauth-login mt-4
CalendarManagerModal.jsx,src/components/modals/CalendarManagerModal.jsx,CalendarIcon,87,OK,0,size,
CalendarManagerModal.jsx,src/components/modals/CalendarManagerModal.jsx,div,91,OK,7,,oauth-dashboard
CalendarManagerModal.jsx,src/components/modals/CalendarManagerModal.jsx,div,92,OK,5,,dashboard-header-flex
CalendarManagerModal.jsx,src/components/modals/CalendarManagerModal.jsx,h3,93,OK,1,,
CalendarManagerModal.jsx,src/components/modals/CalendarManagerModal.jsx,button,94,OK,3,onClick,btn-oauth-logout
CalendarManagerModal.jsx,src/components/modals/CalendarManagerModal.jsx,LogOut,95,OK,0,size,
CalendarManagerModal.jsx,src/components/modals/CalendarManagerModal.jsx,p,99,OK,1,,dashboard-explanation
CalendarManagerModal.jsx,src/components/modals/CalendarManagerModal.jsx,div,103,OK,5,,calendars-list
CalendarManagerModal.jsx,src/components/modals/CalendarManagerModal.jsx,div,109,OK,5,key,[Dinàmic]
CalendarManagerModal.jsx,src/components/modals/CalendarManagerModal.jsx,div,110,OK,5,,cal-info
CalendarManagerModal.jsx,src/components/modals/CalendarManagerModal.jsx,div,111,ESTILS_MESCLATS,0,style,cal-color-dot
CalendarManagerModal.jsx,src/components/modals/CalendarManagerModal.jsx,span,115,OK,3,,cal-name truncate font-sans font-bold text-white text-[15px] max-w-[180px]
CalendarManagerModal.jsx,src/components/modals/CalendarManagerModal.jsx,div,120,OK,5,,cal-actions
CalendarManagerModal.jsx,src/components/modals/CalendarManagerModal.jsx,button,121,OK,3,onClick title,[Dinàmic]
CalendarManagerModal.jsx,src/components/modals/CalendarManagerModal.jsx,PenTool,126,OK,0,size,
CalendarManagerModal.jsx,src/components/modals/CalendarManagerModal.jsx,label,129,OK,5,,cal-visibility-toggle
CalendarManagerModal.jsx,src/components/modals/CalendarManagerModal.jsx,input,130,OK,0,type checked onChange,
CalendarManagerModal.jsx,src/components/modals/CalendarManagerModal.jsx,div,135,OK,3,,checkbox-visual
CalendarManagerModal.jsx,src/components/modals/CalendarManagerModal.jsx,Check,136,OK,0,size color,
CalendarManagerModal.jsx,src/components/modals/CalendarManagerModal.jsx,div,144,OK,1,,p-4 text-center text-[var(--text-muted)] italic
ConnectionSelectorModal.jsx,src/components/modals/ConnectionSelectorModal.jsx,div,14,A11Y_CLICK_SENSE_ROLE,3,onClick,fixed inset-0 z-[var(--z-modal)] bg-black/60 backdrop-blur-sm flex items-center justify-center p-4 animate-in fade-in duration-200
ConnectionSelectorModal.jsx,src/components/modals/ConnectionSelectorModal.jsx,div,15,A11Y_CLICK_SENSE_ROLE,7,onClick,connection-modal-content glass-morphism w-full max-w-md w-[85%] sm:w-full
ConnectionSelectorModal.jsx,src/components/modals/ConnectionSelectorModal.jsx,div,16,OK,7,role aria-label,connection-modal-header
ConnectionSelectorModal.jsx,src/components/modals/ConnectionSelectorModal.jsx,div,17,OK,3,,header-icon
ConnectionSelectorModal.jsx,src/components/modals/ConnectionSelectorModal.jsx,Sparkles,18,OK,0,size,
ConnectionSelectorModal.jsx,src/components/modals/ConnectionSelectorModal.jsx,div,20,OK,5,,header-title
ConnectionSelectorModal.jsx,src/components/modals/ConnectionSelectorModal.jsx,h2,21,OK,1,,
ConnectionSelectorModal.jsx,src/components/modals/ConnectionSelectorModal.jsx,p,22,OK,1,,
ConnectionSelectorModal.jsx,src/components/modals/ConnectionSelectorModal.jsx,button,24,OK,3,onClick,close-btn
ConnectionSelectorModal.jsx,src/components/modals/ConnectionSelectorModal.jsx,X,25,OK,0,size,
ConnectionSelectorModal.jsx,src/components/modals/ConnectionSelectorModal.jsx,div,29,OK,7,,connection-modal-body
ConnectionSelectorModal.jsx,src/components/modals/ConnectionSelectorModal.jsx,div,31,OK,5,,privacy-badge-notice
ConnectionSelectorModal.jsx,src/components/modals/ConnectionSelectorModal.jsx,Shield,32,OK,0,size,
ConnectionSelectorModal.jsx,src/components/modals/ConnectionSelectorModal.jsx,span,33,WRAPPER_INUTIL,1,,
ConnectionSelectorModal.jsx,src/components/modals/ConnectionSelectorModal.jsx,TagSelector,36,OK,0,currentTags onTagsChange,
ConnectionSelectorModal.jsx,src/components/modals/ConnectionSelectorModal.jsx,footer,42,OK,3,,connection-modal-footer
ConnectionSelectorModal.jsx,src/components/modals/ConnectionSelectorModal.jsx,button,43,OK,5,onClick,confirm-btn
ConnectionSelectorModal.jsx,src/components/modals/ConnectionSelectorModal.jsx,Check,44,OK,0,size,
ConnectionSelectorModal.jsx,src/components/modals/ConnectionSelectorModal.jsx,span,45,WRAPPER_INUTIL,1,,
CreateEventModal.jsx,src/components/modals/CreateEventModal.jsx,div,78,OK,5,,px-6 pt-6 pb-4 flex items-center justify-between border-b border-theme-border
CreateEventModal.jsx,src/components/modals/CreateEventModal.jsx,h2,79,OK,3,,text-2xl font-black tracking-tighter flex items-center gap-3
CreateEventModal.jsx,src/components/modals/CreateEventModal.jsx,Sparkles,80,OK,0,,text-[#F97316]
CreateEventModal.jsx,src/components/modals/CreateEventModal.jsx,TactileButton,82,A11Y_CLICK_SENSE_ROLE,3,onClick aria-label,
CreateEventModal.jsx,src/components/modals/CreateEventModal.jsx,X,83,OK,0,size,
CreateEventModal.jsx,src/components/modals/CreateEventModal.jsx,form,87,OK,21,onSubmit,p-6 space-y-8
CreateEventModal.jsx,src/components/modals/CreateEventModal.jsx,div,89,OK,5,,
CreateEventModal.jsx,src/components/modals/CreateEventModal.jsx,label,90,OK,1,,block text-sm font-bold mb-2
CreateEventModal.jsx,src/components/modals/CreateEventModal.jsx,input,91,OK,0,type value onChange placeholder required aria-required,w-full px-5 py-5 text-2xl rounded-2xl border-2 border-transparent focus:border-[#F97316] outline-none bg-black/10 dark:bg-black/30
CreateEventModal.jsx,src/components/modals/CreateEventModal.jsx,div,103,OK,5,,grid grid-cols-2 gap-4
CreateEventModal.jsx,src/components/modals/CreateEventModal.jsx,div,104,OK,5,,
CreateEventModal.jsx,src/components/modals/CreateEventModal.jsx,label,105,OK,2,,block text-sm font-bold mb-2 flex items-center gap-2
CreateEventModal.jsx,src/components/modals/CreateEventModal.jsx,Calendar,105,OK,0,size,
CreateEventModal.jsx,src/components/modals/CreateEventModal.jsx,input,106,OK,0,type value onChange required,w-full px-5 py-5 rounded-2xl bg-black/10 dark:bg-black/30 outline-none focus:ring-2 ring-[#F97316]
CreateEventModal.jsx,src/components/modals/CreateEventModal.jsx,div,108,OK,5,,
CreateEventModal.jsx,src/components/modals/CreateEventModal.jsx,label,109,OK,1,,block text-sm font-bold mb-2
CreateEventModal.jsx,src/components/modals/CreateEventModal.jsx,input,110,OK,0,type value onChange,w-full px-5 py-5 rounded-2xl bg-black/10 dark:bg-black/30 outline-none focus:ring-2 ring-[#F97316]
CreateEventModal.jsx,src/components/modals/CreateEventModal.jsx,div,115,OK,5,,flex gap-4
CreateEventModal.jsx,src/components/modals/CreateEventModal.jsx,select,116,OK,9,value onChange,flex-1 px-5 py-5 rounded-2xl bg-black/10 dark:bg-black/30 outline-none focus:ring-2 ring-[#F97316]
CreateEventModal.jsx,src/components/modals/CreateEventModal.jsx,option,117,OK,1,value,
CreateEventModal.jsx,src/components/modals/CreateEventModal.jsx,option,118,OK,1,value,
CreateEventModal.jsx,src/components/modals/CreateEventModal.jsx,option,119,OK,1,value,
CreateEventModal.jsx,src/components/modals/CreateEventModal.jsx,option,120,OK,1,value,
CreateEventModal.jsx,src/components/modals/CreateEventModal.jsx,input,122,OK,0,type maxLength value onChange,w-20 text-center text-4xl rounded-2xl bg-black/10 dark:bg-black/30 outline-none focus:ring-2 ring-[#F97316]
CreateEventModal.jsx,src/components/modals/CreateEventModal.jsx,div,132,OK,3,,
CreateEventModal.jsx,src/components/modals/CreateEventModal.jsx,textarea,133,OK,0,value onChange placeholder,w-full h-32 px-5 py-5 rounded-3xl resize-none bg-black/10 dark:bg-black/30 outline-none focus:ring-2 ring-[#F97316]
CreateEventModal.jsx,src/components/modals/CreateEventModal.jsx,div,140,OK,5,,
CreateEventModal.jsx,src/components/modals/CreateEventModal.jsx,label,141,OK,2,,block text-sm font-bold mb-2 flex items-center gap-2
CreateEventModal.jsx,src/components/modals/CreateEventModal.jsx,MapPin,141,OK,0,size,
CreateEventModal.jsx,src/components/modals/CreateEventModal.jsx,input,142,OK,0,type value onChange placeholder,w-full px-5 py-5 rounded-2xl bg-black/10 dark:bg-black/30 outline-none focus:ring-2 ring-[#F97316]
CreateEventModal.jsx,src/components/modals/CreateEventModal.jsx,TactileButton,145,OK,5,type disabled,w-full py-7 text-2xl font-black bg-[#F97316] text-white rounded-3xl flex items-center justify-center gap-3 active:scale-95 disabled:opacity-50
CreateEventModal.jsx,src/components/modals/CreateEventModal.jsx,Check,151,OK,0,size,
CreatePostModal.jsx,src/components/modals/CreatePostModal.jsx,div,151,OK,7,,[Dinàmic]
CreatePostModal.jsx,src/components/modals/CreatePostModal.jsx,div,152,A11Y_CLICK_SENSE_ROLE,0,onClick,absolute inset-0 bg-black/60 backdrop-blur-md
CreatePostModal.jsx,src/components/modals/CreatePostModal.jsx,div,157,OK,9,,[Dinàmic]
CreatePostModal.jsx,src/components/modals/CreatePostModal.jsx,div,163,OK,5,,flex items-center justify-between p-5 border-b border-[var(--border-master)] bg-[var(--bg-panel-elevated)]
CreatePostModal.jsx,src/components/modals/CreatePostModal.jsx,div,164,OK,5,,flex items-center gap-3
CreatePostModal.jsx,src/components/modals/CreatePostModal.jsx,button,165,OK,3,onClick,p-2 -ml-2 text-[var(--text-muted)] hover:bg-[var(--bg-panel)] rounded-full transition-colors hover:text-[var(--text-main)]
CreatePostModal.jsx,src/components/modals/CreatePostModal.jsx,ArrowLeft,166,OK,0,size,
CreatePostModal.jsx,src/components/modals/CreatePostModal.jsx,h2,168,OK,5,,text-[20px] font-bold tracking-tight text-[var(--text-main)] flex items-center gap-2
CreatePostModal.jsx,src/components/modals/CreatePostModal.jsx,BookOpen,169,OK,0,size,text-[var(--theme-accent-primary)]
CreatePostModal.jsx,src/components/modals/CreatePostModal.jsx,div,173,OK,3,,flex items-center gap-2
CreatePostModal.jsx,src/components/modals/CreatePostModal.jsx,button,175,OK,5,onClick title,[Dinàmic]
CreatePostModal.jsx,src/components/modals/CreatePostModal.jsx,Minimize2,183,OK,0,size,
CreatePostModal.jsx,src/components/modals/CreatePostModal.jsx,Maximize2,183,OK,0,size,
CreatePostModal.jsx,src/components/modals/CreatePostModal.jsx,span,184,OK,1,,text-sm hidden sm:inline
CreatePostModal.jsx,src/components/modals/CreatePostModal.jsx,div,191,OK,21,,flex-1 overflow-y-auto p-5 space-y-5 custom-scrollbar pb-24
CreatePostModal.jsx,src/components/modals/CreatePostModal.jsx,div,195,OK,5,,space-y-1.5 opacity-in
CreatePostModal.jsx,src/components/modals/CreatePostModal.jsx,label,196,OK,2,,text-[14px] font-medium text-white/80
CreatePostModal.jsx,src/components/modals/CreatePostModal.jsx,input,197,OK,0,type placeholder value onChange,w-full bg-[#3B332A] border-none text-white placeholder-white/40 rounded-xl px-4 py-3.5 focus:ring-2 focus:ring-orange-500/50 outline-none transition-all font-bold text-lg
CreatePostModal.jsx,src/components/modals/CreatePostModal.jsx,div,208,OK,5,,space-y-1.5
CreatePostModal.jsx,src/components/modals/CreatePostModal.jsx,div,209,OK,5,,flex justify-between items-center mb-1
CreatePostModal.jsx,src/components/modals/CreatePostModal.jsx,label,210,OK,1,,text-[14px] font-medium text-white/80
CreatePostModal.jsx,src/components/modals/CreatePostModal.jsx,button,212,OK,1,onClick,text-[11px] font-bold text-[var(--theme-accent-primary)] hover:underline
CreatePostModal.jsx,src/components/modals/CreatePostModal.jsx,div,217,OK,3,,[Dinàmic]
CreatePostModal.jsx,src/components/modals/CreatePostModal.jsx,Suspense,218,OK,3,fallback,
CreatePostModal.jsx,src/components/modals/CreatePostModal.jsx,div,218,OK,1,,h-40 w-full animate-pulse bg-[#3B332A] rounded-xl flex items-center justify-center text-white/40 font-mono text-xs
CreatePostModal.jsx,src/components/modals/CreatePostModal.jsx,RichTextEditor,219,OK,0,content onChange minimal editable,
CreatePostModal.jsx,src/components/modals/CreatePostModal.jsx,div,231,OK,5,,grid grid-cols-2 gap-4
CreatePostModal.jsx,src/components/modals/CreatePostModal.jsx,div,232,OK,5,,space-y-1.5
CreatePostModal.jsx,src/components/modals/CreatePostModal.jsx,label,233,OK,1,,text-[14px] font-medium text-white/80
CreatePostModal.jsx,src/components/modals/CreatePostModal.jsx,div,234,OK,5,,relative
CreatePostModal.jsx,src/components/modals/CreatePostModal.jsx,input,235,OK,0,type placeholder,w-full bg-[#3B332A] border-none text-white placeholder-white/40 rounded-xl pl-4 pr-10 py-3.5 focus:ring-2 focus:ring-orange-500/50 outline-none transition-all
CreatePostModal.jsx,src/components/modals/CreatePostModal.jsx,span,240,OK,1,,absolute right-4 top-1/2 -translate-y-1/2 text-white/60 font-medium
CreatePostModal.jsx,src/components/modals/CreatePostModal.jsx,div,243,OK,9,,space-y-1.5
CreatePostModal.jsx,src/components/modals/CreatePostModal.jsx,label,244,OK,1,,text-[14px] font-medium text-white/80
CreatePostModal.jsx,src/components/modals/CreatePostModal.jsx,select,245,OK,7,,w-full bg-[#3B332A] border-none text-white/80 rounded-xl px-4 py-3.5 appearance-none focus:ring-2 focus:ring-orange-500/50 outline-none transition-all cursor-pointer
CreatePostModal.jsx,src/components/modals/CreatePostModal.jsx,option,246,OK,1,,
CreatePostModal.jsx,src/components/modals/CreatePostModal.jsx,option,247,OK,1,,
CreatePostModal.jsx,src/components/modals/CreatePostModal.jsx,option,248,OK,1,,
CreatePostModal.jsx,src/components/modals/CreatePostModal.jsx,div,251,OK,3,,absolute right-9 top-[372px] md:top-[388px] pointer-events-none text-white/50
CreatePostModal.jsx,src/components/modals/CreatePostModal.jsx,svg,252,OK,1,width height viewBox fill stroke strokeWidth strokeLinecap strokeLinejoin,
CreatePostModal.jsx,src/components/modals/CreatePostModal.jsx,polyline,252,OK,0,points,
CreatePostModal.jsx,src/components/modals/CreatePostModal.jsx,div,259,OK,5,,space-y-3 pt-2
CreatePostModal.jsx,src/components/modals/CreatePostModal.jsx,label,260,OK,1,,text-[16px] font-bold text-white
CreatePostModal.jsx,src/components/modals/CreatePostModal.jsx,div,263,OK,7,,relative w-full aspect-video rounded-xl overflow-hidden bg-black/50 border border-white/10 group
CreatePostModal.jsx,src/components/modals/CreatePostModal.jsx,img,264,OK,0,src alt,w-full h-full object-cover
CreatePostModal.jsx,src/components/modals/CreatePostModal.jsx,button,265,OK,3,onClick,absolute top-2 right-2 w-8 h-8 flex items-center justify-center bg-black/60 rounded-full text-white hover:bg-red-500 transition-colors
CreatePostModal.jsx,src/components/modals/CreatePostModal.jsx,X,269,OK,0,size,
CreatePostModal.jsx,src/components/modals/CreatePostModal.jsx,button,271,OK,5,onClick disabled,absolute bottom-3 right-3 px-3 py-1.5 bg-[#4F46E5] text-white text-xs font-bold rounded-lg flex items-center gap-1.5 shadow-lg shadow-indigo-500/20
CreatePostModal.jsx,src/components/modals/CreatePostModal.jsx,Sparkles,272,OK,0,size,
CreatePostModal.jsx,src/components/modals/CreatePostModal.jsx,label,277,CSS_EXCESSIU,11,onDragOver onDragLeave onDrop,w-full aspect-[4/3] max-h-56 bg-[#3B332A]/50 border-2 border-dashed border-white/20 rounded-2xl flex flex-col items-center justify-center cursor-pointer hover:bg-[#3B332A] hover:border-orange-500/50 transition-all group
CreatePostModal.jsx,src/components/modals/CreatePostModal.jsx,div,293,OK,3,,text-white/60 mb-3 group-hover:scale-110 group-hover:text-white transition-all
CreatePostModal.jsx,src/components/modals/CreatePostModal.jsx,svg,294,OK,11,width height viewBox fill stroke strokeWidth strokeLinecap strokeLinejoin,
CreatePostModal.jsx,src/components/modals/CreatePostModal.jsx,rect,295,OK,0,x y width height rx ry,
CreatePostModal.jsx,src/components/modals/CreatePostModal.jsx,circle,296,OK,0,cx cy r,
CreatePostModal.jsx,src/components/modals/CreatePostModal.jsx,path,297,OK,0,d,
CreatePostModal.jsx,src/components/modals/CreatePostModal.jsx,path,298,OK,0,d,
CreatePostModal.jsx,src/components/modals/CreatePostModal.jsx,path,299,OK,0,d,
CreatePostModal.jsx,src/components/modals/CreatePostModal.jsx,span,302,OK,1,,text-[15px] font-bold text-white mb-1
CreatePostModal.jsx,src/components/modals/CreatePostModal.jsx,span,303,OK,1,,text-[12px] text-white/50 mb-4
CreatePostModal.jsx,src/components/modals/CreatePostModal.jsx,div,304,OK,3,,px-5 py-2.5 bg-orange-500/20 text-orange-400 font-bold rounded-full text-sm group-hover:bg-orange-500 group-hover:text-white transition-colors
CreatePostModal.jsx,src/components/modals/CreatePostModal.jsx,input,307,OK,0,type accept onChange,hidden
CreatePostModal.jsx,src/components/modals/CreatePostModal.jsx,button,313,OK,3,onClick disabled,[Dinàmic]
CreatePostModal.jsx,src/components/modals/CreatePostModal.jsx,Loader2,318,OK,0,,animate-spin w-6 h-6
CreatePostModal.jsx,src/components/modals/CreatePostModal.jsx,CaptureStudio,323,OK,0,isOpen onClose onCapture mode,
GlobalModals.jsx,src/components/modals/GlobalModals.jsx,Portal,82,OK,3,,
GlobalModals.jsx,src/components/modals/GlobalModals.jsx,div,83,OK,27,ref tabIndex,outline-none contents
GlobalModals.jsx,src/components/modals/GlobalModals.jsx,CreatePostModal,84,OK,0,isOpen onClose onPostCreated isPrivateInitial initialFile isPlayground,
GlobalModals.jsx,src/components/modals/GlobalModals.jsx,CreateEventModal,94,OK,0,isOpen onClose onEventCreated isPlayground,
GlobalModals.jsx,src/components/modals/GlobalModals.jsx,AddItemModal,103,OK,0,isOpen onClose onItemCreated isPlayground,
GlobalModals.jsx,src/components/modals/GlobalModals.jsx,SocialManager,112,OK,0,isOpen onClose,
GlobalModals.jsx,src/components/modals/GlobalModals.jsx,ConnectionSelectorModal,119,OK,0,isOpen onClose postId currentTags onUpdate,
GlobalModals.jsx,src/components/modals/GlobalModals.jsx,AgentSelectorModal,129,OK,0,isOpen onClose postId authorId context,
GlobalModals.jsx,src/components/modals/GlobalModals.jsx,MediaViewerModal,139,OK,0,isOpen onClose src title type images imageDescriptions,
GlobalModals.jsx,src/components/modals/GlobalModals.jsx,LegalDocsModal,151,OK,0,isOpen onClose title content type,
GlobalModals.jsx,src/components/modals/GlobalModals.jsx,CreatePostModal,159,OK,0,isOpen onClose editMode postData onPostCreated isPlayground,
GlobalModals.jsx,src/components/modals/GlobalModals.jsx,MagicPregoner,169,OK,0,onClose onContentGenerated,
GlobalModals.jsx,src/components/modals/GlobalModals.jsx,CreationHub,177,FANTASMA_BUIT,0,,
GlobalModals.jsx,src/components/modals/GlobalModals.jsx,TranslationModal,179,OK,0,isOpen onClose config,
GlobalModals.jsx,src/components/modals/GlobalModals.jsx,CartManager,185,FANTASMA_BUIT,0,,
HistoryModal.jsx,src/components/modals/HistoryModal.jsx,AnimatePresence,47,OK,3,,
HistoryModal.jsx,src/components/modals/HistoryModal.jsx,div,48,OK,3,,fixed inset-0 z-[100] flex items-center justify-center p-4 bg-black/60 backdrop-blur-sm sm:items-center sm:p-0
HistoryModal.jsx,src/components/modals/HistoryModal.jsx,div,55,OK,5,,flex items-center justify-between p-5 border-b border-[var(--border-master)] bg-gradient-to-r from-[var(--theme-accent-primary)]/10 to-transparent
HistoryModal.jsx,src/components/modals/HistoryModal.jsx,div,56,OK,5,,flex items-center gap-3
HistoryModal.jsx,src/components/modals/HistoryModal.jsx,Clock,57,OK,0,size,text-[var(--theme-accent-primary)]
HistoryModal.jsx,src/components/modals/HistoryModal.jsx,h2,58,OK,1,,text-xl font-black uppercase tracking-tight text-[var(--text-main)]
HistoryModal.jsx,src/components/modals/HistoryModal.jsx,button,60,OK,3,onClick,p-2 bg-[var(--bg-app)] text-[var(--text-muted)] hover:text-white rounded-full transition-colors
HistoryModal.jsx,src/components/modals/HistoryModal.jsx,X,64,OK,0,size,
HistoryModal.jsx,src/components/modals/HistoryModal.jsx,div,68,OK,3,,p-6 overflow-y-auto flex-1
HistoryModal.jsx,src/components/modals/HistoryModal.jsx,div,70,OK,3,,flex items-center justify-center py-10
HistoryModal.jsx,src/components/modals/HistoryModal.jsx,span,71,OK,0,,animate-spin rounded-full h-8 w-8 border-b-2 border-[var(--theme-accent-primary)]
HistoryModal.jsx,src/components/modals/HistoryModal.jsx,div,74,OK,5,,text-center py-10 opacity-60
HistoryModal.jsx,src/components/modals/HistoryModal.jsx,AlertTriangle,75,OK,0,size,mx-auto mb-3
HistoryModal.jsx,src/components/modals/HistoryModal.jsx,p,76,OK,1,,
HistoryModal.jsx,src/components/modals/HistoryModal.jsx,div,79,OK,3,,space-y-4
HistoryModal.jsx,src/components/modals/HistoryModal.jsx,div,89,A11Y_CLICK_SENSE_ROLE,3,key onClick,[Dinàmic]
HistoryModal.jsx,src/components/modals/HistoryModal.jsx,div,98,OK,5,,flex items-start gap-3
HistoryModal.jsx,src/components/modals/HistoryModal.jsx,div,99,OK,3,,mt-1 bg-black/40 p-2 rounded-full
HistoryModal.jsx,src/components/modals/HistoryModal.jsx,Clock,100,OK,0,size,text-[var(--theme-accent-primary)]
HistoryModal.jsx,src/components/modals/HistoryModal.jsx,User,100,OK,0,size,
HistoryModal.jsx,src/components/modals/HistoryModal.jsx,div,102,OK,7,,
HistoryModal.jsx,src/components/modals/HistoryModal.jsx,p,103,OK,5,,font-bold text-[var(--text-main)] flex items-center gap-2
HistoryModal.jsx,src/components/modals/HistoryModal.jsx,span,105,OK,1,,text-[10px] bg-[var(--theme-accent-primary)] text-black px-2 py-0.5 rounded-full uppercase tracking-wider
HistoryModal.jsx,src/components/modals/HistoryModal.jsx,p,107,OK,5,,text-xs text-[var(--text-muted)] line-clamp-1 mt-1
HistoryModal.jsx,src/components/modals/HistoryModal.jsx,p,110,OK,3,,text-xs font-mono text-[var(--text-muted)] opacity-60 mt-2
HistoryModal.jsx,src/components/modals/HistoryModal.jsx,div,122,OK,5,,p-5 border-t border-[var(--border-master)] bg-[var(--bg-panel)] flex justify-end gap-3
HistoryModal.jsx,src/components/modals/HistoryModal.jsx,button,123,OK,1,onClick,px-5 py-2.5 rounded-lg font-bold uppercase tracking-wider text-sm transition-colors hover:bg-white/5
HistoryModal.jsx,src/components/modals/HistoryModal.jsx,button,129,OK,3,onClick disabled,[Dinàmic]
HistoryModal.jsx,src/components/modals/HistoryModal.jsx,RotateCcw,138,OK,0,size,
LegalDocsModal.jsx,src/components/modals/LegalDocsModal.jsx,div,9,A11Y_CLICK_SENSE_ROLE,3,onClick,legal-modal-overlay animate-fade-in
LegalDocsModal.jsx,src/components/modals/LegalDocsModal.jsx,div,10,A11Y_CLICK_SENSE_ROLE,7,onClick,[Dinàmic]
LegalDocsModal.jsx,src/components/modals/LegalDocsModal.jsx,div,11,OK,7,role aria-label,legal-modal-header
LegalDocsModal.jsx,src/components/modals/LegalDocsModal.jsx,div,12,OK,3,,header-icon-badge
LegalDocsModal.jsx,src/components/modals/LegalDocsModal.jsx,Landmark,13,OK,0,size,
LegalDocsModal.jsx,src/components/modals/LegalDocsModal.jsx,ShieldCheck,13,OK,0,size,
LegalDocsModal.jsx,src/components/modals/LegalDocsModal.jsx,div,15,OK,5,,header-text
LegalDocsModal.jsx,src/components/modals/LegalDocsModal.jsx,h2,16,OK,1,,
LegalDocsModal.jsx,src/components/modals/LegalDocsModal.jsx,span,17,OK,3,,official-timestamp
LegalDocsModal.jsx,src/components/modals/LegalDocsModal.jsx,button,21,OK,3,onClick,close-btn
LegalDocsModal.jsx,src/components/modals/LegalDocsModal.jsx,X,22,OK,0,size,
LegalDocsModal.jsx,src/components/modals/LegalDocsModal.jsx,div,26,OK,5,,legal-document-body
LegalDocsModal.jsx,src/components/modals/LegalDocsModal.jsx,div,27,OK,1,,watermark-logo
LegalDocsModal.jsx,src/components/modals/LegalDocsModal.jsx,div,28,OK,3,,doc-scroll-area
LegalDocsModal.jsx,src/components/modals/LegalDocsModal.jsx,div,30,OK,3,,legal-text-content
LegalDocsModal.jsx,src/components/modals/LegalDocsModal.jsx,h1,32,OK,1,key,
LegalDocsModal.jsx,src/components/modals/LegalDocsModal.jsx,h2,33,OK,1,key,
LegalDocsModal.jsx,src/components/modals/LegalDocsModal.jsx,h3,34,OK,1,key,
LegalDocsModal.jsx,src/components/modals/LegalDocsModal.jsx,li,35,OK,1,key,
LegalDocsModal.jsx,src/components/modals/LegalDocsModal.jsx,hr,36,OK,0,key,
LegalDocsModal.jsx,src/components/modals/LegalDocsModal.jsx,p,40,OK,3,key,
LegalDocsModal.jsx,src/components/modals/LegalDocsModal.jsx,strong,41,OK,1,key,
LegalDocsModal.jsx,src/components/modals/LegalDocsModal.jsx,p,45,OK,1,key,
LegalDocsModal.jsx,src/components/modals/LegalDocsModal.jsx,div,49,OK,5,,no-content
LegalDocsModal.jsx,src/components/modals/LegalDocsModal.jsx,FileText,50,OK,0,size opacity,
LegalDocsModal.jsx,src/components/modals/LegalDocsModal.jsx,p,51,OK,1,,
LegalDocsModal.jsx,src/components/modals/LegalDocsModal.jsx,footer,57,OK,5,,legal-modal-footer
LegalDocsModal.jsx,src/components/modals/LegalDocsModal.jsx,div,58,OK,5,,protection-badge
LegalDocsModal.jsx,src/components/modals/LegalDocsModal.jsx,Landmark,59,OK,0,size,
LegalDocsModal.jsx,src/components/modals/LegalDocsModal.jsx,span,60,WRAPPER_INUTIL,1,,
LegalDocsModal.jsx,src/components/modals/LegalDocsModal.jsx,div,62,OK,5,,footer-actions
LegalDocsModal.jsx,src/components/modals/LegalDocsModal.jsx,button,63,OK,5,onClick,legal-utility-btn
LegalDocsModal.jsx,src/components/modals/LegalDocsModal.jsx,Download,64,OK,0,size,
LegalDocsModal.jsx,src/components/modals/LegalDocsModal.jsx,button,66,OK,5,onClick,legal-utility-btn secondary
LegalDocsModal.jsx,src/components/modals/LegalDocsModal.jsx,Globe,67,OK,0,size,
MediaViewerModal.jsx,src/components/modals/MediaViewerModal.jsx,div,139,A11Y_CLICK_SENSE_ROLE,7,onClick,media-viewer-overlay
MediaViewerModal.jsx,src/components/modals/MediaViewerModal.jsx,div,140,A11Y_CLICK_SENSE_ROLE,5,onClick,media-viewer-toolbar
MediaViewerModal.jsx,src/components/modals/MediaViewerModal.jsx,div,141,OK,3,,toolbar-left
MediaViewerModal.jsx,src/components/modals/MediaViewerModal.jsx,span,142,OK,3,,viewer-title
MediaViewerModal.jsx,src/components/modals/MediaViewerModal.jsx,span,142,ESTILS_MESCLATS,5,style,text-[var(--theme-accent-primary)] opacity-80 text-[10px] md:text-sm ml-2 font-mono
MediaViewerModal.jsx,src/components/modals/MediaViewerModal.jsx,div,144,OK,7,,toolbar-right
MediaViewerModal.jsx,src/components/modals/MediaViewerModal.jsx,button,146,OK,3,onClick title,[Dinàmic]
MediaViewerModal.jsx,src/components/modals/MediaViewerModal.jsx,Info,147,OK,0,size strokeWidth,
MediaViewerModal.jsx,src/components/modals/MediaViewerModal.jsx,button,151,OK,3,onClick title,toolbar-btn
MediaViewerModal.jsx,src/components/modals/MediaViewerModal.jsx,Download,152,OK,0,size strokeWidth,
MediaViewerModal.jsx,src/components/modals/MediaViewerModal.jsx,button,155,OK,3,onClick title,toolbar-btn close
MediaViewerModal.jsx,src/components/modals/MediaViewerModal.jsx,X,156,OK,0,size strokeWidth,
MediaViewerModal.jsx,src/components/modals/MediaViewerModal.jsx,div,161,A11Y_CLICK_SENSE_ROLE,9,onClick,media-viewer-content
MediaViewerModal.jsx,src/components/modals/MediaViewerModal.jsx,button,163,OK,3,onClick title aria-label,nav-arrow nav-left
MediaViewerModal.jsx,src/components/modals/MediaViewerModal.jsx,ChevronLeft,164,OK,0,size,
MediaViewerModal.jsx,src/components/modals/MediaViewerModal.jsx,div,168,OK,9,,viewer-main-media-container relative h-full w-full flex items-center justify-center
MediaViewerModal.jsx,src/components/modals/MediaViewerModal.jsx,img,170,OK,0,src alt draggable onError onDragStart,viewer-main-media
MediaViewerModal.jsx,src/components/modals/MediaViewerModal.jsx,div,183,OK,7,,viewer-main-media flex items-center justify-center bg-[var(--theme-surface-sunken)] flex-col text-[var(--theme-text-muted)] p-8 text-center rounded-2xl w-full h-full min-h-[300px] max-w-lg mx-auto
MediaViewerModal.jsx,src/components/modals/MediaViewerModal.jsx,ImageOff,184,OK,0,size,mb-4 opacity-50
MediaViewerModal.jsx,src/components/modals/MediaViewerModal.jsx,p,185,OK,1,,font-bold text-lg
MediaViewerModal.jsx,src/components/modals/MediaViewerModal.jsx,p,186,OK,1,,text-sm mt-1 opacity-80
MediaViewerModal.jsx,src/components/modals/MediaViewerModal.jsx,div,192,CSS_EXCESSIU,7,,exif-info-panel absolute right-0 top-0 bottom-0 bg-black/80 backdrop-blur-md p-6 overflow-y-auto w-full md:w-80 text-white border-l border-white/10 animate-fade-in z-20
MediaViewerModal.jsx,src/components/modals/MediaViewerModal.jsx,h3,193,OK,3,,text-xl font-bold mb-4 flex items-center gap-2 border-b border-white/20 pb-2
MediaViewerModal.jsx,src/components/modals/MediaViewerModal.jsx,Info,194,OK,0,size,
MediaViewerModal.jsx,src/components/modals/MediaViewerModal.jsx,div,198,OK,5,,mb-6 bg-white/10 p-3 rounded-lg
MediaViewerModal.jsx,src/components/modals/MediaViewerModal.jsx,h4,199,OK,1,,text-xs uppercase tracking-wider text-white/50 mb-1
MediaViewerModal.jsx,src/components/modals/MediaViewerModal.jsx,p,200,OK,1,,text-sm
MediaViewerModal.jsx,src/components/modals/MediaViewerModal.jsx,div,205,OK,1,,text-center py-8 text-white/60 animate-pulse
MediaViewerModal.jsx,src/components/modals/MediaViewerModal.jsx,div,207,OK,11,,space-y-4
MediaViewerModal.jsx,src/components/modals/MediaViewerModal.jsx,div,209,OK,5,,exif-group bg-white/5 p-3 rounded-lg
MediaViewerModal.jsx,src/components/modals/MediaViewerModal.jsx,h4,210,OK,1,,text-xs uppercase tracking-wider text-white/50 mb-1
MediaViewerModal.jsx,src/components/modals/MediaViewerModal.jsx,p,211,OK,3,,font-mono text-sm
MediaViewerModal.jsx,src/components/modals/MediaViewerModal.jsx,div,216,OK,5,,exif-group bg-white/5 p-3 rounded-lg
MediaViewerModal.jsx,src/components/modals/MediaViewerModal.jsx,h4,217,OK,1,,text-xs uppercase tracking-wider text-white/50 mb-1
MediaViewerModal.jsx,src/components/modals/MediaViewerModal.jsx,div,218,OK,9,,grid grid-cols-2 gap-2 text-sm font-mono
MediaViewerModal.jsx,src/components/modals/MediaViewerModal.jsx,div,219,OK,3,,
MediaViewerModal.jsx,src/components/modals/MediaViewerModal.jsx,div,220,OK,2,,
MediaViewerModal.jsx,src/components/modals/MediaViewerModal.jsx,div,221,OK,2,,
MediaViewerModal.jsx,src/components/modals/MediaViewerModal.jsx,div,222,OK,3,,
MediaViewerModal.jsx,src/components/modals/MediaViewerModal.jsx,div,228,OK,5,,exif-group bg-white/5 p-3 rounded-lg
MediaViewerModal.jsx,src/components/modals/MediaViewerModal.jsx,h4,229,OK,1,,text-xs uppercase tracking-wider text-white/50 mb-1
MediaViewerModal.jsx,src/components/modals/MediaViewerModal.jsx,p,230,OK,1,,font-mono text-sm
MediaViewerModal.jsx,src/components/modals/MediaViewerModal.jsx,details,235,OK,5,,mt-4 border-t border-white/10 pt-4
MediaViewerModal.jsx,src/components/modals/MediaViewerModal.jsx,summary,236,OK,1,,text-sm text-white/70 cursor-pointer hover:text-white
MediaViewerModal.jsx,src/components/modals/MediaViewerModal.jsx,div,237,OK,3,,mt-2 text-xs font-mono text-white/50 break-all bg-black/40 p-2 rounded h-32 overflow-y-auto
MediaViewerModal.jsx,src/components/modals/MediaViewerModal.jsx,div,247,OK,3,,text-center py-8 text-white/60
MediaViewerModal.jsx,src/components/modals/MediaViewerModal.jsx,p,248,OK,1,,
MediaViewerModal.jsx,src/components/modals/MediaViewerModal.jsx,button,256,OK,3,onClick title aria-label,nav-arrow nav-right
MediaViewerModal.jsx,src/components/modals/MediaViewerModal.jsx,ChevronRight,257,OK,0,size,
MediaViewerModal.jsx,src/components/modals/MediaViewerModal.jsx,iframe,262,OK,0,src allowFullScreen loading referrerPolicy title,viewer-main-iframe
MediaViewerModal.jsx,src/components/modals/MediaViewerModal.jsx,div,273,A11Y_CLICK_SENSE_ROLE,3,onClick,media-viewer-footer
ProfileSettingsModal.jsx,src/components/modals/ProfileSettingsModal.jsx,div,215,OK,9,,fixed inset-0 z-50 flex items-center justify-center p-4
ProfileSettingsModal.jsx,src/components/modals/ProfileSettingsModal.jsx,div,216,A11Y_CLICK_SENSE_ROLE,0,onClick,absolute inset-0 bg-black/60 backdrop-blur-sm
ProfileSettingsModal.jsx,src/components/modals/ProfileSettingsModal.jsx,div,217,OK,7,ref tabIndex,bg-theme-panel border border-[var(--border-master)] rounded-[28px] w-full max-w-md relative z-10 overflow-hidden flex flex-col max-h-[90vh] outline-none
ProfileSettingsModal.jsx,src/components/modals/ProfileSettingsModal.jsx,div,222,OK,5,role aria-label,flex items-center justify-between p-6 border-b border-[var(--border-master)]
ProfileSettingsModal.jsx,src/components/modals/ProfileSettingsModal.jsx,h2,223,OK,1,,text-xl font-black uppercase tracking-widest text-[var(--theme-accent-primary)]
ProfileSettingsModal.jsx,src/components/modals/ProfileSettingsModal.jsx,button,224,OK,3,onClick,p-2 bg-white/5 rounded-full hover:bg-white/10 transition-colors
ProfileSettingsModal.jsx,src/components/modals/ProfileSettingsModal.jsx,X,225,OK,0,size,
ProfileSettingsModal.jsx,src/components/modals/ProfileSettingsModal.jsx,div,229,OK,25,,p-6 overflow-y-auto flex-1 flex flex-col gap-8
ProfileSettingsModal.jsx,src/components/modals/ProfileSettingsModal.jsx,div,231,OK,9,,space-y-4
ProfileSettingsModal.jsx,src/components/modals/ProfileSettingsModal.jsx,div,232,OK,5,,flex items-center gap-2 mb-4
ProfileSettingsModal.jsx,src/components/modals/ProfileSettingsModal.jsx,User,233,OK,0,size,text-[var(--theme-accent-primary)]
ProfileSettingsModal.jsx,src/components/modals/ProfileSettingsModal.jsx,h3,234,OK,1,,font-bold uppercase tracking-wider text-sm
ProfileSettingsModal.jsx,src/components/modals/ProfileSettingsModal.jsx,div,238,OK,17,,relative w-full h-32 rounded-2xl bg-black/40 overflow-visible border border-white/10 mb-10 mt-6 group/cover
ProfileSettingsModal.jsx,src/components/modals/ProfileSettingsModal.jsx,img,240,ESTILS_MESCLATS,0,src alt style,w-full h-full object-cover opacity-60 rounded-2xl
ProfileSettingsModal.jsx,src/components/modals/ProfileSettingsModal.jsx,div,247,A11Y_CLICK_SENSE_ROLE,3,onClick,w-full h-full flex items-center justify-center rounded-2xl cursor-pointer
ProfileSettingsModal.jsx,src/components/modals/ProfileSettingsModal.jsx,ImageIcon,248,OK,0,size,text-white/20
ProfileSettingsModal.jsx,src/components/modals/ProfileSettingsModal.jsx,div,253,OK,3,,absolute top-2 right-2 flex flex-col gap-2 opacity-0 group-hover/cover:opacity-100 transition-opacity z-20
ProfileSettingsModal.jsx,src/components/modals/ProfileSettingsModal.jsx,button,254,OK,3,title onClick,bg-black/80 p-2 rounded-full shadow-xl hover:bg-[var(--theme-accent-primary)] transition-colors
ProfileSettingsModal.jsx,src/components/modals/ProfileSettingsModal.jsx,Camera,255,OK,0,size,
ProfileSettingsModal.jsx,src/components/modals/ProfileSettingsModal.jsx,div,261,OK,5,,absolute inset-0 flex flex-col items-center justify-center opacity-0 group-hover/cover:opacity-100 transition-opacity pointer-events-none
ProfileSettingsModal.jsx,src/components/modals/ProfileSettingsModal.jsx,span,262,OK,1,,bg-black/80 px-4 py-2 rounded-full text-xs font-bold uppercase tracking-widest text-[var(--theme-accent-primary)] shadow-xl backdrop-blur-sm border border-white/20 mb-2
ProfileSettingsModal.jsx,src/components/modals/ProfileSettingsModal.jsx,input,263,OK,0,type min max value onChange title,w-32 h-2 rounded-xl accent-[var(--theme-accent-primary)] pointer-events-auto
ProfileSettingsModal.jsx,src/components/modals/ProfileSettingsModal.jsx,input,274,OK,0,type accept onChange,hidden
ProfileSettingsModal.jsx,src/components/modals/ProfileSettingsModal.jsx,div,277,A11Y_CLICK_SENSE_ROLE,3,onClick,absolute -bottom-8 left-6 z-30
ProfileSettingsModal.jsx,src/components/modals/ProfileSettingsModal.jsx,div,278,CSS_EXCESSIU,7,,relative w-24 h-24 rounded-[50%] border-[3px] border-solid border-[var(--bg-master)] overflow-hidden bg-gray-900 group/avatar cursor-pointer shadow-xl isolate aspect-square flex items-center justify-center
ProfileSettingsModal.jsx,src/components/modals/ProfileSettingsModal.jsx,img,280,ESTILS_MESCLATS,0,src alt style,w-full h-full object-cover group-hover/avatar:opacity-50 transition-opacity rounded-[50%] block aspect-square
ProfileSettingsModal.jsx,src/components/modals/ProfileSettingsModal.jsx,div,282,OK,3,,w-full h-full flex items-center justify-center bg-gray-800
ProfileSettingsModal.jsx,src/components/modals/ProfileSettingsModal.jsx,User,283,OK,0,size,text-gray-400
ProfileSettingsModal.jsx,src/components/modals/ProfileSettingsModal.jsx,div,286,OK,3,,absolute inset-0 flex items-center justify-center opacity-0 group-hover/avatar:opacity-100 transition-opacity
ProfileSettingsModal.jsx,src/components/modals/ProfileSettingsModal.jsx,Camera,287,OK,0,size,text-white drop-shadow-md
ProfileSettingsModal.jsx,src/components/modals/ProfileSettingsModal.jsx,input,289,OK,0,type accept onChange,hidden
ProfileSettingsModal.jsx,src/components/modals/ProfileSettingsModal.jsx,div,294,OK,5,,space-y-4 pt-2
ProfileSettingsModal.jsx,src/components/modals/ProfileSettingsModal.jsx,div,295,OK,5,,
ProfileSettingsModal.jsx,src/components/modals/ProfileSettingsModal.jsx,label,296,OK,1,,block text-[10px] font-bold text-gray-500 uppercase tracking-widest mb-1 ml-1
ProfileSettingsModal.jsx,src/components/modals/ProfileSettingsModal.jsx,input,297,OK,0,type value onChange placeholder,w-full bg-black/40 border border-white/10 rounded-xl px-4 py-3 text-white placeholder-gray-600 focus:outline-none focus:border-[var(--theme-accent-primary)]/50 focus:ring-1 focus:ring-[var(--theme-accent-primary)]/50 transition-all font-bold
ProfileSettingsModal.jsx,src/components/modals/ProfileSettingsModal.jsx,div,305,OK,5,,
ProfileSettingsModal.jsx,src/components/modals/ProfileSettingsModal.jsx,label,306,OK,1,,block text-[10px] font-bold text-gray-500 uppercase tracking-widest mb-1 ml-1
ProfileSettingsModal.jsx,src/components/modals/ProfileSettingsModal.jsx,textarea,307,CSS_EXCESSIU,0,value onChange placeholder,w-full bg-black/40 border border-white/10 rounded-xl px-4 py-3 text-white placeholder-gray-600 focus:outline-none focus:border-[var(--theme-accent-primary)]/50 focus:ring-1 focus:ring-[var(--theme-accent-primary)]/50 transition-all resize-none h-24 text-sm
ProfileSettingsModal.jsx,src/components/modals/ProfileSettingsModal.jsx,div,317,OK,0,,h-px w-full bg-white/5 my-0
ProfileSettingsModal.jsx,src/components/modals/ProfileSettingsModal.jsx,div,319,OK,3,,w-full
ProfileSettingsModal.jsx,src/components/modals/ProfileSettingsModal.jsx,LanguageSelector,320,OK,0,variant,
ProfileSettingsModal.jsx,src/components/modals/ProfileSettingsModal.jsx,div,324,OK,11,,space-y-4
ProfileSettingsModal.jsx,src/components/modals/ProfileSettingsModal.jsx,div,325,OK,5,,flex items-center gap-2 mb-2
ProfileSettingsModal.jsx,src/components/modals/ProfileSettingsModal.jsx,MapPin,326,OK,0,size,text-[var(--theme-accent-primary)]
ProfileSettingsModal.jsx,src/components/modals/ProfileSettingsModal.jsx,h3,327,OK,1,,font-bold uppercase tracking-wider text-sm
ProfileSettingsModal.jsx,src/components/modals/ProfileSettingsModal.jsx,div,331,OK,5,,bg-white/5 border border-white/10 rounded-2xl p-4
ProfileSettingsModal.jsx,src/components/modals/ProfileSettingsModal.jsx,p,332,OK,5,,text-xs text-gray-400 uppercase tracking-widest mb-2 flex justify-between
ProfileSettingsModal.jsx,src/components/modals/ProfileSettingsModal.jsx,span,333,WRAPPER_INUTIL,1,,
ProfileSettingsModal.jsx,src/components/modals/ProfileSettingsModal.jsx,span,334,OK,1,,text-[var(--theme-accent-primary)]
ProfileSettingsModal.jsx,src/components/modals/ProfileSettingsModal.jsx,div,336,A11Y_CLICK_SENSE_ROLE,5,onClick,flex justify-between items-center cursor-pointer hover:bg-white/5 p-2 -mx-2 rounded-xl transition-all
ProfileSettingsModal.jsx,src/components/modals/ProfileSettingsModal.jsx,span,340,OK,1,,font-bold text-lg
ProfileSettingsModal.jsx,src/components/modals/ProfileSettingsModal.jsx,span,341,OK,1,,text-xs bg-[var(--theme-accent-primary)]/20 text-[var(--theme-accent-primary)] px-2 py-1 rounded-full uppercase font-black
ProfileSettingsModal.jsx,src/components/modals/ProfileSettingsModal.jsx,div,346,OK,5,,bg-white/5 border border-white/10 rounded-2xl p-4
ProfileSettingsModal.jsx,src/components/modals/ProfileSettingsModal.jsx,p,347,OK,1,,text-xs text-gray-400 uppercase tracking-widest mb-2
ProfileSettingsModal.jsx,src/components/modals/ProfileSettingsModal.jsx,div,350,OK,5,,space-y-2
ProfileSettingsModal.jsx,src/components/modals/ProfileSettingsModal.jsx,div,354,OK,5,key,flex justify-between items-center bg-black/40 p-3 rounded-xl border border-white/5 shadow-inner
ProfileSettingsModal.jsx,src/components/modals/ProfileSettingsModal.jsx,div,355,OK,5,,flex items-center gap-3
ProfileSettingsModal.jsx,src/components/modals/ProfileSettingsModal.jsx,div,356,OK,3,,w-8 h-8 rounded-full bg-[var(--theme-accent-primary)]/10 text-[var(--theme-accent-primary)] flex items-center justify-center font-black text-xs
ProfileSettingsModal.jsx,src/components/modals/ProfileSettingsModal.jsx,span,359,OK,1,,text-sm font-bold text-theme-text
ProfileSettingsModal.jsx,src/components/modals/ProfileSettingsModal.jsx,button,361,OK,3,onClick title,text-red-400 hover:bg-red-500/10 p-2 rounded-lg transition-colors
ProfileSettingsModal.jsx,src/components/modals/ProfileSettingsModal.jsx,X,370,OK,0,size,
ProfileSettingsModal.jsx,src/components/modals/ProfileSettingsModal.jsx,button,376,CSS_EXCESSIU,3,onClick,w-full flex items-center justify-center gap-2 py-3 border border-dashed border-white/20 rounded-xl text-gray-400 hover:text-white hover:border-white/40 transition-all text-sm font-bold hover:bg-white/5 mt-2
ProfileSettingsModal.jsx,src/components/modals/ProfileSettingsModal.jsx,Plus,380,OK,0,size,
ProfileSettingsModal.jsx,src/components/modals/ProfileSettingsModal.jsx,div,389,OK,3,,space-y-4 pt-6 border-t border-[var(--border-master)]
ProfileSettingsModal.jsx,src/components/modals/ProfileSettingsModal.jsx,div,390,OK,3,,bg-white/5 border border-white/10 rounded-2xl p-4
ProfileSettingsModal.jsx,src/components/modals/ProfileSettingsModal.jsx,div,391,OK,5,,flex justify-between items-center mb-2
ProfileSettingsModal.jsx,src/components/modals/ProfileSettingsModal.jsx,div,392,OK,5,,
ProfileSettingsModal.jsx,src/components/modals/ProfileSettingsModal.jsx,h4,393,OK,1,,text-sm font-bold uppercase tracking-wider text-[var(--theme-accent-primary)] mb-1
ProfileSettingsModal.jsx,src/components/modals/ProfileSettingsModal.jsx,p,394,OK,1,,text-xs text-gray-400
ProfileSettingsModal.jsx,src/components/modals/ProfileSettingsModal.jsx,label,396,OK,5,,relative inline-flex items-center cursor-pointer flex-shrink-0
ProfileSettingsModal.jsx,src/components/modals/ProfileSettingsModal.jsx,input,397,OK,0,type checked onChange,sr-only peer
ProfileSettingsModal.jsx,src/components/modals/ProfileSettingsModal.jsx,div,406,CSS_EXCESSIU,0,,w-11 h-6 bg-gray-700 peer-focus:outline-none rounded-full peer peer-checked:after:translate-x-full peer-checked:after:border-white after:content-[''] after:absolute after:top-[2px] after:left-[2px] after:bg-white after:border-gray-300 after:border after:rounded-full after:h-5 after:w-5 after:transition-all peer-checked:bg-[var(--theme-accent-primary)]
ProfileSettingsModal.jsx,src/components/modals/ProfileSettingsModal.jsx,div,413,OK,5,,space-y-4 pt-6 border-t border-[var(--border-master)]
ProfileSettingsModal.jsx,src/components/modals/ProfileSettingsModal.jsx,div,414,OK,5,,flex items-center gap-2 mb-2
ProfileSettingsModal.jsx,src/components/modals/ProfileSettingsModal.jsx,ShieldAlert,415,OK,0,size,text-red-500
ProfileSettingsModal.jsx,src/components/modals/ProfileSettingsModal.jsx,h3,416,OK,1,,font-bold uppercase tracking-wider text-sm text-red-500
ProfileSettingsModal.jsx,src/components/modals/ProfileSettingsModal.jsx,div,418,OK,5,,bg-red-500/10 border border-red-500/20 rounded-2xl p-4
ProfileSettingsModal.jsx,src/components/modals/ProfileSettingsModal.jsx,p,419,OK,3,,text-[11px] font-medium text-gray-300 mb-4 leading-relaxed
ProfileSettingsModal.jsx,src/components/modals/ProfileSettingsModal.jsx,strong,420,OK,1,,text-red-400
ProfileSettingsModal.jsx,src/components/modals/ProfileSettingsModal.jsx,button,423,OK,1,onClick,w-full py-3 bg-black/60 border border-red-500/30 text-red-500 font-bold uppercase tracking-wider rounded-xl hover:bg-red-500/20 transition-all text-sm
ProfileSettingsModal.jsx,src/components/modals/ProfileSettingsModal.jsx,div,430,OK,5,,space-y-3 bg-red-950/40 p-3 rounded-xl border border-red-500/30 animate-in fade-in slide-in-from-bottom-2 duration-300
ProfileSettingsModal.jsx,src/components/modals/ProfileSettingsModal.jsx,p,431,OK,1,,text-sm font-black text-red-400 uppercase tracking-widest text-center mb-1
ProfileSettingsModal.jsx,src/components/modals/ProfileSettingsModal.jsx,div,432,OK,5,,flex gap-2
ProfileSettingsModal.jsx,src/components/modals/ProfileSettingsModal.jsx,button,433,CSS_EXCESSIU,3,onClick disabled,flex-1 py-3 bg-red-600 hover:bg-red-700 text-white font-bold uppercase tracking-wider rounded-lg transition-all flex items-center justify-center gap-2 text-xs h-12
ProfileSettingsModal.jsx,src/components/modals/ProfileSettingsModal.jsx,Loader2,438,OK,0,size,animate-spin
ProfileSettingsModal.jsx,src/components/modals/ProfileSettingsModal.jsx,button,440,OK,1,onClick disabled,flex-1 py-3 bg-white/10 hover:bg-white/20 text-white font-bold uppercase tracking-wider rounded-lg transition-all text-xs h-12
ProfileSettingsModal.jsx,src/components/modals/ProfileSettingsModal.jsx,div,455,OK,0,,h-px w-full bg-emerald-500/20 my-2
ProfileSettingsModal.jsx,src/components/modals/ProfileSettingsModal.jsx,div,457,OK,5,,space-y-4 mb-8
ProfileSettingsModal.jsx,src/components/modals/ProfileSettingsModal.jsx,div,458,OK,5,,flex items-center gap-3 mb-6
ProfileSettingsModal.jsx,src/components/modals/ProfileSettingsModal.jsx,Beaker,459,OK,0,size,text-emerald-400
ProfileSettingsModal.jsx,src/components/modals/ProfileSettingsModal.jsx,h3,460,OK,1,,font-extrabold uppercase tracking-widest text-[#10b981] drop-shadow-[0_0_8px_rgba(16;185;129;0.8)]
ProfileSettingsModal.jsx,src/components/modals/ProfileSettingsModal.jsx,div,465,OK,11,,bg-[#052e16]/40 border border-[#10b981]/30 rounded-3xl p-6 relative overflow-hidden group
ProfileSettingsModal.jsx,src/components/modals/ProfileSettingsModal.jsx,div,467,OK,0,,absolute inset-0 bg-[url('/assets/patterns/noise.png')] opacity-10 mix-blend-overlay pointer-events-none
ProfileSettingsModal.jsx,src/components/modals/ProfileSettingsModal.jsx,div,468,OK,0,,absolute -inset-x-full top-0 h-px bg-gradient-to-r from-transparent via-[#10b981]/50 to-transparent group-hover:animate-[shimmer_2s_infinite]
ProfileSettingsModal.jsx,src/components/modals/ProfileSettingsModal.jsx,div,470,OK,5,,flex items-start gap-3 mb-6
ProfileSettingsModal.jsx,src/components/modals/ProfileSettingsModal.jsx,ShieldAlert,471,OK,0,size,text-emerald-500 mt-1 flex-shrink-0
ProfileSettingsModal.jsx,src/components/modals/ProfileSettingsModal.jsx,div,472,OK,5,,
ProfileSettingsModal.jsx,src/components/modals/ProfileSettingsModal.jsx,p,473,OK,1,,text-emerald-400 text-sm font-bold uppercase tracking-widest
ProfileSettingsModal.jsx,src/components/modals/ProfileSettingsModal.jsx,p,474,OK,1,,text-xs text-emerald-600/80 uppercase font-mono mt-1
ProfileSettingsModal.jsx,src/components/modals/ProfileSettingsModal.jsx,div,478,OK,5,,space-y-3 relative z-10 w-full
ProfileSettingsModal.jsx,src/components/modals/ProfileSettingsModal.jsx,button,479,OK,5,onClick,w-full flex items-center justify-between gap-3 p-4 bg-black/60 border border-emerald-500/20 hover:border-emerald-500/50 hover:bg-emerald-950/40 rounded-2xl transition-all
ProfileSettingsModal.jsx,src/components/modals/ProfileSettingsModal.jsx,div,487,OK,5,,flex items-center gap-3
ProfileSettingsModal.jsx,src/components/modals/ProfileSettingsModal.jsx,Terminal,488,OK,0,size,text-emerald-500
ProfileSettingsModal.jsx,src/components/modals/ProfileSettingsModal.jsx,span,489,OK,1,,text-sm text-emerald-100 font-bold uppercase tracking-wider
ProfileSettingsModal.jsx,src/components/modals/ProfileSettingsModal.jsx,span,491,OK,1,,text-[10px] bg-emerald-500/20 text-emerald-400 px-3 py-1 rounded-full uppercase font-black animate-pulse
ProfileSettingsModal.jsx,src/components/modals/ProfileSettingsModal.jsx,button,496,OK,3,,w-full flex items-center justify-between gap-3 p-4 bg-black/60 border border-red-500/20 hover:border-red-500/50 hover:bg-red-950/40 rounded-2xl transition-all opacity-80 hover:opacity-100
ProfileSettingsModal.jsx,src/components/modals/ProfileSettingsModal.jsx,div,497,OK,5,,flex items-center gap-3
ProfileSettingsModal.jsx,src/components/modals/ProfileSettingsModal.jsx,ShieldAlert,498,OK,0,size,text-red-500
ProfileSettingsModal.jsx,src/components/modals/ProfileSettingsModal.jsx,span,499,OK,1,,text-sm text-red-100 font-bold uppercase tracking-wider
ProfileSettingsModal.jsx,src/components/modals/ProfileSettingsModal.jsx,div,509,OK,3,,p-6 border-t border-[var(--border-master)] bg-black/40
ProfileSettingsModal.jsx,src/components/modals/ProfileSettingsModal.jsx,button,510,OK,3,onClick disabled,w-full bg-[#F97316] hover:opacity-90 text-white font-black uppercase tracking-widest py-4 rounded-[20px] transition-all flex items-center justify-center gap-2
ProfileSettingsModal.jsx,src/components/modals/ProfileSettingsModal.jsx,Loader2,515,OK,0,size,animate-spin
ProfileSettingsModal.jsx,src/components/modals/ProfileSettingsModal.jsx,TownSelectorModal,521,OK,0,isOpen onClose onSelect,
ProfileStudioModal.jsx,src/components/modals/ProfileStudioModal.jsx,div,35,OK,5,,studio-overlay
ProfileStudioModal.jsx,src/components/modals/ProfileStudioModal.jsx,div,36,OK,7,,studio-content
ProfileStudioModal.jsx,src/components/modals/ProfileStudioModal.jsx,div,37,OK,5,role aria-label,studio-header
ProfileStudioModal.jsx,src/components/modals/ProfileStudioModal.jsx,div,38,OK,5,,header-title
ProfileStudioModal.jsx,src/components/modals/ProfileStudioModal.jsx,ImageIcon,39,OK,0,size,title-icon
ProfileStudioModal.jsx,src/components/modals/ProfileStudioModal.jsx,h3,40,OK,1,,
ProfileStudioModal.jsx,src/components/modals/ProfileStudioModal.jsx,button,42,OK,1,onClick,close-btn
ProfileStudioModal.jsx,src/components/modals/ProfileStudioModal.jsx,X,42,OK,0,size,
ProfileStudioModal.jsx,src/components/modals/ProfileStudioModal.jsx,div,45,OK,13,,studio-body
ProfileStudioModal.jsx,src/components/modals/ProfileStudioModal.jsx,div,46,OK,3,,studio-advice alzina-blindatge
ProfileStudioModal.jsx,src/components/modals/ProfileStudioModal.jsx,p,47,OK,3,,
ProfileStudioModal.jsx,src/components/modals/ProfileStudioModal.jsx,strong,47,OK,1,,
ProfileStudioModal.jsx,src/components/modals/ProfileStudioModal.jsx,div,50,OK,5,,studio-section
ProfileStudioModal.jsx,src/components/modals/ProfileStudioModal.jsx,div,51,OK,5,,section-header
ProfileStudioModal.jsx,src/components/modals/ProfileStudioModal.jsx,h4,52,OK,1,,
ProfileStudioModal.jsx,src/components/modals/ProfileStudioModal.jsx,span,53,OK,1,,aspect-badge
ProfileStudioModal.jsx,src/components/modals/ProfileStudioModal.jsx,IconPicker,55,OK,0,currentIcon onSelect,
ProfileStudioModal.jsx,src/components/modals/ProfileStudioModal.jsx,div,62,OK,7,,studio-section
ProfileStudioModal.jsx,src/components/modals/ProfileStudioModal.jsx,div,63,OK,5,,section-header
ProfileStudioModal.jsx,src/components/modals/ProfileStudioModal.jsx,h4,64,OK,1,,
ProfileStudioModal.jsx,src/components/modals/ProfileStudioModal.jsx,span,65,OK,1,,aspect-badge
ProfileStudioModal.jsx,src/components/modals/ProfileStudioModal.jsx,div,67,OK,5,,cover-studio-section
ProfileStudioModal.jsx,src/components/modals/ProfileStudioModal.jsx,div,68,A11Y_CLICK_SENSE_ROLE | ESTILS_MESCLATS,7,onClick title style,studio-preview cover-preview group/cover
ProfileStudioModal.jsx,src/components/modals/ProfileStudioModal.jsx,img,75,OK,0,src alt style,
ProfileStudioModal.jsx,src/components/modals/ProfileStudioModal.jsx,div,81,OK,5,,empty-preview
ProfileStudioModal.jsx,src/components/modals/ProfileStudioModal.jsx,ImageIcon,82,OK,0,size style,
ProfileStudioModal.jsx,src/components/modals/ProfileStudioModal.jsx,span,83,WRAPPER_INUTIL,1,,
ProfileStudioModal.jsx,src/components/modals/ProfileStudioModal.jsx,div,89,OK,5,,absolute inset-0 flex flex-col items-center justify-center opacity-0 group-hover/cover:opacity-100 transition-opacity pointer-events-none z-dropdown bg-black/60
ProfileStudioModal.jsx,src/components/modals/ProfileStudioModal.jsx,span,90,OK,1,,bg-black/90 px-4 py-2 rounded-full text-[10px] font-bold uppercase tracking-widest text-[#F97316] shadow-xl backdrop-blur-sm border border-[#F97316]/50 mb-3
ProfileStudioModal.jsx,src/components/modals/ProfileStudioModal.jsx,input,91,OK,0,type min max value onChange title,w-48 h-2 rounded-xl accent-[#F97316] pointer-events-auto
ProfileStudioModal.jsx,src/components/modals/ProfileStudioModal.jsx,div,103,OK,7,,studio-action-bar items-center
ProfileStudioModal.jsx,src/components/modals/ProfileStudioModal.jsx,button,104,OK,5,onClick disabled title,studio-btn primary alzina-upload-btn
ProfileStudioModal.jsx,src/components/modals/ProfileStudioModal.jsx,Loader2,110,OK,0,size,animate-spin
ProfileStudioModal.jsx,src/components/modals/ProfileStudioModal.jsx,ImageIcon,110,OK,0,size,
ProfileStudioModal.jsx,src/components/modals/ProfileStudioModal.jsx,span,111,WRAPPER_INUTIL,1,,
ProfileStudioModal.jsx,src/components/modals/ProfileStudioModal.jsx,button,113,OK,5,onClick disabled,studio-btn primary-batec
ProfileStudioModal.jsx,src/components/modals/ProfileStudioModal.jsx,Camera,118,OK,0,size,
ProfileStudioModal.jsx,src/components/modals/ProfileStudioModal.jsx,span,119,WRAPPER_INUTIL,1,,
ProfileStudioModal.jsx,src/components/modals/ProfileStudioModal.jsx,button,121,OK,5,onClick disabled,studio-btn primary light
ProfileStudioModal.jsx,src/components/modals/ProfileStudioModal.jsx,ImageIcon,126,OK,0,size,
ProfileStudioModal.jsx,src/components/modals/ProfileStudioModal.jsx,span,127,WRAPPER_INUTIL,1,,
ProfileStudioModal.jsx,src/components/modals/ProfileStudioModal.jsx,input,131,OK,0,type ref onChange style accept,
ProfileStudioModal.jsx,src/components/modals/ProfileStudioModal.jsx,div,141,OK,7,,studio-section
ProfileStudioModal.jsx,src/components/modals/ProfileStudioModal.jsx,div,142,OK,5,,section-header
ProfileStudioModal.jsx,src/components/modals/ProfileStudioModal.jsx,h4,143,OK,1,,
ProfileStudioModal.jsx,src/components/modals/ProfileStudioModal.jsx,span,144,OK,1,,aspect-badge
ProfileStudioModal.jsx,src/components/modals/ProfileStudioModal.jsx,div,146,OK,5,,avatar-studio-section
ProfileStudioModal.jsx,src/components/modals/ProfileStudioModal.jsx,div,147,A11Y_CLICK_SENSE_ROLE | ESTILS_MESCLATS,3,onClick title style,avatar-studio-preview
ProfileStudioModal.jsx,src/components/modals/ProfileStudioModal.jsx,div,153,OK,3,,avatar-big-preview
ProfileStudioModal.jsx,src/components/modals/ProfileStudioModal.jsx,img,155,OK,0,src alt,
ProfileStudioModal.jsx,src/components/modals/ProfileStudioModal.jsx,div,157,OK,3,,avatar-placeholder
ProfileStudioModal.jsx,src/components/modals/ProfileStudioModal.jsx,User,158,OK,0,size color,
ProfileStudioModal.jsx,src/components/modals/ProfileStudioModal.jsx,div,164,OK,7,,studio-action-bar items-center
ProfileStudioModal.jsx,src/components/modals/ProfileStudioModal.jsx,button,165,OK,5,onClick disabled,studio-btn primary alzina-upload-btn
ProfileStudioModal.jsx,src/components/modals/ProfileStudioModal.jsx,Loader2,170,OK,0,size,animate-spin
ProfileStudioModal.jsx,src/components/modals/ProfileStudioModal.jsx,ImageIcon,170,OK,0,size,
ProfileStudioModal.jsx,src/components/modals/ProfileStudioModal.jsx,span,171,WRAPPER_INUTIL,1,,
ProfileStudioModal.jsx,src/components/modals/ProfileStudioModal.jsx,button,173,OK,5,onClick disabled,studio-btn primary-batec
ProfileStudioModal.jsx,src/components/modals/ProfileStudioModal.jsx,Camera,178,OK,0,size,
ProfileStudioModal.jsx,src/components/modals/ProfileStudioModal.jsx,span,179,WRAPPER_INUTIL,1,,
ProfileStudioModal.jsx,src/components/modals/ProfileStudioModal.jsx,button,181,OK,5,onClick disabled,studio-btn primary light
ProfileStudioModal.jsx,src/components/modals/ProfileStudioModal.jsx,ImageIcon,186,OK,0,size,
ProfileStudioModal.jsx,src/components/modals/ProfileStudioModal.jsx,span,187,WRAPPER_INUTIL,1,,
ProfileStudioModal.jsx,src/components/modals/ProfileStudioModal.jsx,input,191,OK,0,type ref onChange style accept,
ProfileStudioModal.jsx,src/components/modals/ProfileStudioModal.jsx,footer,201,OK,3,,studio-footer
ProfileStudioModal.jsx,src/components/modals/ProfileStudioModal.jsx,button,202,OK,1,onClick,done-btn
ProfileStudioModal.jsx,src/components/modals/ProfileStudioModal.jsx,CaptureStudio,206,OK,0,isOpen onClose onCapture mode,
TownSelectorModal.jsx,src/components/modals/TownSelectorModal.jsx,div,149,CSS_EXCESSIU,7,,fixed inset-0 z-modal bg-theme-base md:absolute md:inset-0 md:bg-theme-panel md:backdrop-blur-3xl flex flex-col animate-in slide-in-from-bottom-4 duration-300 font-sans text-theme-text overflow-hidden
TownSelectorModal.jsx,src/components/modals/TownSelectorModal.jsx,div,151,OK,5,role aria-label,px-6 pt-12 pb-4 md:pt-8 flex flex-col gap-4 border-b border-[var(--border-master)] shrink-0
TownSelectorModal.jsx,src/components/modals/TownSelectorModal.jsx,div,152,OK,5,,flex justify-between items-start
TownSelectorModal.jsx,src/components/modals/TownSelectorModal.jsx,div,153,OK,5,,
TownSelectorModal.jsx,src/components/modals/TownSelectorModal.jsx,h3,154,OK,3,,text-3xl font-black uppercase tracking-tighter italic leading-none drop-shadow-md
TownSelectorModal.jsx,src/components/modals/TownSelectorModal.jsx,div,157,OK,13,,flex items-center gap-2 mt-3 text-sm font-bold uppercase tracking-widest text-gray-400
TownSelectorModal.jsx,src/components/modals/TownSelectorModal.jsx,button,158,OK,3,onClick,[Dinàmic]
TownSelectorModal.jsx,src/components/modals/TownSelectorModal.jsx,ChevronRight,161,OK,0,size,opacity-50
TownSelectorModal.jsx,src/components/modals/TownSelectorModal.jsx,button,163,OK,3,onClick,[Dinàmic]
TownSelectorModal.jsx,src/components/modals/TownSelectorModal.jsx,ChevronRight,167,OK,0,size,opacity-50
TownSelectorModal.jsx,src/components/modals/TownSelectorModal.jsx,span,169,OK,3,,text-gray-500
TownSelectorModal.jsx,src/components/modals/TownSelectorModal.jsx,span,174,OK,1,,text-[var(--theme-accent-primary)]
TownSelectorModal.jsx,src/components/modals/TownSelectorModal.jsx,button,178,OK,3,onClick,w-10 h-10 flex items-center justify-center rounded-full bg-[var(--hover-overlay)] hover:bg-[var(--border-master)] transition-colors active:scale-90
TownSelectorModal.jsx,src/components/modals/TownSelectorModal.jsx,X,179,OK,0,size,
TownSelectorModal.jsx,src/components/modals/TownSelectorModal.jsx,div,184,OK,7,,relative mt-2
TownSelectorModal.jsx,src/components/modals/TownSelectorModal.jsx,Search,185,OK,0,size,absolute left-4 top-1/2 -translate-y-1/2 text-gray-400
TownSelectorModal.jsx,src/components/modals/TownSelectorModal.jsx,input,186,CSS_EXCESSIU,0,ref type placeholder value onChange,w-full h-14 bg-black/5 dark:bg-white/5 border border-[var(--border-master)] focus:border-[var(--theme-accent-primary)] rounded-[20px] pl-12 pr-12 text-lg font-bold outline-none transition-all placeholder:text-gray-500 placeholder:font-normal
TownSelectorModal.jsx,src/components/modals/TownSelectorModal.jsx,button,195,OK,3,onClick,absolute right-4 top-1/2 -translate-y-1/2 text-gray-400 hover:text-theme-text
TownSelectorModal.jsx,src/components/modals/TownSelectorModal.jsx,X,196,OK,0,size,
TownSelectorModal.jsx,src/components/modals/TownSelectorModal.jsx,div,203,OK,3,,flex-1 overflow-y-auto custom-scrollbar p-2
TownSelectorModal.jsx,src/components/modals/TownSelectorModal.jsx,div,205,OK,5,,flex flex-col items-center justify-center h-full gap-4 text-gray-400
TownSelectorModal.jsx,src/components/modals/TownSelectorModal.jsx,div,206,OK,0,,w-8 h-8 rounded-full border-4 border-t-[var(--theme-accent-primary)] border-gray-700 animate-spin
TownSelectorModal.jsx,src/components/modals/TownSelectorModal.jsx,span,207,OK,1,,font-bold tracking-widest uppercase text-sm
TownSelectorModal.jsx,src/components/modals/TownSelectorModal.jsx,div,210,OK,7,,flex flex-col h-full items-center p-6 gap-6 text-center animate-in fade-in duration-500
TownSelectorModal.jsx,src/components/modals/TownSelectorModal.jsx,div,211,OK,3,,w-16 h-16 rounded-full bg-[var(--theme-accent-primary-faint)] flex items-center justify-center text-[var(--theme-accent-primary)] mb-2 shadow-[0_0_30px_rgba(255;107;0;0.3)]
TownSelectorModal.jsx,src/components/modals/TownSelectorModal.jsx,MapPin,212,OK,0,size,
TownSelectorModal.jsx,src/components/modals/TownSelectorModal.jsx,div,214,OK,5,,
TownSelectorModal.jsx,src/components/modals/TownSelectorModal.jsx,h4,215,OK,1,,text-2xl font-black uppercase italic drop-shadow-sm mb-2
TownSelectorModal.jsx,src/components/modals/TownSelectorModal.jsx,p,216,OK,1,,text-gray-400 text-sm
TownSelectorModal.jsx,src/components/modals/TownSelectorModal.jsx,div,219,OK,7,,w-full max-w-sm flex flex-col gap-4 mt-4
TownSelectorModal.jsx,src/components/modals/TownSelectorModal.jsx,input,220,OK,0,type placeholder value onChange,w-full h-14 bg-black/5 dark:bg-white/5 border border-[var(--border-master)] focus:border-[var(--theme-accent-primary)] rounded-[16px] px-4 text-center font-bold outline-none transition-all placeholder:text-gray-500 placeholder:font-normal
TownSelectorModal.jsx,src/components/modals/TownSelectorModal.jsx,button,228,OK,1,onClick disabled,[Dinàmic]
TownSelectorModal.jsx,src/components/modals/TownSelectorModal.jsx,button,235,OK,1,onClick,mt-2 text-sm text-gray-500 hover:text-white transition-colors
TownSelectorModal.jsx,src/components/modals/TownSelectorModal.jsx,div,241,OK,9,,flex flex-col items-center justify-center h-full gap-2 text-gray-500 text-center px-8
TownSelectorModal.jsx,src/components/modals/TownSelectorModal.jsx,MapPin,242,OK,0,size,opacity-20 mb-2
TownSelectorModal.jsx,src/components/modals/TownSelectorModal.jsx,p,243,OK,1,,font-medium text-lg
TownSelectorModal.jsx,src/components/modals/TownSelectorModal.jsx,div,245,OK,5,,mt-6 p-5 bg-black/5 dark:bg-white/5 rounded-2xl border border-[var(--border-master)] text-center w-full max-w-sm transform hover:scale-[1.02] transition-transform
TownSelectorModal.jsx,src/components/modals/TownSelectorModal.jsx,p,246,OK,1,,text-sm mb-4 font-medium text-theme-text opacity-90
TownSelectorModal.jsx,src/components/modals/TownSelectorModal.jsx,button,247,OK,1,onClick,w-full py-3 bg-[var(--theme-accent-primary)] text-white font-bold uppercase tracking-widest text-sm rounded-xl shadow-[0_0_15px_rgba(255;107;0;0.3)]
TownSelectorModal.jsx,src/components/modals/TownSelectorModal.jsx,button,255,OK,1,onClick,mt-4 text-gray-400 hover:text-[var(--theme-accent-primary)] font-bold uppercase tracking-widest text-sm transition-colors
TownSelectorModal.jsx,src/components/modals/TownSelectorModal.jsx,div,260,OK,3,,flex flex-col gap-1
TownSelectorModal.jsx,src/components/modals/TownSelectorModal.jsx,button,269,OK,5,key onClick,[Dinàmic]
TownSelectorModal.jsx,src/components/modals/TownSelectorModal.jsx,div,288,OK,5,,flex flex-col items-start gap-1 text-left
TownSelectorModal.jsx,src/components/modals/TownSelectorModal.jsx,span,289,OK,3,,[Dinàmic]
TownSelectorModal.jsx,src/components/modals/TownSelectorModal.jsx,span,293,OK,5,,text-sm font-bold uppercase tracking-widest text-gray-500
TownSelectorModal.jsx,src/components/modals/TownSelectorModal.jsx,div,298,OK,3,,
TownSelectorModal.jsx,src/components/modals/TownSelectorModal.jsx,Check,299,OK,0,size strokeWidth,text-[var(--theme-accent-primary)]
TownSelectorModal.jsx,src/components/modals/TownSelectorModal.jsx,ChevronRight,299,OK,0,size,text-gray-400 opacity-50
TownSelectorModal.jsx,src/components/modals/TownSelectorModal.jsx,footer,308,OK,3,,p-6 border-t border-[var(--border-master)] bg-theme-panel shrink-0 pb-safe
TownSelectorModal.jsx,src/components/modals/TownSelectorModal.jsx,button,309,OK,3,onClick disabled,[Dinàmic]
TranslationModal.jsx,src/components/modals/TranslationModal.jsx,div,73,A11Y_CLICK_SENSE_ROLE | ESTILS_MESCLATS,3,style onClick,fixed inset-0 bg-black/60 backdrop-blur-sm flex items-center justify-center p-4 notranslate
TranslationModal.jsx,src/components/modals/TranslationModal.jsx,div,74,A11Y_CLICK_SENSE_ROLE,5,onClick,relative w-full max-w-sm mx-4 shadow-2xl bg-white dark:bg-[#141417] rounded-3xl border border-black/10 dark:border-white/10
TranslationModal.jsx,src/components/modals/TranslationModal.jsx,button,75,OK,3,onClick aria-label,absolute top-4 right-4 p-2 bg-black/5 dark:bg-white/5 hover:bg-black/10 dark:hover:bg-white/10 rounded-full transition-colors z-10
TranslationModal.jsx,src/components/modals/TranslationModal.jsx,X,76,OK,0,size,text-gray-500 dark:text-gray-400
TranslationModal.jsx,src/components/modals/TranslationModal.jsx,div,79,OK,9,,p-6 pb-4
TranslationModal.jsx,src/components/modals/TranslationModal.jsx,div,80,OK,5,,flex items-center gap-3 mb-6
TranslationModal.jsx,src/components/modals/TranslationModal.jsx,div,81,OK,3,,w-10 h-10 rounded-full bg-[#ff6d23]/20 flex items-center justify-center text-[#ff6d23] flex-shrink-0
TranslationModal.jsx,src/components/modals/TranslationModal.jsx,Globe,82,OK,0,size strokeWidth,
TranslationModal.jsx,src/components/modals/TranslationModal.jsx,h2,84,OK,1,,text-xl font-black text-[var(--theme-accent-primary)] tracking-tight leading-tight
TranslationModal.jsx,src/components/modals/TranslationModal.jsx,p,89,OK,1,,text-gray-700 dark:text-gray-300 text-sm mb-6 font-medium leading-relaxed
TranslationModal.jsx,src/components/modals/TranslationModal.jsx,div,93,OK,5,,flex flex-col gap-2 mb-2
TranslationModal.jsx,src/components/modals/TranslationModal.jsx,button,95,CSS_EXCESSIU,3,onClick,flex items-center justify-center w-full p-3.5 mb-2 rounded-xl bg-gray-100 dark:bg-gray-800 border border-gray-200 dark:border-gray-700 hover:bg-gray-200 dark:hover:bg-gray-700 transition-all text-center group
TranslationModal.jsx,src/components/modals/TranslationModal.jsx,span,99,OK,1,,font-bold text-gray-700 dark:text-gray-300
TranslationModal.jsx,src/components/modals/TranslationModal.jsx,div,105,OK,5,,flex flex-col gap-2 mt-2
TranslationModal.jsx,src/components/modals/TranslationModal.jsx,style,106,OK,1,,
TranslationModal.jsx,src/components/modals/TranslationModal.jsx,div,149,OK,1,,w-full flex items-center justify-center p-1 rounded-xl bg-gray-50 dark:bg-white/5 border border-black/5 dark:border-white/5
ProfileCard.jsx,src/components/patterns/ProfileCard.jsx,UniversalCard,37,OK,0,item avatarName title excerpt image viewMode variant onNavigate,
SearchNavBar.jsx,src/components/patterns/SearchNavBar.jsx,div,41,CSS_EXCESSIU,13,,sticky top-0 z-[100] bg-[var(--theme-accent-primary)] w-full h-[env(safe-area-inset-top;0px)+56px] min-h-[56px] flex items-end justify-between px-3 transition-colors duration-500 shadow-md transform-gpu pb-2 pt-[env(safe-area-inset-top;0px)]
SearchNavBar.jsx,src/components/patterns/SearchNavBar.jsx,div,44,OK,3,,shrink-0 mr-3 text-white/90 hover:text-white transition-colors flex items-center justify-center
SearchNavBar.jsx,src/components/patterns/SearchNavBar.jsx,button,45,OK,3,onClick aria-label,flex items-center gap-1 hover:text-white active:scale-95 transition-transform p-1 rounded-full hover:bg-white/20
SearchNavBar.jsx,src/components/patterns/SearchNavBar.jsx,ArrowLeft,50,OK,0,size strokeWidth,
SearchNavBar.jsx,src/components/patterns/SearchNavBar.jsx,div,55,OK,9,,flex items-center flex-1 h-[36px] bg-white rounded-[24px] overflow-hidden focus-within:ring-2 focus-within:ring-[var(--theme-accent-primary)] transition-all group
SearchNavBar.jsx,src/components/patterns/SearchNavBar.jsx,div,56,OK,3,,flex items-center justify-center pl-4 pr-2 h-full
SearchNavBar.jsx,src/components/patterns/SearchNavBar.jsx,div,58,OK,3,,text-gray-400 group-focus-within:text-[var(--theme-accent-primary)] transition-colors flex items-center justify-center
SearchNavBar.jsx,src/components/patterns/SearchNavBar.jsx,Search,62,OK,0,size strokeWidth,text-gray-400 group-focus-within:text-[var(--theme-accent-primary)] transition-colors
SearchNavBar.jsx,src/components/patterns/SearchNavBar.jsx,input,69,OK,0,ref type placeholder value onChange,font-sans flex-1 w-full h-full bg-transparent text-gray-900 pr-2 py-0 m-0 text-[14px] leading-none font-bold outline-none placeholder:text-gray-800 placeholder:font-bold
SearchNavBar.jsx,src/components/patterns/SearchNavBar.jsx,button,80,OK,3,onClick,w-10 h-full flex items-center justify-center text-gray-400 hover:text-[var(--theme-accent-primary)] transition-colors shrink-0
SearchNavBar.jsx,src/components/patterns/SearchNavBar.jsx,X,84,OK,0,size strokeWidth,
SearchNavBar.jsx,src/components/patterns/SearchNavBar.jsx,div,90,OK,0,aria-hidden,shrink-0 w-2
EntityProfile.jsx,src/components/profile/EntityProfile.jsx,div,88,OK,13,,atom-root bg-theme-base min-h-screen pb-20
EntityProfile.jsx,src/components/profile/EntityProfile.jsx,div,91,OK,3,,sticky top-0 z-[var(--z-sticky;200)] w-full max-w-full overflow-hidden shadow-lg bg-[#4F46E5] text-white transition-all shrink-0
EntityProfile.jsx,src/components/profile/EntityProfile.jsx,div,92,OK,9,,flex items-center justify-between min-h-[56px] px-2 sm:px-4 w-full max-w-7xl mx-auto overflow-hidden
EntityProfile.jsx,src/components/profile/EntityProfile.jsx,div,95,OK,3,,flex items-center justify-start gap-1 shrink-0
EntityProfile.jsx,src/components/profile/EntityProfile.jsx,button,96,OK,3,onClick aria-label,flex items-center justify-center min-h-[44px] w-[44px] rounded-xl hover:bg-white/20 active:scale-95 transition-colors touch-manipulation shrink-0
EntityProfile.jsx,src/components/profile/EntityProfile.jsx,ArrowLeft,101,OK,0,size strokeWidth,
EntityProfile.jsx,src/components/profile/EntityProfile.jsx,div,106,OK,9,,flex items-center justify-end gap-1 sm:gap-2 flex-1 min-w-0 overflow-x-auto no-scrollbar scroll-smooth
EntityProfile.jsx,src/components/profile/EntityProfile.jsx,button,107,CSS_EXCESSIU,5,aria-label onClick,flex items-center justify-center gap-1.5 min-h-[44px] px-2 sm:px-3 rounded-xl hover:bg-white/20 active:scale-95 transition-colors touch-manipulation font-bold uppercase text-sm shrink-0
EntityProfile.jsx,src/components/profile/EntityProfile.jsx,img,112,OK,0,src alt,w-[20px] h-[20px] object-contain drop-shadow-sm brightness-110
EntityProfile.jsx,src/components/profile/EntityProfile.jsx,span,113,OK,1,,hidden xl:inline tracking-wider
EntityProfile.jsx,src/components/profile/EntityProfile.jsx,button,116,OK,4,aria-label onClick,flex items-center justify-center gap-2 min-h-[44px] px-2 sm:px-3 hover:bg-white/20 rounded-xl active:scale-95 touch-manipulation font-bold uppercase text-sm shrink-0
EntityProfile.jsx,src/components/profile/EntityProfile.jsx,MessageCircle,124,OK,0,size,
EntityProfile.jsx,src/components/profile/EntityProfile.jsx,span,124,OK,1,,hidden xl:inline tracking-wider
EntityProfile.jsx,src/components/profile/EntityProfile.jsx,button,127,OK,4,aria-label onClick,flex items-center justify-center gap-2 min-h-[44px] px-2 sm:px-3 hover:bg-white/20 rounded-xl active:scale-95 touch-manipulation font-bold uppercase text-sm shrink-0
EntityProfile.jsx,src/components/profile/EntityProfile.jsx,Share2,132,OK,0,size,
EntityProfile.jsx,src/components/profile/EntityProfile.jsx,span,132,OK,1,,hidden xl:inline tracking-wider
EntityProfile.jsx,src/components/profile/EntityProfile.jsx,button,136,OK,5,onClick,btn-action-primary
EntityProfile.jsx,src/components/profile/EntityProfile.jsx,Plus,140,OK,0,size strokeWidth,
EntityProfile.jsx,src/components/profile/EntityProfile.jsx,span,141,WRAPPER_INUTIL,1,,
EntityProfile.jsx,src/components/profile/EntityProfile.jsx,div,149,OK,5,role aria-label,relative w-full h-48 sm:h-64 md:h-80 bg-black/10 dark:bg-white/5
EntityProfile.jsx,src/components/profile/EntityProfile.jsx,img,151,OK,0,src alt loading onError,w-full h-full object-cover
EntityProfile.jsx,src/components/profile/EntityProfile.jsx,div,159,OK,3,,absolute -bottom-4 right-6 flex justify-end items-end z-[201]
EntityProfile.jsx,src/components/profile/EntityProfile.jsx,button,161,CSS_EXCESSIU,3,onClick,btn-tactile bg-theme-panel text-theme-text border border-border-master px-4 py-2 text-sm font-bold flex items-center rounded-2xl shadow-lg hover:scale-105 active:scale-95 transition-all
EntityProfile.jsx,src/components/profile/EntityProfile.jsx,Settings,165,OK,0,size,mr-2
EntityProfile.jsx,src/components/profile/EntityProfile.jsx,div,173,OK,17,,mt-6 px-4 sm:px-6 max-w-4xl mx-auto
EntityProfile.jsx,src/components/profile/EntityProfile.jsx,div,174,OK,5,,flex flex-col sm:flex-row sm:items-center justify-between gap-4 mb-2
EntityProfile.jsx,src/components/profile/EntityProfile.jsx,div,175,OK,5,,flex flex-row items-center gap-4
EntityProfile.jsx,src/components/profile/EntityProfile.jsx,div,176,OK,3,,w-24 h-24 sm:w-28 sm:h-28 rounded-full border-4 border-theme-panel bg-theme-panel overflow-hidden shadow-sm glass-rural shrink-0
EntityProfile.jsx,src/components/profile/EntityProfile.jsx,div,178,OK,3,,[Dinàmic]
EntityProfile.jsx,src/components/profile/EntityProfile.jsx,img,179,OK,0,src alt,[Dinàmic]
EntityProfile.jsx,src/components/profile/EntityProfile.jsx,div,182,OK,3,,w-full h-full flex items-center justify-center bg-black/10 dark:bg-white/10 text-3xl font-black text-theme-text opacity-50
EntityProfile.jsx,src/components/profile/EntityProfile.jsx,div,188,OK,5,,flex flex-col justify-center
EntityProfile.jsx,src/components/profile/EntityProfile.jsx,h1,189,OK,5,,text-3xl sm:text-4xl font-black text-theme-text flex items-center gap-2 tracking-tight
EntityProfile.jsx,src/components/profile/EntityProfile.jsx,BadgeCheck,191,OK,0,size,text-theme-accent-secondary shrink-0
EntityProfile.jsx,src/components/profile/EntityProfile.jsx,p,193,OK,3,,text-theme-accent-primary font-bold text-lg mb-0
EntityProfile.jsx,src/components/profile/EntityProfile.jsx,p,202,OK,5,,text-[var(--text-muted)] flex items-center text-sm font-semibold mb-4 mt-2
EntityProfile.jsx,src/components/profile/EntityProfile.jsx,MapPin,203,OK,0,size,mr-1
EntityProfile.jsx,src/components/profile/EntityProfile.jsx,div,209,CSS_EXCESSIU,7,,my-7 bg-[#FF6D23]/10 dark:bg-[#FF6D23]/15 border border-[#FF6D23]/40 dark:border-[#FF6D23]/60 rounded-xl px-4 py-3 sm:px-5 sm:py-3.5 flex flex-col sm:flex-row items-center sm:items-start gap-3 shadow-sm relative overflow-hidden max-w-4xl
EntityProfile.jsx,src/components/profile/EntityProfile.jsx,div,210,OK,0,,absolute top-0 right-0 w-32 h-32 bg-[#FF6D23] opacity-5 rounded-full blur-2xl transform translate-x-10 -translate-y-10 pointer-events-none
EntityProfile.jsx,src/components/profile/EntityProfile.jsx,div,211,OK,3,,shrink-0 bg-[#FF6D23] text-white p-2 rounded-lg shadow-sm z-10 animate-pulse-slow mt-1 sm:mt-0
EntityProfile.jsx,src/components/profile/EntityProfile.jsx,Info,212,OK,0,size strokeWidth,
EntityProfile.jsx,src/components/profile/EntityProfile.jsx,div,214,OK,5,,flex-1 z-10
EntityProfile.jsx,src/components/profile/EntityProfile.jsx,h3,215,OK,1,,text-[15px] sm:text-base font-black text-[#FF6D23] mb-0.5 uppercase tracking-tight text-center sm:text-left
EntityProfile.jsx,src/components/profile/EntityProfile.jsx,p,216,OK,3,,text-[13px] sm:text-sm text-theme-text font-medium leading-snug opacity-90 text-center sm:text-left mb-0 pb-0
EntityProfile.jsx,src/components/profile/EntityProfile.jsx,div,222,OK,3,,text-base leading-relaxed text-theme-text max-w-2xl mb-6 mt-4 app-cms-content prose prose-lg dark:prose-invert
EntityProfile.jsx,src/components/profile/EntityProfile.jsx,p,224,PERILL_XSS,0,key dangerouslySetInnerHTML,whitespace-pre-line last:mb-0
EntityProfile.jsx,src/components/profile/EntityProfile.jsx,div,238,OK,7,,flex items-center justify-between border-b border-black/10 dark:border-white/10 mb-6 overflow-x-auto no-scrollbar scroll-smooth w-full mt-4
EntityProfile.jsx,src/components/profile/EntityProfile.jsx,div,239,OK,13,,flex gap-1 sm:gap-2
EntityProfile.jsx,src/components/profile/EntityProfile.jsx,TabButton,240,A11Y_CLICK_SENSE_ROLE,0,active onClick icon label,
EntityProfile.jsx,src/components/profile/EntityProfile.jsx,Grid,240,OK,0,size,
EntityProfile.jsx,src/components/profile/EntityProfile.jsx,TabButton,242,A11Y_CLICK_SENSE_ROLE,0,active onClick icon label,
EntityProfile.jsx,src/components/profile/EntityProfile.jsx,FileText,242,OK,0,size,
EntityProfile.jsx,src/components/profile/EntityProfile.jsx,TabButton,244,A11Y_CLICK_SENSE_ROLE,0,active onClick icon label,
EntityProfile.jsx,src/components/profile/EntityProfile.jsx,Users,244,OK,0,size,
EntityProfile.jsx,src/components/profile/EntityProfile.jsx,TabButton,246,A11Y_CLICK_SENSE_ROLE,0,active onClick icon label,
EntityProfile.jsx,src/components/profile/EntityProfile.jsx,ImageIcon,246,OK,0,size,
EntityProfile.jsx,src/components/profile/EntityProfile.jsx,TabButton,248,A11Y_CLICK_SENSE_ROLE,0,active onClick icon label,
EntityProfile.jsx,src/components/profile/EntityProfile.jsx,Contact,248,OK,0,size,
EntityProfile.jsx,src/components/profile/EntityProfile.jsx,TabButton,250,A11Y_CLICK_SENSE_ROLE,0,active onClick icon label,
EntityProfile.jsx,src/components/profile/EntityProfile.jsx,Store,250,OK,0,size,
EntityProfile.jsx,src/components/profile/EntityProfile.jsx,div,255,OK,7,,flex gap-1 pr-2 pb-2 shrink-0
EntityProfile.jsx,src/components/profile/EntityProfile.jsx,button,256,OK,3,onClick title,[Dinàmic]
EntityProfile.jsx,src/components/profile/EntityProfile.jsx,Square,261,OK,0,size strokeWidth,
EntityProfile.jsx,src/components/profile/EntityProfile.jsx,button,263,OK,3,onClick title,[Dinàmic]
EntityProfile.jsx,src/components/profile/EntityProfile.jsx,LayoutGrid,268,OK,0,size strokeWidth,
EntityProfile.jsx,src/components/profile/EntityProfile.jsx,button,270,OK,3,onClick title,[Dinàmic]
EntityProfile.jsx,src/components/profile/EntityProfile.jsx,List,275,OK,0,size strokeWidth,
EntityProfile.jsx,src/components/profile/EntityProfile.jsx,div,281,OK,13,,stable-scroll min-h-[40vh] pb-10
EntityProfile.jsx,src/components/profile/EntityProfile.jsx,div,283,OK,3,,w-full
EntityProfile.jsx,src/components/profile/EntityProfile.jsx,div,285,OK,3,,min-h-[500px]
EntityProfile.jsx,src/components/profile/EntityProfile.jsx,Feed,286,OK,0,hideHeader customPosts externalViewMode isProfileOwner,
EntityProfile.jsx,src/components/profile/EntityProfile.jsx,div,289,OK,3,,text-[var(--text-muted)] text-sm text-center py-10 glass-rural rounded-2xl mx-2 mt-4
EntityProfile.jsx,src/components/profile/EntityProfile.jsx,div,296,OK,3,,animate-in fade-in slide-in-from-bottom-2 duration-300
EntityProfile.jsx,src/components/profile/EntityProfile.jsx,ContentWithShortcodes,297,OK,0,content hideTabs,
EntityProfile.jsx,src/components/profile/EntityProfile.jsx,div,301,OK,5,,animate-in fade-in slide-in-from-bottom-2 duration-300
EntityProfile.jsx,src/components/profile/EntityProfile.jsx,ConnectionsTab,302,FANTASMA_BUIT,0,,
EntityProfile.jsx,src/components/profile/EntityProfile.jsx,TraitsViewer,303,OK,0,traits type,
EntityProfile.jsx,src/components/profile/EntityProfile.jsx,TownProposalsTab,307,OK,0,entity,
EntityProfile.jsx,src/components/profile/EntityProfile.jsx,VCardTab,309,OK,0,entity profile,
EntityProfile.jsx,src/components/profile/EntityProfile.jsx,div,311,OK,1,,text-[var(--text-muted)] text-sm text-center py-10 glass-rural rounded-2xl mx-2
EntityProfile.jsx,src/components/profile/EntityProfile.jsx,button,323,OK,5,onClick aria-label title,[Dinàmic]
EntityProfile.jsx,src/components/profile/EntityProfile.jsx,span,330,OK,1,,hidden lg:inline-block
EntityProfile.jsx,src/components/profile/EntityProfile.jsx,div,372,OK,7,,glass-rural p-6 rounded-3xl mx-2 animate-in fade-in slide-in-from-bottom-2 duration-300
EntityProfile.jsx,src/components/profile/EntityProfile.jsx,h3,373,OK,3,,text-xl font-black text-theme-text mb-6 flex items-center gap-2 leading-none
EntityProfile.jsx,src/components/profile/EntityProfile.jsx,Contact,374,OK,0,size,text-theme-accent-primary
EntityProfile.jsx,src/components/profile/EntityProfile.jsx,div,378,OK,11,,space-y-6
EntityProfile.jsx,src/components/profile/EntityProfile.jsx,div,379,OK,5,,flex flex-col gap-1
EntityProfile.jsx,src/components/profile/EntityProfile.jsx,span,380,OK,1,,text-xs uppercase font-bold text-[var(--text-muted)] tracking-wider
EntityProfile.jsx,src/components/profile/EntityProfile.jsx,span,381,OK,1,,text-lg font-bold text-theme-text
EntityProfile.jsx,src/components/profile/EntityProfile.jsx,div,385,OK,5,,flex flex-col gap-1
EntityProfile.jsx,src/components/profile/EntityProfile.jsx,span,386,OK,1,,text-xs uppercase font-bold text-[var(--text-muted)] tracking-wider
EntityProfile.jsx,src/components/profile/EntityProfile.jsx,span,387,OK,1,,text-base font-medium text-theme-text
EntityProfile.jsx,src/components/profile/EntityProfile.jsx,div,392,OK,5,,flex flex-col gap-1
EntityProfile.jsx,src/components/profile/EntityProfile.jsx,span,393,OK,1,,text-xs uppercase font-bold text-[var(--text-muted)] tracking-wider
EntityProfile.jsx,src/components/profile/EntityProfile.jsx,span,394,OK,3,,text-base font-medium text-theme-text
EntityProfile.jsx,src/components/profile/EntityProfile.jsx,div,399,OK,5,,flex flex-col gap-1
EntityProfile.jsx,src/components/profile/EntityProfile.jsx,span,400,OK,1,,text-xs uppercase font-bold text-[var(--text-muted)] tracking-wider
EntityProfile.jsx,src/components/profile/EntityProfile.jsx,span,401,OK,1,,text-base font-medium text-theme-text
EntityProfile.jsx,src/components/profile/EntityProfile.jsx,div,406,OK,5,,flex flex-col gap-1
EntityProfile.jsx,src/components/profile/EntityProfile.jsx,span,407,OK,1,,text-xs uppercase font-bold text-[var(--text-muted)] tracking-wider
EntityProfile.jsx,src/components/profile/EntityProfile.jsx,span,408,OK,1,,text-sm text-[var(--text-muted)] leading-relaxed
EntityProfile.jsx,src/components/profile/EntityProfile.jsx,div,413,OK,3,,mt-10 pt-6 border-t border-border-master flex justify-end
EntityProfile.jsx,src/components/profile/EntityProfile.jsx,button,414,CSS_EXCESSIU,5,onClick,flex items-center justify-center gap-2 px-6 py-3 min-h-[48px] rounded-xl font-black text-base transition-all bg-theme-panel text-theme-text shadow-lg hover:scale-105 active:scale-95 border border-border-master hover:border-theme-accent-primary hover:text-theme-accent-primary
EntityProfile.jsx,src/components/profile/EntityProfile.jsx,Download,418,OK,0,size,
EntityProfile.jsx,src/components/profile/EntityProfile.jsx,span,419,WRAPPER_INUTIL,1,,
EntityProfile.jsx,src/components/profile/EntityProfile.jsx,div,429,OK,5,,glass-rural p-6 rounded-3xl mx-2 shadow-sm border border-black/5 dark:border-white/5 mb-6
EntityProfile.jsx,src/components/profile/EntityProfile.jsx,div,430,OK,3,,flex items-center gap-3 mb-6 border-b border-border-master pb-4
EntityProfile.jsx,src/components/profile/EntityProfile.jsx,h3,431,OK,3,,font-bold text-theme-text text-lg flex items-center gap-2 leading-none
EntityProfile.jsx,src/components/profile/EntityProfile.jsx,Users,432,OK,0,size,text-theme-accent-primary
EntityProfile.jsx,src/components/profile/EntityProfile.jsx,div,437,OK,9,,bg-[#FF6D23]/10 border border-[#FF6D23]/20 dark:border-[#FF6D23]/30 rounded-2xl p-4 flex flex-col sm:flex-row items-center gap-4 relative overflow-hidden
EntityProfile.jsx,src/components/profile/EntityProfile.jsx,div,438,OK,0,,absolute right-0 top-0 w-32 h-32 bg-[#FF6D23] opacity-5 rounded-full blur-2xl transform translate-x-10 -translate-y-10 pointer-events-none
EntityProfile.jsx,src/components/profile/EntityProfile.jsx,div,439,OK,3,,w-14 h-14 rounded-full overflow-hidden border-2 border-[#FF6D23] shrink-0 shadow-sm relative z-10
EntityProfile.jsx,src/components/profile/EntityProfile.jsx,img,440,OK,0,src alt,w-full h-full object-cover
EntityProfile.jsx,src/components/profile/EntityProfile.jsx,div,442,OK,5,,text-center sm:text-left flex-1 relative z-10
EntityProfile.jsx,src/components/profile/EntityProfile.jsx,h4,443,OK,1,,font-black text-theme-text text-[17px] mb-0.5
EntityProfile.jsx,src/components/profile/EntityProfile.jsx,p,444,OK,1,,text-[11px] sm:text-xs text-[var(--text-muted)] font-black uppercase tracking-wider
EntityProfile.jsx,src/components/profile/EntityProfile.jsx,div,446,OK,3,,shrink-0 mt-2 sm:mt-0 relative z-10
EntityProfile.jsx,src/components/profile/EntityProfile.jsx,span,447,OK,1,,bg-[#FF6D23] text-white text-[10px] uppercase font-black px-3 py-1.5 rounded-full tracking-wider shadow-md
EntityProfile.jsx,src/components/profile/EntityProfile.jsx,div,460,OK,1,,glass-rural p-6 rounded-3xl mx-2 text-center text-sm font-bold text-[var(--text-muted)]
EntityProfile.jsx,src/components/profile/EntityProfile.jsx,div,476,OK,5,,glass-rural p-6 rounded-3xl mx-2 shadow-sm border border-black/5 dark:border-white/5
EntityProfile.jsx,src/components/profile/EntityProfile.jsx,div,477,OK,5,,flex items-center gap-3 mb-6 border-b border-border-master pb-4
EntityProfile.jsx,src/components/profile/EntityProfile.jsx,span,478,OK,3,,[Dinàmic]
EntityProfile.jsx,src/components/profile/EntityProfile.jsx,h3,481,OK,1,,font-bold text-theme-text text-lg
EntityProfile.jsx,src/components/profile/EntityProfile.jsx,div,484,OK,3,,grid grid-cols-1 sm:grid-cols-2 gap-6
EntityProfile.jsx,src/components/profile/EntityProfile.jsx,div,486,OK,5,key,bg-black/5 dark:bg-white/5 p-4 rounded-2xl border border-black/5 dark:border-white/5 overflow-hidden
EntityProfile.jsx,src/components/profile/EntityProfile.jsx,span,487,OK,3,,text-[11px] uppercase tracking-wider text-[var(--text-muted)] font-black block mb-1
EntityProfile.jsx,src/components/profile/EntityProfile.jsx,span,490,OK,3,,text-sm font-bold text-theme-text break-words
EntityProfile.jsx,src/components/profile/EntityProfile.jsx,div,492,OK,3,,flex flex-wrap gap-2 mt-2
EntityProfile.jsx,src/components/profile/EntityProfile.jsx,span,494,OK,3,key,bg-black/10 dark:bg-white/10 px-2 py-1 rounded-md text-xs
EntityProfile.jsx,src/components/profile/EntityProfile.jsx,span,497,OK,1,,opacity-50 italic
EntityProfile.jsx,src/components/profile/EntityProfile.jsx,pre,500,OK,3,,text-[10px] whitespace-pre-wrap font-mono mt-2 bg-black/5 dark:bg-white/5 p-2 rounded-lg overflow-x-auto
EntityProfile.jsx,src/components/profile/EntityProfile.jsx,span,506,OK,1,,opacity-50 italic
TownProposalsTab.jsx,src/components/profile/TownProposalsTab.jsx,div,72,OK,1,,p-6 text-center text-[var(--text-muted)] font-bold
TownProposalsTab.jsx,src/components/profile/TownProposalsTab.jsx,div,75,OK,5,,glass-rural p-6 rounded-3xl mx-2 shadow-sm border border-black/5 dark:border-white/5 mb-6 animate-in fade-in slide-in-from-bottom-2 duration-300
TownProposalsTab.jsx,src/components/profile/TownProposalsTab.jsx,div,76,OK,5,,flex flex-col sm:flex-row sm:items-center justify-between gap-4 mb-6 border-b border-border-master pb-4
TownProposalsTab.jsx,src/components/profile/TownProposalsTab.jsx,div,77,OK,5,,
TownProposalsTab.jsx,src/components/profile/TownProposalsTab.jsx,h3,78,OK,3,,font-bold text-theme-text text-xl flex items-center gap-2 leading-none mb-1
TownProposalsTab.jsx,src/components/profile/TownProposalsTab.jsx,ImageIcon,79,OK,0,size,text-theme-accent-primary
TownProposalsTab.jsx,src/components/profile/TownProposalsTab.jsx,p,82,OK,1,,text-sm text-[var(--text-muted)]
TownProposalsTab.jsx,src/components/profile/TownProposalsTab.jsx,button,84,OK,5,onClick,btn-action-primary shrink-0
TownProposalsTab.jsx,src/components/profile/TownProposalsTab.jsx,X,88,OK,0,size strokeWidth,
TownProposalsTab.jsx,src/components/profile/TownProposalsTab.jsx,Plus,88,OK,0,size strokeWidth,
TownProposalsTab.jsx,src/components/profile/TownProposalsTab.jsx,span,89,WRAPPER_INUTIL,1,,
TownProposalsTab.jsx,src/components/profile/TownProposalsTab.jsx,div,94,OK,3,,bg-black/5 dark:bg-white/5 rounded-2xl border border-black/10 dark:border-white/10 p-6 animate-in fade-in slide-in-from-top-2 duration-200 mt-4
TownProposalsTab.jsx,src/components/profile/TownProposalsTab.jsx,form,95,OK,13,onSubmit,space-y-5
TownProposalsTab.jsx,src/components/profile/TownProposalsTab.jsx,div,96,OK,3,,bg-[#FF6D23]/10 border border-[#FF6D23]/30 rounded-xl p-4 mb-4
TownProposalsTab.jsx,src/components/profile/TownProposalsTab.jsx,p,97,OK,1,,text-sm font-medium text-[#FF6D23]
TownProposalsTab.jsx,src/components/profile/TownProposalsTab.jsx,div,102,OK,5,,
TownProposalsTab.jsx,src/components/profile/TownProposalsTab.jsx,label,103,OK,1,,block text-sm font-black text-theme-text mb-2 tracking-wide
TownProposalsTab.jsx,src/components/profile/TownProposalsTab.jsx,input,104,OK,0,type value onChange placeholder,w-full bg-theme-base border-2 border-border-master rounded-xl px-4 py-3 text-theme-text focus:outline-none focus:border-theme-accent-primary transition-colors font-medium placeholder:opacity-40
TownProposalsTab.jsx,src/components/profile/TownProposalsTab.jsx,div,113,OK,5,,
TownProposalsTab.jsx,src/components/profile/TownProposalsTab.jsx,label,114,OK,1,,block text-sm font-black text-theme-text mb-2 tracking-wide
TownProposalsTab.jsx,src/components/profile/TownProposalsTab.jsx,textarea,115,OK,0,value onChange placeholder rows,w-full bg-theme-base border-2 border-border-master rounded-xl px-4 py-3 text-theme-text focus:outline-none focus:border-theme-accent-primary transition-colors font-medium resize-none placeholder:opacity-40
TownProposalsTab.jsx,src/components/profile/TownProposalsTab.jsx,div,124,OK,5,,
TownProposalsTab.jsx,src/components/profile/TownProposalsTab.jsx,label,125,OK,1,,block text-sm font-black text-theme-text mb-2 tracking-wide
TownProposalsTab.jsx,src/components/profile/TownProposalsTab.jsx,div,126,OK,5,,relative
TownProposalsTab.jsx,src/components/profile/TownProposalsTab.jsx,div,127,OK,3,,absolute left-3 top-1/2 -translate-y-1/2 text-[var(--text-muted)]
TownProposalsTab.jsx,src/components/profile/TownProposalsTab.jsx,Upload,128,OK,0,size,
TownProposalsTab.jsx,src/components/profile/TownProposalsTab.jsx,input,130,OK,0,type value onChange placeholder,w-full bg-theme-base border-2 border-border-master rounded-xl pl-10 pr-4 py-3 text-theme-text focus:outline-none focus:border-theme-accent-primary transition-colors font-medium placeholder:opacity-40
TownProposalsTab.jsx,src/components/profile/TownProposalsTab.jsx,div,140,OK,5,,
TownProposalsTab.jsx,src/components/profile/TownProposalsTab.jsx,label,141,OK,1,,block text-sm font-black text-theme-text mb-2 tracking-wide
TownProposalsTab.jsx,src/components/profile/TownProposalsTab.jsx,div,142,OK,5,,relative
TownProposalsTab.jsx,src/components/profile/TownProposalsTab.jsx,div,143,OK,3,,absolute left-3 top-1/2 -translate-y-1/2 text-[var(--text-muted)]
TownProposalsTab.jsx,src/components/profile/TownProposalsTab.jsx,Upload,144,OK,0,size,
TownProposalsTab.jsx,src/components/profile/TownProposalsTab.jsx,input,146,OK,0,type value onChange placeholder,w-full bg-theme-base border-2 border-border-master rounded-xl pl-10 pr-4 py-3 text-theme-text focus:outline-none focus:border-theme-accent-primary transition-colors font-medium placeholder:opacity-40
TownProposalsTab.jsx,src/components/profile/TownProposalsTab.jsx,div,156,OK,5,,pt-4 flex gap-3
TownProposalsTab.jsx,src/components/profile/TownProposalsTab.jsx,button,157,OK,1,type onClick,flex-1 font-bold px-4 py-3 rounded-xl border-2 border-border-master text-theme-text hover:bg-black/5 dark:hover:bg-white/5 active:scale-95 transition-all
TownProposalsTab.jsx,src/components/profile/TownProposalsTab.jsx,button,164,OK,3,onClick disabled,flex-1 font-bold px-4 py-3 rounded-xl bg-theme-text text-theme-base active:scale-95 transition-all disabled:opacity-50 flex items-center justify-center gap-2
TownProposalsTab.jsx,src/components/profile/TownProposalsTab.jsx,div,175,OK,7,,space-y-6 mt-4
TownProposalsTab.jsx,src/components/profile/TownProposalsTab.jsx,div,178,OK,9,,flex gap-2 overflow-x-auto no-scrollbar py-2
TownProposalsTab.jsx,src/components/profile/TownProposalsTab.jsx,button,179,OK,1,onClick,[Dinàmic]
TownProposalsTab.jsx,src/components/profile/TownProposalsTab.jsx,button,183,OK,1,onClick,[Dinàmic]
TownProposalsTab.jsx,src/components/profile/TownProposalsTab.jsx,button,187,OK,1,onClick,[Dinàmic]
TownProposalsTab.jsx,src/components/profile/TownProposalsTab.jsx,button,191,OK,1,onClick,[Dinàmic]
TownProposalsTab.jsx,src/components/profile/TownProposalsTab.jsx,div,198,OK,1,,text-center py-10 text-[var(--text-muted)] font-medium bg-black/5 dark:bg-white/5 rounded-2xl
TownProposalsTab.jsx,src/components/profile/TownProposalsTab.jsx,UniversalGridWrapper,202,OK,3,viewMode,
TownProposalsTab.jsx,src/components/profile/TownProposalsTab.jsx,UniversalGridRow,203,OK,3,viewMode columnCount,
TownProposalsTab.jsx,src/components/profile/TownProposalsTab.jsx,div,216,OK,5,key,relative mt-4
TownProposalsTab.jsx,src/components/profile/TownProposalsTab.jsx,div,218,OK,1,,absolute -top-3 left-1/2 -translate-x-1/2 z-10 bg-theme-accent-primary text-white text-[10px] font-black uppercase tracking-widest px-3 py-1 rounded-full shadow-md
TownProposalsTab.jsx,src/components/profile/TownProposalsTab.jsx,UniversalCard,222,OK,0,item avatarName title subtitle image mode variant viewMode renderCustomActions,[Dinàmic]
TownProposalsTab.jsx,src/components/profile/TownProposalsTab.jsx,div,233,OK,3,,flex justify-end pt-2
TownProposalsTab.jsx,src/components/profile/TownProposalsTab.jsx,UniversalReactionVote,234,OK,0,targetId targetType initialVotes initialHasVoted authorId,
UniversalAjuntament.jsx,src/components/profile/UniversalAjuntament.jsx,div,70,OK,13,,atom-root bg-theme-base min-h-screen pb-20
UniversalAjuntament.jsx,src/components/profile/UniversalAjuntament.jsx,div,73,OK,3,,sticky top-0 z-[var(--z-sticky;200)] w-full max-w-full overflow-hidden shadow-lg bg-[#4F46E5] text-white transition-all shrink-0
UniversalAjuntament.jsx,src/components/profile/UniversalAjuntament.jsx,div,74,OK,9,,flex items-center justify-between min-h-[56px] px-2 sm:px-4 w-full max-w-7xl mx-auto overflow-hidden
UniversalAjuntament.jsx,src/components/profile/UniversalAjuntament.jsx,div,77,OK,3,,flex items-center justify-start gap-1 shrink-0
UniversalAjuntament.jsx,src/components/profile/UniversalAjuntament.jsx,button,78,OK,3,onClick aria-label,flex items-center justify-center min-h-[44px] w-[44px] rounded-xl hover:bg-white/20 active:scale-95 transition-colors touch-manipulation shrink-0
UniversalAjuntament.jsx,src/components/profile/UniversalAjuntament.jsx,ArrowLeft,83,OK,0,size strokeWidth,
UniversalAjuntament.jsx,src/components/profile/UniversalAjuntament.jsx,div,88,OK,9,,flex items-center justify-end gap-1 sm:gap-2 flex-1 min-w-0 overflow-x-auto no-scrollbar scroll-smooth
UniversalAjuntament.jsx,src/components/profile/UniversalAjuntament.jsx,button,89,CSS_EXCESSIU,5,aria-label onClick,flex items-center justify-center gap-1.5 min-h-[44px] px-2 sm:px-3 rounded-xl hover:bg-white/20 active:scale-95 transition-colors touch-manipulation font-bold uppercase text-sm shrink-0
UniversalAjuntament.jsx,src/components/profile/UniversalAjuntament.jsx,img,94,OK,0,src alt,w-[20px] h-[20px] object-contain drop-shadow-sm brightness-110
UniversalAjuntament.jsx,src/components/profile/UniversalAjuntament.jsx,span,95,OK,1,,hidden xl:inline tracking-wider
UniversalAjuntament.jsx,src/components/profile/UniversalAjuntament.jsx,button,98,OK,4,aria-label onClick,flex items-center justify-center gap-2 min-h-[44px] px-2 sm:px-3 hover:bg-white/20 rounded-xl active:scale-95 touch-manipulation font-bold uppercase text-sm shrink-0
UniversalAjuntament.jsx,src/components/profile/UniversalAjuntament.jsx,MessageCircle,106,OK,0,size,
UniversalAjuntament.jsx,src/components/profile/UniversalAjuntament.jsx,span,106,OK,1,,hidden xl:inline tracking-wider
UniversalAjuntament.jsx,src/components/profile/UniversalAjuntament.jsx,button,109,OK,4,aria-label onClick,flex items-center justify-center gap-2 min-h-[44px] px-2 sm:px-3 hover:bg-white/20 rounded-xl active:scale-95 touch-manipulation font-bold uppercase text-sm shrink-0
UniversalAjuntament.jsx,src/components/profile/UniversalAjuntament.jsx,Share2,114,OK,0,size,
UniversalAjuntament.jsx,src/components/profile/UniversalAjuntament.jsx,span,114,OK,1,,hidden xl:inline tracking-wider
UniversalAjuntament.jsx,src/components/profile/UniversalAjuntament.jsx,button,118,OK,5,onClick,btn-action-primary
UniversalAjuntament.jsx,src/components/profile/UniversalAjuntament.jsx,Plus,122,OK,0,size strokeWidth,
UniversalAjuntament.jsx,src/components/profile/UniversalAjuntament.jsx,span,123,WRAPPER_INUTIL,1,,
UniversalAjuntament.jsx,src/components/profile/UniversalAjuntament.jsx,div,131,OK,5,role aria-label,relative w-full h-48 sm:h-64 md:h-80 bg-black/10 dark:bg-white/5
UniversalAjuntament.jsx,src/components/profile/UniversalAjuntament.jsx,img,133,OK,0,src alt loading onError,w-full h-full object-cover
UniversalAjuntament.jsx,src/components/profile/UniversalAjuntament.jsx,div,141,OK,3,,absolute -bottom-4 right-6 flex justify-end items-end z-[201]
UniversalAjuntament.jsx,src/components/profile/UniversalAjuntament.jsx,button,143,CSS_EXCESSIU,3,onClick,btn-tactile bg-theme-panel text-theme-text border border-border-master px-4 py-2 text-sm font-bold flex items-center rounded-2xl shadow-lg hover:scale-105 active:scale-95 transition-all
UniversalAjuntament.jsx,src/components/profile/UniversalAjuntament.jsx,Settings,147,OK,0,size,mr-2
UniversalAjuntament.jsx,src/components/profile/UniversalAjuntament.jsx,div,155,OK,17,,mt-6 px-4 sm:px-6 max-w-4xl mx-auto
UniversalAjuntament.jsx,src/components/profile/UniversalAjuntament.jsx,div,156,OK,5,,flex flex-col sm:flex-row sm:items-center justify-between gap-4 mb-2
UniversalAjuntament.jsx,src/components/profile/UniversalAjuntament.jsx,div,157,OK,5,,flex flex-row items-center gap-4
UniversalAjuntament.jsx,src/components/profile/UniversalAjuntament.jsx,div,158,OK,3,,w-24 h-24 sm:w-28 sm:h-28 rounded-full border-4 border-theme-panel bg-theme-panel overflow-hidden shadow-sm glass-rural shrink-0
UniversalAjuntament.jsx,src/components/profile/UniversalAjuntament.jsx,div,160,OK,3,,[Dinàmic]
UniversalAjuntament.jsx,src/components/profile/UniversalAjuntament.jsx,img,161,OK,0,src alt,[Dinàmic]
UniversalAjuntament.jsx,src/components/profile/UniversalAjuntament.jsx,div,164,OK,3,,w-full h-full flex items-center justify-center bg-black/10 dark:bg-white/10 text-3xl font-black text-theme-text opacity-50
UniversalAjuntament.jsx,src/components/profile/UniversalAjuntament.jsx,div,170,OK,5,,flex flex-col justify-center
UniversalAjuntament.jsx,src/components/profile/UniversalAjuntament.jsx,h1,171,OK,5,,text-3xl sm:text-4xl font-black text-theme-text flex items-center gap-2 tracking-tight
UniversalAjuntament.jsx,src/components/profile/UniversalAjuntament.jsx,BadgeCheck,173,OK,0,size,text-theme-accent-secondary shrink-0
UniversalAjuntament.jsx,src/components/profile/UniversalAjuntament.jsx,p,175,OK,3,,text-theme-accent-primary font-bold text-lg mb-0
UniversalAjuntament.jsx,src/components/profile/UniversalAjuntament.jsx,p,184,OK,5,,text-[var(--text-muted)] flex items-center text-sm font-semibold mb-4 mt-2
UniversalAjuntament.jsx,src/components/profile/UniversalAjuntament.jsx,MapPin,185,OK,0,size,mr-1
UniversalAjuntament.jsx,src/components/profile/UniversalAjuntament.jsx,div,191,CSS_EXCESSIU,7,,my-7 bg-[#FF6D23]/10 dark:bg-[#FF6D23]/15 border border-[#FF6D23]/40 dark:border-[#FF6D23]/60 rounded-xl px-4 py-3 sm:px-5 sm:py-3.5 flex flex-col sm:flex-row items-center sm:items-start gap-3 shadow-sm relative overflow-hidden max-w-4xl
UniversalAjuntament.jsx,src/components/profile/UniversalAjuntament.jsx,div,192,OK,0,,absolute top-0 right-0 w-32 h-32 bg-[#FF6D23] opacity-5 rounded-full blur-2xl transform translate-x-10 -translate-y-10 pointer-events-none
UniversalAjuntament.jsx,src/components/profile/UniversalAjuntament.jsx,div,193,OK,3,,shrink-0 bg-[#FF6D23] text-white p-2 rounded-lg shadow-sm z-10 animate-pulse-slow mt-1 sm:mt-0
UniversalAjuntament.jsx,src/components/profile/UniversalAjuntament.jsx,Info,194,OK,0,size strokeWidth,
UniversalAjuntament.jsx,src/components/profile/UniversalAjuntament.jsx,div,196,OK,5,,flex-1 z-10
UniversalAjuntament.jsx,src/components/profile/UniversalAjuntament.jsx,h3,197,OK,1,,text-[15px] sm:text-base font-black text-[#FF6D23] mb-0.5 uppercase tracking-tight text-center sm:text-left
UniversalAjuntament.jsx,src/components/profile/UniversalAjuntament.jsx,p,198,OK,3,,text-[13px] sm:text-sm text-theme-text font-medium leading-snug opacity-90 text-center sm:text-left mb-0 pb-0
UniversalAjuntament.jsx,src/components/profile/UniversalAjuntament.jsx,div,204,OK,3,,text-base leading-relaxed text-theme-text max-w-2xl mb-6 mt-4 app-cms-content prose prose-lg dark:prose-invert
UniversalAjuntament.jsx,src/components/profile/UniversalAjuntament.jsx,p,206,PERILL_XSS,0,key dangerouslySetInnerHTML,whitespace-pre-line last:mb-0
UniversalAjuntament.jsx,src/components/profile/UniversalAjuntament.jsx,div,220,OK,7,,flex items-center justify-between border-b border-black/10 dark:border-white/10 mb-6 overflow-x-auto no-scrollbar scroll-smooth w-full mt-4
UniversalAjuntament.jsx,src/components/profile/UniversalAjuntament.jsx,div,221,OK,9,,flex gap-1 sm:gap-2
UniversalAjuntament.jsx,src/components/profile/UniversalAjuntament.jsx,TabButton,222,A11Y_CLICK_SENSE_ROLE,0,active onClick icon label,
UniversalAjuntament.jsx,src/components/profile/UniversalAjuntament.jsx,Grid,222,OK,0,size,
UniversalAjuntament.jsx,src/components/profile/UniversalAjuntament.jsx,TabButton,224,A11Y_CLICK_SENSE_ROLE,0,active onClick icon label,
UniversalAjuntament.jsx,src/components/profile/UniversalAjuntament.jsx,FileText,224,OK,0,size,
UniversalAjuntament.jsx,src/components/profile/UniversalAjuntament.jsx,TabButton,226,A11Y_CLICK_SENSE_ROLE,0,active onClick icon label,
UniversalAjuntament.jsx,src/components/profile/UniversalAjuntament.jsx,Users,226,OK,0,size,
UniversalAjuntament.jsx,src/components/profile/UniversalAjuntament.jsx,TabButton,227,A11Y_CLICK_SENSE_ROLE,0,active onClick icon label,
UniversalAjuntament.jsx,src/components/profile/UniversalAjuntament.jsx,Contact,227,OK,0,size,
UniversalAjuntament.jsx,src/components/profile/UniversalAjuntament.jsx,div,231,OK,7,,flex gap-1 pr-2 pb-2 shrink-0
UniversalAjuntament.jsx,src/components/profile/UniversalAjuntament.jsx,button,232,OK,3,onClick title,[Dinàmic]
UniversalAjuntament.jsx,src/components/profile/UniversalAjuntament.jsx,Square,237,OK,0,size strokeWidth,
UniversalAjuntament.jsx,src/components/profile/UniversalAjuntament.jsx,button,239,OK,3,onClick title,[Dinàmic]
UniversalAjuntament.jsx,src/components/profile/UniversalAjuntament.jsx,LayoutGrid,244,OK,0,size strokeWidth,
UniversalAjuntament.jsx,src/components/profile/UniversalAjuntament.jsx,button,246,OK,3,onClick title,[Dinàmic]
UniversalAjuntament.jsx,src/components/profile/UniversalAjuntament.jsx,List,251,OK,0,size strokeWidth,
UniversalAjuntament.jsx,src/components/profile/UniversalAjuntament.jsx,div,257,OK,9,,stable-scroll min-h-[40vh] pb-10
UniversalAjuntament.jsx,src/components/profile/UniversalAjuntament.jsx,div,259,OK,3,,w-full
UniversalAjuntament.jsx,src/components/profile/UniversalAjuntament.jsx,div,261,OK,3,,min-h-[500px]
UniversalAjuntament.jsx,src/components/profile/UniversalAjuntament.jsx,Feed,262,OK,0,hideHeader customPosts externalViewMode,
UniversalAjuntament.jsx,src/components/profile/UniversalAjuntament.jsx,div,265,OK,3,,text-[var(--text-muted)] text-sm text-center py-10 glass-rural rounded-2xl mx-2 mt-4
UniversalAjuntament.jsx,src/components/profile/UniversalAjuntament.jsx,div,272,OK,3,,animate-in fade-in slide-in-from-bottom-2 duration-300
UniversalAjuntament.jsx,src/components/profile/UniversalAjuntament.jsx,ContentWithShortcodes,273,OK,0,content hideTabs,
UniversalAjuntament.jsx,src/components/profile/UniversalAjuntament.jsx,div,277,OK,5,,animate-in fade-in slide-in-from-bottom-2 duration-300
UniversalAjuntament.jsx,src/components/profile/UniversalAjuntament.jsx,ConnectionsTab,278,FANTASMA_BUIT,0,,
UniversalAjuntament.jsx,src/components/profile/UniversalAjuntament.jsx,TraitsViewer,279,OK,0,traits type,
UniversalAjuntament.jsx,src/components/profile/UniversalAjuntament.jsx,VCardTab,282,OK,0,entity profile,
UniversalAjuntament.jsx,src/components/profile/UniversalAjuntament.jsx,button,291,OK,5,onClick aria-label title,[Dinàmic]
UniversalAjuntament.jsx,src/components/profile/UniversalAjuntament.jsx,span,298,OK,1,,hidden lg:inline-block
UniversalAjuntament.jsx,src/components/profile/UniversalAjuntament.jsx,div,340,OK,7,,glass-rural p-6 rounded-3xl mx-2 animate-in fade-in slide-in-from-bottom-2 duration-300
UniversalAjuntament.jsx,src/components/profile/UniversalAjuntament.jsx,h3,341,OK,3,,text-xl font-black text-theme-text mb-6 flex items-center gap-2 leading-none
UniversalAjuntament.jsx,src/components/profile/UniversalAjuntament.jsx,Contact,342,OK,0,size,text-theme-accent-primary
UniversalAjuntament.jsx,src/components/profile/UniversalAjuntament.jsx,div,346,OK,11,,space-y-6
UniversalAjuntament.jsx,src/components/profile/UniversalAjuntament.jsx,div,347,OK,5,,flex flex-col gap-1
UniversalAjuntament.jsx,src/components/profile/UniversalAjuntament.jsx,span,348,OK,1,,text-xs uppercase font-bold text-[var(--text-muted)] tracking-wider
UniversalAjuntament.jsx,src/components/profile/UniversalAjuntament.jsx,span,349,OK,1,,text-lg font-bold text-theme-text
UniversalAjuntament.jsx,src/components/profile/UniversalAjuntament.jsx,div,353,OK,5,,flex flex-col gap-1
UniversalAjuntament.jsx,src/components/profile/UniversalAjuntament.jsx,span,354,OK,1,,text-xs uppercase font-bold text-[var(--text-muted)] tracking-wider
UniversalAjuntament.jsx,src/components/profile/UniversalAjuntament.jsx,span,355,OK,1,,text-base font-medium text-theme-text
UniversalAjuntament.jsx,src/components/profile/UniversalAjuntament.jsx,div,360,OK,5,,flex flex-col gap-1
UniversalAjuntament.jsx,src/components/profile/UniversalAjuntament.jsx,span,361,OK,1,,text-xs uppercase font-bold text-[var(--text-muted)] tracking-wider
UniversalAjuntament.jsx,src/components/profile/UniversalAjuntament.jsx,span,362,OK,3,,text-base font-medium text-theme-text
UniversalAjuntament.jsx,src/components/profile/UniversalAjuntament.jsx,div,367,OK,5,,flex flex-col gap-1
UniversalAjuntament.jsx,src/components/profile/UniversalAjuntament.jsx,span,368,OK,1,,text-xs uppercase font-bold text-[var(--text-muted)] tracking-wider
UniversalAjuntament.jsx,src/components/profile/UniversalAjuntament.jsx,span,369,OK,1,,text-base font-medium text-theme-text
UniversalAjuntament.jsx,src/components/profile/UniversalAjuntament.jsx,div,374,OK,5,,flex flex-col gap-1
UniversalAjuntament.jsx,src/components/profile/UniversalAjuntament.jsx,span,375,OK,1,,text-xs uppercase font-bold text-[var(--text-muted)] tracking-wider
UniversalAjuntament.jsx,src/components/profile/UniversalAjuntament.jsx,span,376,OK,1,,text-sm text-[var(--text-muted)] leading-relaxed
UniversalAjuntament.jsx,src/components/profile/UniversalAjuntament.jsx,div,381,OK,3,,mt-10 pt-6 border-t border-border-master flex justify-end
UniversalAjuntament.jsx,src/components/profile/UniversalAjuntament.jsx,button,382,CSS_EXCESSIU,5,onClick,flex items-center justify-center gap-2 px-6 py-3 min-h-[48px] rounded-xl font-black text-base transition-all bg-theme-panel text-theme-text shadow-lg hover:scale-105 active:scale-95 border border-border-master hover:border-theme-accent-primary hover:text-theme-accent-primary
UniversalAjuntament.jsx,src/components/profile/UniversalAjuntament.jsx,Download,386,OK,0,size,
UniversalAjuntament.jsx,src/components/profile/UniversalAjuntament.jsx,span,387,WRAPPER_INUTIL,1,,
UniversalAjuntament.jsx,src/components/profile/UniversalAjuntament.jsx,div,397,OK,5,,glass-rural p-6 rounded-3xl mx-2 shadow-sm border border-black/5 dark:border-white/5 mb-6
UniversalAjuntament.jsx,src/components/profile/UniversalAjuntament.jsx,div,398,OK,3,,flex items-center gap-3 mb-6 border-b border-border-master pb-4
UniversalAjuntament.jsx,src/components/profile/UniversalAjuntament.jsx,h3,399,OK,3,,font-bold text-theme-text text-lg flex items-center gap-2 leading-none
UniversalAjuntament.jsx,src/components/profile/UniversalAjuntament.jsx,Users,400,OK,0,size,text-theme-accent-primary
UniversalAjuntament.jsx,src/components/profile/UniversalAjuntament.jsx,div,405,OK,9,,bg-[#FF6D23]/10 border border-[#FF6D23]/20 dark:border-[#FF6D23]/30 rounded-2xl p-4 flex flex-col sm:flex-row items-center gap-4 relative overflow-hidden
UniversalAjuntament.jsx,src/components/profile/UniversalAjuntament.jsx,div,406,OK,0,,absolute right-0 top-0 w-32 h-32 bg-[#FF6D23] opacity-5 rounded-full blur-2xl transform translate-x-10 -translate-y-10 pointer-events-none
UniversalAjuntament.jsx,src/components/profile/UniversalAjuntament.jsx,div,407,OK,3,,w-14 h-14 rounded-full overflow-hidden border-2 border-[#FF6D23] shrink-0 shadow-sm relative z-10
UniversalAjuntament.jsx,src/components/profile/UniversalAjuntament.jsx,img,408,OK,0,src alt,w-full h-full object-cover
UniversalAjuntament.jsx,src/components/profile/UniversalAjuntament.jsx,div,410,OK,5,,text-center sm:text-left flex-1 relative z-10
UniversalAjuntament.jsx,src/components/profile/UniversalAjuntament.jsx,h4,411,OK,1,,font-black text-theme-text text-[17px] mb-0.5
UniversalAjuntament.jsx,src/components/profile/UniversalAjuntament.jsx,p,412,OK,1,,text-[11px] sm:text-xs text-[var(--text-muted)] font-black uppercase tracking-wider
UniversalAjuntament.jsx,src/components/profile/UniversalAjuntament.jsx,div,414,OK,3,,shrink-0 mt-2 sm:mt-0 relative z-10
UniversalAjuntament.jsx,src/components/profile/UniversalAjuntament.jsx,span,415,OK,1,,bg-[#FF6D23] text-white text-[10px] uppercase font-black px-3 py-1.5 rounded-full tracking-wider shadow-md
UniversalAjuntament.jsx,src/components/profile/UniversalAjuntament.jsx,div,428,OK,1,,glass-rural p-6 rounded-3xl mx-2 text-center text-sm font-bold text-[var(--text-muted)]
UniversalAjuntament.jsx,src/components/profile/UniversalAjuntament.jsx,div,444,OK,5,,glass-rural p-6 rounded-3xl mx-2 shadow-sm border border-black/5 dark:border-white/5
UniversalAjuntament.jsx,src/components/profile/UniversalAjuntament.jsx,div,445,OK,5,,flex items-center gap-3 mb-6 border-b border-border-master pb-4
UniversalAjuntament.jsx,src/components/profile/UniversalAjuntament.jsx,span,446,OK,3,,[Dinàmic]
UniversalAjuntament.jsx,src/components/profile/UniversalAjuntament.jsx,h3,449,OK,1,,font-bold text-theme-text text-lg
UniversalAjuntament.jsx,src/components/profile/UniversalAjuntament.jsx,div,452,OK,3,,grid grid-cols-1 sm:grid-cols-2 gap-6
UniversalAjuntament.jsx,src/components/profile/UniversalAjuntament.jsx,div,454,OK,5,key,bg-black/5 dark:bg-white/5 p-4 rounded-2xl border border-black/5 dark:border-white/5 overflow-hidden
UniversalAjuntament.jsx,src/components/profile/UniversalAjuntament.jsx,span,455,OK,3,,text-[11px] uppercase tracking-wider text-[var(--text-muted)] font-black block mb-1
UniversalAjuntament.jsx,src/components/profile/UniversalAjuntament.jsx,span,458,OK,3,,text-sm font-bold text-theme-text break-words
UniversalAjuntament.jsx,src/components/profile/UniversalAjuntament.jsx,div,460,OK,3,,flex flex-wrap gap-2 mt-2
UniversalAjuntament.jsx,src/components/profile/UniversalAjuntament.jsx,span,462,OK,3,key,bg-black/10 dark:bg-white/10 px-2 py-1 rounded-md text-xs
UniversalAjuntament.jsx,src/components/profile/UniversalAjuntament.jsx,span,465,OK,1,,opacity-50 italic
UniversalAjuntament.jsx,src/components/profile/UniversalAjuntament.jsx,pre,468,OK,3,,text-[10px] whitespace-pre-wrap font-mono mt-2 bg-black/5 dark:bg-white/5 p-2 rounded-lg overflow-x-auto
UniversalAjuntament.jsx,src/components/profile/UniversalAjuntament.jsx,span,474,OK,1,,opacity-50 italic
UniversalGentDePoble.jsx,src/components/profile/UniversalGentDePoble.jsx,div,92,OK,13,,atom-root bg-theme-base min-h-screen pb-20
UniversalGentDePoble.jsx,src/components/profile/UniversalGentDePoble.jsx,div,95,OK,3,,sticky top-0 z-[var(--z-sticky;200)] w-full max-w-full overflow-hidden shadow-lg bg-[#4F46E5] text-white transition-all shrink-0
UniversalGentDePoble.jsx,src/components/profile/UniversalGentDePoble.jsx,div,96,OK,9,,flex items-center justify-between min-h-[56px] px-2 sm:px-4 w-full max-w-7xl mx-auto overflow-hidden
UniversalGentDePoble.jsx,src/components/profile/UniversalGentDePoble.jsx,div,99,OK,3,,flex items-center justify-start gap-1 shrink-0
UniversalGentDePoble.jsx,src/components/profile/UniversalGentDePoble.jsx,button,100,OK,3,onClick aria-label,flex items-center justify-center min-h-[44px] w-[44px] rounded-xl hover:bg-white/20 active:scale-95 transition-colors touch-manipulation shrink-0
UniversalGentDePoble.jsx,src/components/profile/UniversalGentDePoble.jsx,ArrowLeft,105,OK,0,size strokeWidth,
UniversalGentDePoble.jsx,src/components/profile/UniversalGentDePoble.jsx,div,110,OK,9,,flex items-center justify-end gap-1 sm:gap-2 flex-1 min-w-0 overflow-x-auto no-scrollbar scroll-smooth
UniversalGentDePoble.jsx,src/components/profile/UniversalGentDePoble.jsx,button,111,CSS_EXCESSIU,5,aria-label onClick,flex items-center justify-center gap-1.5 min-h-[44px] px-2 sm:px-3 rounded-xl hover:bg-white/20 active:scale-95 transition-colors touch-manipulation font-bold uppercase text-sm shrink-0
UniversalGentDePoble.jsx,src/components/profile/UniversalGentDePoble.jsx,img,116,OK,0,src alt,w-[20px] h-[20px] object-contain drop-shadow-sm brightness-110
UniversalGentDePoble.jsx,src/components/profile/UniversalGentDePoble.jsx,span,117,OK,1,,hidden xl:inline tracking-wider
UniversalGentDePoble.jsx,src/components/profile/UniversalGentDePoble.jsx,button,120,OK,4,aria-label onClick,flex items-center justify-center gap-2 min-h-[44px] px-2 sm:px-3 hover:bg-white/20 rounded-xl active:scale-95 touch-manipulation font-bold uppercase text-sm shrink-0
UniversalGentDePoble.jsx,src/components/profile/UniversalGentDePoble.jsx,MessageCircle,128,OK,0,size,
UniversalGentDePoble.jsx,src/components/profile/UniversalGentDePoble.jsx,span,128,OK,1,,hidden xl:inline tracking-wider
UniversalGentDePoble.jsx,src/components/profile/UniversalGentDePoble.jsx,button,131,OK,4,aria-label onClick,flex items-center justify-center gap-2 min-h-[44px] px-2 sm:px-3 hover:bg-white/20 rounded-xl active:scale-95 touch-manipulation font-bold uppercase text-sm shrink-0
UniversalGentDePoble.jsx,src/components/profile/UniversalGentDePoble.jsx,Share2,136,OK,0,size,
UniversalGentDePoble.jsx,src/components/profile/UniversalGentDePoble.jsx,span,136,OK,1,,hidden xl:inline tracking-wider
UniversalGentDePoble.jsx,src/components/profile/UniversalGentDePoble.jsx,button,140,OK,5,onClick,btn-action-primary
UniversalGentDePoble.jsx,src/components/profile/UniversalGentDePoble.jsx,Plus,144,OK,0,size strokeWidth,
UniversalGentDePoble.jsx,src/components/profile/UniversalGentDePoble.jsx,span,145,WRAPPER_INUTIL,1,,
UniversalGentDePoble.jsx,src/components/profile/UniversalGentDePoble.jsx,div,153,OK,9,role aria-label,relative w-full h-48 sm:h-64 md:h-80 bg-black/10 dark:bg-white/5
UniversalGentDePoble.jsx,src/components/profile/UniversalGentDePoble.jsx,div,155,OK,3,,absolute top-4 right-4 z-[201]
UniversalGentDePoble.jsx,src/components/profile/UniversalGentDePoble.jsx,button,156,CSS_EXCESSIU,3,onClick,btn-tactile bg-theme-panel text-theme-text border border-border-master px-4 py-2 text-sm font-bold flex items-center rounded-2xl shadow-lg hover:scale-105 active:scale-95 transition-all
UniversalGentDePoble.jsx,src/components/profile/UniversalGentDePoble.jsx,Settings,160,OK,0,size,mr-2
UniversalGentDePoble.jsx,src/components/profile/UniversalGentDePoble.jsx,img,166,OK,0,src alt loading onError,w-full h-full object-cover
UniversalGentDePoble.jsx,src/components/profile/UniversalGentDePoble.jsx,div,174,OK,0,,w-full h-full bg-gradient-to-r from-theme-panel to-theme-base opacity-50
UniversalGentDePoble.jsx,src/components/profile/UniversalGentDePoble.jsx,div,176,OK,0,,absolute inset-0 bg-gradient-to-b from-transparent via-transparent to-theme-base opacity-90
UniversalGentDePoble.jsx,src/components/profile/UniversalGentDePoble.jsx,div,177,OK,3,,absolute bottom-2 right-2 bg-black/40 backdrop-blur-md px-2 py-1 rounded text-[10px] text-white/80 font-medium z-10
UniversalGentDePoble.jsx,src/components/profile/UniversalGentDePoble.jsx,div,183,OK,17,,mt-6 px-4 sm:px-6 max-w-4xl mx-auto
UniversalGentDePoble.jsx,src/components/profile/UniversalGentDePoble.jsx,div,184,OK,5,,flex flex-col sm:flex-row sm:items-center justify-between gap-4 mb-2
UniversalGentDePoble.jsx,src/components/profile/UniversalGentDePoble.jsx,div,185,OK,5,,flex flex-row items-center gap-4
UniversalGentDePoble.jsx,src/components/profile/UniversalGentDePoble.jsx,div,186,OK,5,,relative w-24 h-24 sm:w-28 sm:h-28 rounded-full border-4 border-theme-panel bg-theme-panel shadow-sm glass-rural shrink-0 group
UniversalGentDePoble.jsx,src/components/profile/UniversalGentDePoble.jsx,div,188,OK,3,,[Dinàmic]
UniversalGentDePoble.jsx,src/components/profile/UniversalGentDePoble.jsx,img,189,OK,0,src alt,[Dinàmic]
UniversalGentDePoble.jsx,src/components/profile/UniversalGentDePoble.jsx,div,192,OK,3,,w-full h-full flex items-center justify-center bg-black/10 dark:bg-white/10 text-3xl font-black text-theme-text opacity-50 rounded-full
UniversalGentDePoble.jsx,src/components/profile/UniversalGentDePoble.jsx,div,196,CSS_EXCESSIU,3,,absolute -bottom-2 -right-2 bg-theme-base shadow-sm border border-black/5 dark:border-white/5 rounded px-1.5 py-0.5 text-[8px] font-bold text-[var(--text-muted)] whitespace-nowrap opacity-0 group-hover:opacity-100 transition-opacity
UniversalGentDePoble.jsx,src/components/profile/UniversalGentDePoble.jsx,div,201,OK,5,,flex flex-col justify-center
UniversalGentDePoble.jsx,src/components/profile/UniversalGentDePoble.jsx,h1,202,OK,5,,text-3xl sm:text-4xl font-black text-theme-text flex items-center gap-2 tracking-tight
UniversalGentDePoble.jsx,src/components/profile/UniversalGentDePoble.jsx,BadgeCheck,204,OK,0,size,text-theme-accent-secondary shrink-0
UniversalGentDePoble.jsx,src/components/profile/UniversalGentDePoble.jsx,div,206,OK,5,,flex items-center gap-2
UniversalGentDePoble.jsx,src/components/profile/UniversalGentDePoble.jsx,p,207,OK,3,,text-theme-accent-primary font-bold text-lg mb-0
UniversalGentDePoble.jsx,src/components/profile/UniversalGentDePoble.jsx,span,210,OK,1,,bg-black/5 dark:bg-white/5 text-[10px] px-1.5 py-0.5 rounded text-[var(--text-muted)]
UniversalGentDePoble.jsx,src/components/profile/UniversalGentDePoble.jsx,p,218,OK,5,,text-[var(--text-muted)] flex items-center text-sm font-semibold mb-4 mt-2
UniversalGentDePoble.jsx,src/components/profile/UniversalGentDePoble.jsx,MapPin,219,OK,0,size,mr-1
UniversalGentDePoble.jsx,src/components/profile/UniversalGentDePoble.jsx,div,225,CSS_EXCESSIU,7,,my-7 bg-[#FF6D23]/10 dark:bg-[#FF6D23]/15 border border-[#FF6D23]/40 dark:border-[#FF6D23]/60 rounded-xl px-4 py-3 sm:px-5 sm:py-3.5 flex flex-col sm:flex-row items-center sm:items-start gap-3 shadow-sm relative overflow-hidden max-w-4xl
UniversalGentDePoble.jsx,src/components/profile/UniversalGentDePoble.jsx,div,226,OK,0,,absolute top-0 right-0 w-32 h-32 bg-[#FF6D23] opacity-5 rounded-full blur-2xl transform translate-x-10 -translate-y-10 pointer-events-none
UniversalGentDePoble.jsx,src/components/profile/UniversalGentDePoble.jsx,div,227,OK,3,,shrink-0 bg-[#FF6D23] text-white p-2 rounded-lg shadow-sm z-10 animate-pulse-slow mt-1 sm:mt-0
UniversalGentDePoble.jsx,src/components/profile/UniversalGentDePoble.jsx,Info,228,OK,0,size strokeWidth,
UniversalGentDePoble.jsx,src/components/profile/UniversalGentDePoble.jsx,div,230,OK,5,,flex-1 z-10
UniversalGentDePoble.jsx,src/components/profile/UniversalGentDePoble.jsx,div,231,OK,5,,flex items-center gap-2
UniversalGentDePoble.jsx,src/components/profile/UniversalGentDePoble.jsx,h3,232,OK,1,,text-[15px] sm:text-base font-black text-[#FF6D23] mb-0.5 uppercase tracking-tight text-center sm:text-left
UniversalGentDePoble.jsx,src/components/profile/UniversalGentDePoble.jsx,span,233,OK,1,,bg-[#FF6D23]/20 text-[#FF6D23] text-[10px] px-1.5 py-0.5 rounded font-bold
UniversalGentDePoble.jsx,src/components/profile/UniversalGentDePoble.jsx,p,235,OK,3,,text-[13px] sm:text-sm text-theme-text font-medium leading-snug opacity-90 text-center sm:text-left mb-0 pb-0
UniversalGentDePoble.jsx,src/components/profile/UniversalGentDePoble.jsx,div,241,OK,3,,text-base leading-relaxed text-theme-text max-w-2xl mb-6 mt-4 app-cms-content prose prose-lg dark:prose-invert
UniversalGentDePoble.jsx,src/components/profile/UniversalGentDePoble.jsx,p,243,PERILL_XSS,0,key dangerouslySetInnerHTML,whitespace-pre-line last:mb-0
UniversalGentDePoble.jsx,src/components/profile/UniversalGentDePoble.jsx,div,257,OK,7,,flex items-center justify-between border-b border-black/10 dark:border-white/10 mb-6 overflow-x-auto no-scrollbar scroll-smooth w-full mt-4
UniversalGentDePoble.jsx,src/components/profile/UniversalGentDePoble.jsx,div,258,OK,11,,flex gap-1 sm:gap-2
UniversalGentDePoble.jsx,src/components/profile/UniversalGentDePoble.jsx,TabButton,259,A11Y_CLICK_SENSE_ROLE,0,active onClick icon label,
UniversalGentDePoble.jsx,src/components/profile/UniversalGentDePoble.jsx,Grid,259,OK,0,size,
UniversalGentDePoble.jsx,src/components/profile/UniversalGentDePoble.jsx,TabButton,261,A11Y_CLICK_SENSE_ROLE,0,active onClick icon label,
UniversalGentDePoble.jsx,src/components/profile/UniversalGentDePoble.jsx,FileText,261,OK,0,size,
UniversalGentDePoble.jsx,src/components/profile/UniversalGentDePoble.jsx,TabButton,263,A11Y_CLICK_SENSE_ROLE,0,active onClick icon label,
UniversalGentDePoble.jsx,src/components/profile/UniversalGentDePoble.jsx,Users,263,OK,0,size,
UniversalGentDePoble.jsx,src/components/profile/UniversalGentDePoble.jsx,TabButton,264,A11Y_CLICK_SENSE_ROLE,0,active onClick icon label,
UniversalGentDePoble.jsx,src/components/profile/UniversalGentDePoble.jsx,ImageIcon,264,OK,0,size,
UniversalGentDePoble.jsx,src/components/profile/UniversalGentDePoble.jsx,TabButton,265,A11Y_CLICK_SENSE_ROLE,0,active onClick icon label,
UniversalGentDePoble.jsx,src/components/profile/UniversalGentDePoble.jsx,Contact,265,OK,0,size,
UniversalGentDePoble.jsx,src/components/profile/UniversalGentDePoble.jsx,div,269,OK,7,,flex gap-1 pr-2 pb-2 shrink-0
UniversalGentDePoble.jsx,src/components/profile/UniversalGentDePoble.jsx,button,270,OK,3,onClick title,[Dinàmic]
UniversalGentDePoble.jsx,src/components/profile/UniversalGentDePoble.jsx,Square,275,OK,0,size strokeWidth,
UniversalGentDePoble.jsx,src/components/profile/UniversalGentDePoble.jsx,button,277,OK,3,onClick title,[Dinàmic]
UniversalGentDePoble.jsx,src/components/profile/UniversalGentDePoble.jsx,LayoutGrid,282,OK,0,size strokeWidth,
UniversalGentDePoble.jsx,src/components/profile/UniversalGentDePoble.jsx,button,284,OK,3,onClick title,[Dinàmic]
UniversalGentDePoble.jsx,src/components/profile/UniversalGentDePoble.jsx,List,289,OK,0,size strokeWidth,
UniversalGentDePoble.jsx,src/components/profile/UniversalGentDePoble.jsx,div,295,OK,11,,stable-scroll min-h-[40vh] pb-10
UniversalGentDePoble.jsx,src/components/profile/UniversalGentDePoble.jsx,div,297,OK,3,,w-full
UniversalGentDePoble.jsx,src/components/profile/UniversalGentDePoble.jsx,div,299,OK,3,,min-h-[500px]
UniversalGentDePoble.jsx,src/components/profile/UniversalGentDePoble.jsx,Feed,300,OK,0,hideHeader customPosts externalViewMode,
UniversalGentDePoble.jsx,src/components/profile/UniversalGentDePoble.jsx,div,303,OK,3,,text-[var(--text-muted)] text-sm text-center py-10 glass-rural rounded-2xl mx-2 mt-4
UniversalGentDePoble.jsx,src/components/profile/UniversalGentDePoble.jsx,div,310,OK,3,,animate-in fade-in slide-in-from-bottom-2 duration-300
UniversalGentDePoble.jsx,src/components/profile/UniversalGentDePoble.jsx,ContentWithShortcodes,311,OK,0,content hideTabs,
UniversalGentDePoble.jsx,src/components/profile/UniversalGentDePoble.jsx,div,315,OK,5,,animate-in fade-in slide-in-from-bottom-2 duration-300
UniversalGentDePoble.jsx,src/components/profile/UniversalGentDePoble.jsx,ConnectionsTab,316,FANTASMA_BUIT,0,,
UniversalGentDePoble.jsx,src/components/profile/UniversalGentDePoble.jsx,TraitsViewer,317,OK,0,traits type,
UniversalGentDePoble.jsx,src/components/profile/UniversalGentDePoble.jsx,div,321,OK,5,,flex flex-col gap-2
UniversalGentDePoble.jsx,src/components/profile/UniversalGentDePoble.jsx,TownProposalsTab,322,OK,0,entity,
UniversalGentDePoble.jsx,src/components/profile/UniversalGentDePoble.jsx,div,323,OK,1,,mx-4 mb-6 text-center text-xs text-[var(--text-muted)] italic
UniversalGentDePoble.jsx,src/components/profile/UniversalGentDePoble.jsx,VCardTab,328,OK,0,entity profile,
UniversalGentDePoble.jsx,src/components/profile/UniversalGentDePoble.jsx,button,337,OK,5,onClick aria-label title,[Dinàmic]
UniversalGentDePoble.jsx,src/components/profile/UniversalGentDePoble.jsx,span,344,OK,1,,hidden lg:inline-block
UniversalGentDePoble.jsx,src/components/profile/UniversalGentDePoble.jsx,div,386,OK,7,,glass-rural p-6 rounded-3xl mx-2 animate-in fade-in slide-in-from-bottom-2 duration-300
UniversalGentDePoble.jsx,src/components/profile/UniversalGentDePoble.jsx,h3,387,OK,3,,text-xl font-black text-theme-text mb-6 flex items-center gap-2 leading-none
UniversalGentDePoble.jsx,src/components/profile/UniversalGentDePoble.jsx,Contact,388,OK,0,size,text-theme-accent-primary
UniversalGentDePoble.jsx,src/components/profile/UniversalGentDePoble.jsx,div,392,OK,11,,space-y-6
UniversalGentDePoble.jsx,src/components/profile/UniversalGentDePoble.jsx,div,393,OK,5,,flex flex-col gap-1
UniversalGentDePoble.jsx,src/components/profile/UniversalGentDePoble.jsx,span,394,OK,1,,text-xs uppercase font-bold text-[var(--text-muted)] tracking-wider
UniversalGentDePoble.jsx,src/components/profile/UniversalGentDePoble.jsx,span,395,OK,1,,text-lg font-bold text-theme-text
UniversalGentDePoble.jsx,src/components/profile/UniversalGentDePoble.jsx,div,399,OK,5,,flex flex-col gap-1
UniversalGentDePoble.jsx,src/components/profile/UniversalGentDePoble.jsx,span,400,OK,1,,text-xs uppercase font-bold text-[var(--text-muted)] tracking-wider
UniversalGentDePoble.jsx,src/components/profile/UniversalGentDePoble.jsx,span,401,OK,1,,text-base font-medium text-theme-text
UniversalGentDePoble.jsx,src/components/profile/UniversalGentDePoble.jsx,div,406,OK,5,,flex flex-col gap-1
UniversalGentDePoble.jsx,src/components/profile/UniversalGentDePoble.jsx,span,407,OK,1,,text-xs uppercase font-bold text-[var(--text-muted)] tracking-wider
UniversalGentDePoble.jsx,src/components/profile/UniversalGentDePoble.jsx,span,408,OK,3,,text-base font-medium text-theme-text
UniversalGentDePoble.jsx,src/components/profile/UniversalGentDePoble.jsx,div,413,OK,5,,flex flex-col gap-1
UniversalGentDePoble.jsx,src/components/profile/UniversalGentDePoble.jsx,span,414,OK,1,,text-xs uppercase font-bold text-[var(--text-muted)] tracking-wider
UniversalGentDePoble.jsx,src/components/profile/UniversalGentDePoble.jsx,span,415,OK,1,,text-base font-medium text-theme-text
UniversalGentDePoble.jsx,src/components/profile/UniversalGentDePoble.jsx,div,420,OK,5,,flex flex-col gap-1
UniversalGentDePoble.jsx,src/components/profile/UniversalGentDePoble.jsx,span,421,OK,1,,text-xs uppercase font-bold text-[var(--text-muted)] tracking-wider
UniversalGentDePoble.jsx,src/components/profile/UniversalGentDePoble.jsx,span,422,OK,1,,text-sm text-[var(--text-muted)] leading-relaxed
UniversalGentDePoble.jsx,src/components/profile/UniversalGentDePoble.jsx,div,427,OK,3,,mt-10 pt-6 border-t border-border-master flex justify-end
UniversalGentDePoble.jsx,src/components/profile/UniversalGentDePoble.jsx,button,428,CSS_EXCESSIU,5,onClick,flex items-center justify-center gap-2 px-6 py-3 min-h-[48px] rounded-xl font-black text-base transition-all bg-theme-panel text-theme-text shadow-lg hover:scale-105 active:scale-95 border border-border-master hover:border-theme-accent-primary hover:text-theme-accent-primary
UniversalGentDePoble.jsx,src/components/profile/UniversalGentDePoble.jsx,Download,432,OK,0,size,
UniversalGentDePoble.jsx,src/components/profile/UniversalGentDePoble.jsx,span,433,WRAPPER_INUTIL,1,,
UniversalGentDePoble.jsx,src/components/profile/UniversalGentDePoble.jsx,div,443,OK,5,,glass-rural p-6 rounded-3xl mx-2 shadow-sm border border-black/5 dark:border-white/5 mb-6
UniversalGentDePoble.jsx,src/components/profile/UniversalGentDePoble.jsx,div,444,OK,3,,flex items-center gap-3 mb-6 border-b border-border-master pb-4
UniversalGentDePoble.jsx,src/components/profile/UniversalGentDePoble.jsx,h3,445,OK,3,,font-bold text-theme-text text-lg flex items-center gap-2 leading-none
UniversalGentDePoble.jsx,src/components/profile/UniversalGentDePoble.jsx,Users,446,OK,0,size,text-theme-accent-primary
UniversalGentDePoble.jsx,src/components/profile/UniversalGentDePoble.jsx,div,451,OK,9,,bg-[#FF6D23]/10 border border-[#FF6D23]/20 dark:border-[#FF6D23]/30 rounded-2xl p-4 flex flex-col sm:flex-row items-center gap-4 relative overflow-hidden
UniversalGentDePoble.jsx,src/components/profile/UniversalGentDePoble.jsx,div,452,OK,0,,absolute right-0 top-0 w-32 h-32 bg-[#FF6D23] opacity-5 rounded-full blur-2xl transform translate-x-10 -translate-y-10 pointer-events-none
UniversalGentDePoble.jsx,src/components/profile/UniversalGentDePoble.jsx,div,453,OK,3,,w-14 h-14 rounded-full overflow-hidden border-2 border-[#FF6D23] shrink-0 shadow-sm relative z-10
UniversalGentDePoble.jsx,src/components/profile/UniversalGentDePoble.jsx,img,454,OK,0,src alt,w-full h-full object-cover
UniversalGentDePoble.jsx,src/components/profile/UniversalGentDePoble.jsx,div,456,OK,5,,text-center sm:text-left flex-1 relative z-10
UniversalGentDePoble.jsx,src/components/profile/UniversalGentDePoble.jsx,h4,457,OK,1,,font-black text-theme-text text-[17px] mb-0.5
UniversalGentDePoble.jsx,src/components/profile/UniversalGentDePoble.jsx,p,458,OK,1,,text-[11px] sm:text-xs text-[var(--text-muted)] font-black uppercase tracking-wider
UniversalGentDePoble.jsx,src/components/profile/UniversalGentDePoble.jsx,div,460,OK,3,,shrink-0 mt-2 sm:mt-0 relative z-10
UniversalGentDePoble.jsx,src/components/profile/UniversalGentDePoble.jsx,span,461,OK,1,,bg-[#FF6D23] text-white text-[10px] uppercase font-black px-3 py-1.5 rounded-full tracking-wider shadow-md
UniversalGentDePoble.jsx,src/components/profile/UniversalGentDePoble.jsx,div,474,OK,1,,glass-rural p-6 rounded-3xl mx-2 text-center text-sm font-bold text-[var(--text-muted)]
UniversalGentDePoble.jsx,src/components/profile/UniversalGentDePoble.jsx,div,490,OK,5,,glass-rural p-6 rounded-3xl mx-2 shadow-sm border border-black/5 dark:border-white/5
UniversalGentDePoble.jsx,src/components/profile/UniversalGentDePoble.jsx,div,491,OK,5,,flex items-center gap-3 mb-6 border-b border-border-master pb-4
UniversalGentDePoble.jsx,src/components/profile/UniversalGentDePoble.jsx,span,492,OK,3,,[Dinàmic]
UniversalGentDePoble.jsx,src/components/profile/UniversalGentDePoble.jsx,h3,495,OK,1,,font-bold text-theme-text text-lg
UniversalGentDePoble.jsx,src/components/profile/UniversalGentDePoble.jsx,div,498,OK,3,,grid grid-cols-1 sm:grid-cols-2 gap-6
UniversalGentDePoble.jsx,src/components/profile/UniversalGentDePoble.jsx,div,500,OK,5,key,bg-black/5 dark:bg-white/5 p-4 rounded-2xl border border-black/5 dark:border-white/5 overflow-hidden
UniversalGentDePoble.jsx,src/components/profile/UniversalGentDePoble.jsx,span,501,OK,3,,text-[11px] uppercase tracking-wider text-[var(--text-muted)] font-black block mb-1
UniversalGentDePoble.jsx,src/components/profile/UniversalGentDePoble.jsx,span,504,OK,3,,text-sm font-bold text-theme-text break-words
UniversalGentDePoble.jsx,src/components/profile/UniversalGentDePoble.jsx,div,506,OK,3,,flex flex-wrap gap-2 mt-2
UniversalGentDePoble.jsx,src/components/profile/UniversalGentDePoble.jsx,span,508,OK,3,key,bg-black/10 dark:bg-white/10 px-2 py-1 rounded-md text-xs
UniversalGentDePoble.jsx,src/components/profile/UniversalGentDePoble.jsx,span,511,OK,1,,opacity-50 italic
UniversalGentDePoble.jsx,src/components/profile/UniversalGentDePoble.jsx,pre,514,OK,3,,text-[10px] whitespace-pre-wrap font-mono mt-2 bg-black/5 dark:bg-white/5 p-2 rounded-lg overflow-x-auto
UniversalGentDePoble.jsx,src/components/profile/UniversalGentDePoble.jsx,span,520,OK,1,,opacity-50 italic
PwaUpdater.jsx,src/components/pwa/PwaUpdater.jsx,div,89,OK,7,style,
PwaUpdater.jsx,src/components/pwa/PwaUpdater.jsx,p,90,OK,1,,font-bold mb-2
PwaUpdater.jsx,src/components/pwa/PwaUpdater.jsx,p,91,OK,1,,text-sm mb-4
PwaUpdater.jsx,src/components/pwa/PwaUpdater.jsx,button,92,OK,1,onClick,bg-white text-red-500 px-4 py-2 rounded text-sm font-bold
PwaUpdater.jsx,src/components/pwa/PwaUpdater.jsx,div,101,OK,7,style,
PwaUpdater.jsx,src/components/pwa/PwaUpdater.jsx,p,102,OK,1,,font-bold mb-2
PwaUpdater.jsx,src/components/pwa/PwaUpdater.jsx,p,103,OK,1,,text-sm mb-4
PwaUpdater.jsx,src/components/pwa/PwaUpdater.jsx,button,104,OK,3,onClick disabled,bg-white text-orange-500 px-4 py-2 rounded text-sm font-bold w-full
ProgressiveHydrator.jsx,src/components/shell/ProgressiveHydrator.jsx,div,22,OK,9,role style,
ProgressiveHydrator.jsx,src/components/shell/ProgressiveHydrator.jsx,p,31,OK,1,style,
ProgressiveHydrator.jsx,src/components/shell/ProgressiveHydrator.jsx,p,32,OK,1,style,
ProgressiveHydrator.jsx,src/components/shell/ProgressiveHydrator.jsx,p,35,OK,1,style,
ProgressiveHydrator.jsx,src/components/shell/ProgressiveHydrator.jsx,button,38,OK,1,onClick style,
ProgressiveHydrator.jsx,src/components/shell/ProgressiveHydrator.jsx,div,63,OK,1,aria-live aria-label style,
BootAntenna.jsx,src/components/sprites/BootAntenna.jsx,svg,5,OK,7,role aria-label width height viewBox xmlns ...spread,[Dinàmic]
BootAntenna.jsx,src/components/sprites/BootAntenna.jsx,title,15,OK,1,,
BootAntenna.jsx,src/components/sprites/BootAntenna.jsx,g,17,OK,9,stroke strokeWidth fill,
BootAntenna.jsx,src/components/sprites/BootAntenna.jsx,path,18,OK,0,d fill stroke,
BootAntenna.jsx,src/components/sprites/BootAntenna.jsx,rect,19,OK,0,x y width height rx fill,
BootAntenna.jsx,src/components/sprites/BootAntenna.jsx,circle,20,OK,0,cx cy r fill,
BootAntenna.jsx,src/components/sprites/BootAntenna.jsx,path,21,OK,0,d stroke strokeWidth fill,
BootAntenna.jsx,src/components/sprites/BootAntenna.jsx,text,24,OK,1,x y fontFamily fontSize fill,
ChickenRouter.jsx,src/components/sprites/ChickenRouter.jsx,svg,5,OK,7,role aria-label width height viewBox xmlns ...spread,[Dinàmic]
ChickenRouter.jsx,src/components/sprites/ChickenRouter.jsx,title,15,OK,1,,
ChickenRouter.jsx,src/components/sprites/ChickenRouter.jsx,g,17,OK,19,stroke strokeWidth fill,
ChickenRouter.jsx,src/components/sprites/ChickenRouter.jsx,ellipse,18,OK,0,cx cy rx ry fill stroke,
ChickenRouter.jsx,src/components/sprites/ChickenRouter.jsx,circle,19,OK,0,cx cy r fill,
ChickenRouter.jsx,src/components/sprites/ChickenRouter.jsx,path,20,OK,0,d stroke strokeWidth fill,
ChickenRouter.jsx,src/components/sprites/ChickenRouter.jsx,path,21,OK,0,d stroke strokeWidth fill,
ChickenRouter.jsx,src/components/sprites/ChickenRouter.jsx,circle,22,OK,0,cx cy r fill stroke,
ChickenRouter.jsx,src/components/sprites/ChickenRouter.jsx,circle,23,OK,0,cx cy r fill stroke,
ChickenRouter.jsx,src/components/sprites/ChickenRouter.jsx,path,24,OK,0,d stroke strokeWidth fill,
ChickenRouter.jsx,src/components/sprites/ChickenRouter.jsx,rect,25,OK,0,x y width height rx fill stroke,
ChickenRouter.jsx,src/components/sprites/ChickenRouter.jsx,circle,26,OK,0,cx cy r fill,
ChickenRouter.jsx,src/components/sprites/ChickenRouter.jsx,text,29,OK,1,x y fontFamily fontSize fill,
DataWorm.jsx,src/components/sprites/DataWorm.jsx,svg,5,OK,7,role aria-label width height viewBox xmlns ...spread,[Dinàmic]
DataWorm.jsx,src/components/sprites/DataWorm.jsx,title,15,OK,1,,
DataWorm.jsx,src/components/sprites/DataWorm.jsx,g,17,OK,7,stroke strokeWidth fill,
DataWorm.jsx,src/components/sprites/DataWorm.jsx,path,18,OK,0,d fill stroke,
DataWorm.jsx,src/components/sprites/DataWorm.jsx,circle,19,OK,0,cx cy r fill,
DataWorm.jsx,src/components/sprites/DataWorm.jsx,g,20,OK,7,fill,
DataWorm.jsx,src/components/sprites/DataWorm.jsx,rect,21,OK,0,x y width height rx,
DataWorm.jsx,src/components/sprites/DataWorm.jsx,rect,22,OK,0,x y width height rx,
DataWorm.jsx,src/components/sprites/DataWorm.jsx,rect,23,OK,0,x y width height rx,
DataWorm.jsx,src/components/sprites/DataWorm.jsx,text,27,OK,1,x y fontFamily fontSize fill,
EmberDust.jsx,src/components/sprites/EmberDust.jsx,svg,5,OK,7,role aria-label width height viewBox xmlns ...spread,[Dinàmic]
EmberDust.jsx,src/components/sprites/EmberDust.jsx,title,15,OK,1,,
EmberDust.jsx,src/components/sprites/EmberDust.jsx,g,17,OK,11,fill opacity stroke strokeWidth,
EmberDust.jsx,src/components/sprites/EmberDust.jsx,circle,18,OK,0,cx cy r,
EmberDust.jsx,src/components/sprites/EmberDust.jsx,circle,19,OK,0,cx cy r,
EmberDust.jsx,src/components/sprites/EmberDust.jsx,path,20,OK,0,d stroke strokeWidth fill,
EmberDust.jsx,src/components/sprites/EmberDust.jsx,rect,21,OK,0,x y width height rx,
EmberDust.jsx,src/components/sprites/EmberDust.jsx,path,22,OK,0,d stroke strokeWidth fill,
EmberDust.jsx,src/components/sprites/EmberDust.jsx,text,25,OK,1,x y fontFamily fontSize fill,
PigeonDrone.jsx,src/components/sprites/PigeonDrone.jsx,svg,5,OK,7,role aria-label width height viewBox xmlns ...spread,[Dinàmic]
PigeonDrone.jsx,src/components/sprites/PigeonDrone.jsx,title,15,OK,1,,
PigeonDrone.jsx,src/components/sprites/PigeonDrone.jsx,g,17,OK,15,stroke strokeWidth fill,
PigeonDrone.jsx,src/components/sprites/PigeonDrone.jsx,ellipse,18,OK,0,cx cy rx ry fill,
PigeonDrone.jsx,src/components/sprites/PigeonDrone.jsx,circle,19,OK,0,cx cy r fill,
PigeonDrone.jsx,src/components/sprites/PigeonDrone.jsx,rect,20,OK,0,x y width height rx fill,
PigeonDrone.jsx,src/components/sprites/PigeonDrone.jsx,path,21,OK,0,d stroke,
PigeonDrone.jsx,src/components/sprites/PigeonDrone.jsx,ellipse,22,OK,0,cx cy rx ry fill,
PigeonDrone.jsx,src/components/sprites/PigeonDrone.jsx,circle,23,OK,0,cx cy r fill,
PigeonDrone.jsx,src/components/sprites/PigeonDrone.jsx,path,24,OK,0,d stroke strokeWidth fill,
PigeonDrone.jsx,src/components/sprites/PigeonDrone.jsx,text,27,OK,1,x y fontFamily fontSize fill,
PixelPet.jsx,src/components/sprites/PixelPet.jsx,svg,5,OK,7,role aria-label width height viewBox xmlns ...spread,[Dinàmic]
PixelPet.jsx,src/components/sprites/PixelPet.jsx,title,15,OK,1,,
PixelPet.jsx,src/components/sprites/PixelPet.jsx,g,17,OK,13,stroke strokeWidth fill,
PixelPet.jsx,src/components/sprites/PixelPet.jsx,ellipse,18,OK,0,cx cy rx ry fill stroke,
PixelPet.jsx,src/components/sprites/PixelPet.jsx,circle,19,OK,0,cx cy r fill,
PixelPet.jsx,src/components/sprites/PixelPet.jsx,path,20,OK,0,d stroke fill,
PixelPet.jsx,src/components/sprites/PixelPet.jsx,path,21,OK,0,d stroke strokeWidth fill,
PixelPet.jsx,src/components/sprites/PixelPet.jsx,rect,22,OK,0,x y width height rx fill,
PixelPet.jsx,src/components/sprites/PixelPet.jsx,path,23,OK,0,d stroke strokeWidth,
PixelPet.jsx,src/components/sprites/PixelPet.jsx,text,26,OK,1,x y fontFamily fontSize fill,
RatSolder.jsx,src/components/sprites/RatSolder.jsx,svg,5,OK,7,role aria-label width height viewBox xmlns ...spread,[Dinàmic]
RatSolder.jsx,src/components/sprites/RatSolder.jsx,title,15,OK,1,,
RatSolder.jsx,src/components/sprites/RatSolder.jsx,g,17,OK,11,stroke strokeWidth fill,
RatSolder.jsx,src/components/sprites/RatSolder.jsx,ellipse,18,OK,0,cx cy rx ry fill stroke,
RatSolder.jsx,src/components/sprites/RatSolder.jsx,circle,19,OK,0,cx cy r fill,
RatSolder.jsx,src/components/sprites/RatSolder.jsx,rect,20,OK,0,x y width height rx fill stroke,
RatSolder.jsx,src/components/sprites/RatSolder.jsx,path,21,OK,0,d stroke strokeWidth,
RatSolder.jsx,src/components/sprites/RatSolder.jsx,path,22,OK,0,d stroke strokeWidth fill,
RatSolder.jsx,src/components/sprites/RatSolder.jsx,text,25,OK,1,x y fontFamily fontSize fill,
SausageFuse.jsx,src/components/sprites/SausageFuse.jsx,svg,5,OK,9,role aria-label width height viewBox xmlns ...spread,[Dinàmic]
SausageFuse.jsx,src/components/sprites/SausageFuse.jsx,title,15,OK,1,,
SausageFuse.jsx,src/components/sprites/SausageFuse.jsx,defs,16,OK,3,,
SausageFuse.jsx,src/components/sprites/SausageFuse.jsx,linearGradient,17,OK,5,x1 x2,
SausageFuse.jsx,src/components/sprites/SausageFuse.jsx,stop,18,OK,0,offset stopColor,
SausageFuse.jsx,src/components/sprites/SausageFuse.jsx,stop,19,OK,0,offset stopColor,
SausageFuse.jsx,src/components/sprites/SausageFuse.jsx,g,23,OK,7,fill stroke strokeWidth,
SausageFuse.jsx,src/components/sprites/SausageFuse.jsx,path,24,OK,0,d fill strokeLinejoin,
SausageFuse.jsx,src/components/sprites/SausageFuse.jsx,rect,25,OK,0,x y width height rx fill stroke,
SausageFuse.jsx,src/components/sprites/SausageFuse.jsx,g,26,OK,5,transform fill opacity,
SausageFuse.jsx,src/components/sprites/SausageFuse.jsx,ellipse,27,OK,0,cx cy rx ry,
SausageFuse.jsx,src/components/sprites/SausageFuse.jsx,path,28,OK,0,d stroke strokeWidth fill,
SausageFuse.jsx,src/components/sprites/SausageFuse.jsx,g,32,OK,3,aria-hidden fill fontSize fontFamily,
SausageFuse.jsx,src/components/sprites/SausageFuse.jsx,text,33,OK,1,x y,
SnailCable.jsx,src/components/sprites/SnailCable.jsx,svg,5,OK,7,role aria-label width height viewBox xmlns ...spread,[Dinàmic]
SnailCable.jsx,src/components/sprites/SnailCable.jsx,title,15,OK,1,,
SnailCable.jsx,src/components/sprites/SnailCable.jsx,g,17,OK,9,stroke strokeWidth fill,
SnailCable.jsx,src/components/sprites/SnailCable.jsx,path,18,OK,0,d fill stroke,
SnailCable.jsx,src/components/sprites/SnailCable.jsx,circle,19,OK,0,cx cy r fill,
SnailCable.jsx,src/components/sprites/SnailCable.jsx,path,20,OK,0,d stroke strokeWidth,
SnailCable.jsx,src/components/sprites/SnailCable.jsx,g,21,OK,5,fill,
SnailCable.jsx,src/components/sprites/SnailCable.jsx,circle,22,OK,0,cx cy r,
SnailCable.jsx,src/components/sprites/SnailCable.jsx,circle,23,OK,0,cx cy r,
SnailCable.jsx,src/components/sprites/SnailCable.jsx,text,27,OK,1,x y fontFamily fontSize fill,
SundialCron.jsx,src/components/sprites/SundialCron.jsx,svg,5,OK,5,role aria-label width height viewBox xmlns ...spread,[Dinàmic]
SundialCron.jsx,src/components/sprites/SundialCron.jsx,title,15,OK,1,,
SundialCron.jsx,src/components/sprites/SundialCron.jsx,g,17,OK,9,stroke strokeWidth fill,
SundialCron.jsx,src/components/sprites/SundialCron.jsx,circle,18,OK,0,cx cy r fill stroke,
SundialCron.jsx,src/components/sprites/SundialCron.jsx,rect,19,OK,0,x y width height fill,
SundialCron.jsx,src/components/sprites/SundialCron.jsx,circle,20,OK,0,cx cy r fill,
SundialCron.jsx,src/components/sprites/SundialCron.jsx,g,21,OK,3,fill fontSize fontFamily,
SundialCron.jsx,src/components/sprites/SundialCron.jsx,text,22,OK,1,x y textAnchor,
AccessibilitatUniversal.jsx,src/components/ui/AccessibilitatUniversal.jsx,div,46,OK,0,onClick role aria-hidden,accessibilitat-overlay fixed inset-0 bg-black/80 backdrop-blur-sm z-overlay
AccessibilitatUniversal.jsx,src/components/ui/AccessibilitatUniversal.jsx,div,54,OK,13,role aria-modal aria-labelledby aria-describedby data-accessibilitat-modal,accessibilitat-modal fixed right-0 top-0 h-full w-full max-w-md bg-theme-surface border-l border-theme-border z-modal shadow-2xl animate-in slide-in-from-right
AccessibilitatUniversal.jsx,src/components/ui/AccessibilitatUniversal.jsx,div,63,OK,7,role aria-label,accessibilitat-header h-[56px] min-h-[56px] px-4 flex items-center justify-between border-b border-theme-border flex-shrink-0
AccessibilitatUniversal.jsx,src/components/ui/AccessibilitatUniversal.jsx,h2,64,OK,1,,text-lg font-bold text-theme-text
AccessibilitatUniversal.jsx,src/components/ui/AccessibilitatUniversal.jsx,button,72,OK,3,onClick aria-label data-autofocus,p-2 rounded-full hover:bg-theme-surface-elevated transition-colors
AccessibilitatUniversal.jsx,src/components/ui/AccessibilitatUniversal.jsx,X,78,OK,0,size,text-theme-text
AccessibilitatUniversal.jsx,src/components/ui/AccessibilitatUniversal.jsx,div,83,OK,9,role,accessibilitat-content flex-1 overflow-y-auto pb-20 custom-scrollbar
AccessibilitatUniversal.jsx,src/components/ui/AccessibilitatUniversal.jsx,nav,89,OK,7,role aria-label,accessibilitat-nav px-4 py-3 border-b border-theme-border
AccessibilitatUniversal.jsx,src/components/ui/AccessibilitatUniversal.jsx,button,90,OK,1,role aria-selected aria-controls onClick,[Dinàmic]
AccessibilitatUniversal.jsx,src/components/ui/AccessibilitatUniversal.jsx,button,104,OK,1,role aria-selected aria-controls onClick,[Dinàmic]
AccessibilitatUniversal.jsx,src/components/ui/AccessibilitatUniversal.jsx,button,118,OK,1,role aria-selected aria-controls onClick,[Dinàmic]
AccessibilitatUniversal.jsx,src/components/ui/AccessibilitatUniversal.jsx,div,135,OK,7,role aria-label,accessibilitat-panels p-4 space-y-4
AccessibilitatUniversal.jsx,src/components/ui/AccessibilitatUniversal.jsx,section,138,OK,5,role aria-labelledby,space-y-4 animate-in fade-in
AccessibilitatUniversal.jsx,src/components/ui/AccessibilitatUniversal.jsx,div,144,OK,7,,accessibilitat-card bg-theme-surface-elevated rounded-xl p-4 border border-theme-border
AccessibilitatUniversal.jsx,src/components/ui/AccessibilitatUniversal.jsx,div,145,OK,5,,flex items-center gap-3 mb-3
AccessibilitatUniversal.jsx,src/components/ui/AccessibilitatUniversal.jsx,ShieldCheck,146,OK,0,size,text-success
AccessibilitatUniversal.jsx,src/components/ui/AccessibilitatUniversal.jsx,h3,147,OK,1,,font-bold text-theme-text
AccessibilitatUniversal.jsx,src/components/ui/AccessibilitatUniversal.jsx,p,149,OK,1,,text-sm text-theme-text-muted mb-4
AccessibilitatUniversal.jsx,src/components/ui/AccessibilitatUniversal.jsx,div,153,OK,7,,flex gap-2
AccessibilitatUniversal.jsx,src/components/ui/AccessibilitatUniversal.jsx,span,154,OK,1,,badge-success px-3 py-1 rounded-full text-xs font-bold bg-success/20 text-success
AccessibilitatUniversal.jsx,src/components/ui/AccessibilitatUniversal.jsx,span,157,OK,1,,badge-success px-3 py-1 rounded-full text-xs font-bold bg-success/20 text-success
AccessibilitatUniversal.jsx,src/components/ui/AccessibilitatUniversal.jsx,span,160,OK,1,,badge-success px-3 py-1 rounded-full text-xs font-bold bg-success/20 text-success
AccessibilitatUniversal.jsx,src/components/ui/AccessibilitatUniversal.jsx,div,166,OK,7,,accessibilitat-card bg-theme-surface-elevated rounded-xl p-4 border border-theme-border
AccessibilitatUniversal.jsx,src/components/ui/AccessibilitatUniversal.jsx,div,167,OK,5,,flex items-center gap-3 mb-3
AccessibilitatUniversal.jsx,src/components/ui/AccessibilitatUniversal.jsx,Briefcase,168,OK,0,size,text-primary
AccessibilitatUniversal.jsx,src/components/ui/AccessibilitatUniversal.jsx,h3,169,OK,1,,font-bold text-theme-text
AccessibilitatUniversal.jsx,src/components/ui/AccessibilitatUniversal.jsx,p,171,OK,1,,text-sm text-theme-text-muted mb-4
AccessibilitatUniversal.jsx,src/components/ui/AccessibilitatUniversal.jsx,button,175,OK,1,onClick aria-label,btn-primary w-full py-3 rounded-xl font-bold text-sm bg-primary hover:bg-primary-hover transition-colors
AccessibilitatUniversal.jsx,src/components/ui/AccessibilitatUniversal.jsx,section,187,OK,3,role aria-labelledby,space-y-4 animate-in fade-in
AccessibilitatUniversal.jsx,src/components/ui/AccessibilitatUniversal.jsx,div,193,OK,11,,accessibilitat-card bg-theme-surface-elevated rounded-xl p-4 border border-theme-border
AccessibilitatUniversal.jsx,src/components/ui/AccessibilitatUniversal.jsx,div,194,OK,5,,flex items-center gap-3 mb-3
AccessibilitatUniversal.jsx,src/components/ui/AccessibilitatUniversal.jsx,Eye,195,OK,0,size,text-secondary
AccessibilitatUniversal.jsx,src/components/ui/AccessibilitatUniversal.jsx,h3,196,OK,1,,font-bold text-theme-text
AccessibilitatUniversal.jsx,src/components/ui/AccessibilitatUniversal.jsx,label,200,OK,5,,flex items-center justify-between p-4 rounded-xl bg-theme-surface cursor-pointer mb-2 hover:bg-theme-surface/80 transition-colors
AccessibilitatUniversal.jsx,src/components/ui/AccessibilitatUniversal.jsx,div,201,OK,5,,flex-1
AccessibilitatUniversal.jsx,src/components/ui/AccessibilitatUniversal.jsx,span,202,OK,1,,text-sm font-bold text-theme-text
AccessibilitatUniversal.jsx,src/components/ui/AccessibilitatUniversal.jsx,p,203,OK,1,,text-xs text-theme-text-muted mt-1
AccessibilitatUniversal.jsx,src/components/ui/AccessibilitatUniversal.jsx,input,207,OK,0,type checked onChange aria-label,toggle-accessibility
AccessibilitatUniversal.jsx,src/components/ui/AccessibilitatUniversal.jsx,label,232,OK,5,,flex items-center justify-between p-4 rounded-xl bg-theme-surface cursor-pointer mb-2 hover:bg-theme-surface/80 transition-colors
AccessibilitatUniversal.jsx,src/components/ui/AccessibilitatUniversal.jsx,div,233,OK,5,,flex-1
AccessibilitatUniversal.jsx,src/components/ui/AccessibilitatUniversal.jsx,span,234,OK,1,,text-sm font-bold text-theme-text
AccessibilitatUniversal.jsx,src/components/ui/AccessibilitatUniversal.jsx,p,235,OK,1,,text-xs text-theme-text-muted mt-1
AccessibilitatUniversal.jsx,src/components/ui/AccessibilitatUniversal.jsx,input,239,OK,0,type checked onChange aria-label,toggle-accessibility
AccessibilitatUniversal.jsx,src/components/ui/AccessibilitatUniversal.jsx,section,266,OK,3,role aria-labelledby,space-y-4 animate-in fade-in
AccessibilitatUniversal.jsx,src/components/ui/AccessibilitatUniversal.jsx,div,272,OK,7,,accessibilitat-card bg-theme-surface-elevated rounded-xl p-4 border border-theme-border
AccessibilitatUniversal.jsx,src/components/ui/AccessibilitatUniversal.jsx,div,273,OK,5,,flex items-center gap-3 mb-3
AccessibilitatUniversal.jsx,src/components/ui/AccessibilitatUniversal.jsx,Handshake,274,OK,0,size,text-tertiary
AccessibilitatUniversal.jsx,src/components/ui/AccessibilitatUniversal.jsx,h3,275,OK,1,,font-bold text-theme-text
AccessibilitatUniversal.jsx,src/components/ui/AccessibilitatUniversal.jsx,p,277,OK,1,,text-sm text-theme-text-muted mb-4
AccessibilitatUniversal.jsx,src/components/ui/AccessibilitatUniversal.jsx,div,281,OK,5,,space-y-3
AccessibilitatUniversal.jsx,src/components/ui/AccessibilitatUniversal.jsx,label,282,OK,5,,flex items-center justify-between p-3 rounded-lg bg-theme-surface cursor-pointer hover:bg-theme-surface/80 transition-colors
AccessibilitatUniversal.jsx,src/components/ui/AccessibilitatUniversal.jsx,span,283,OK,1,,text-sm text-theme-text
AccessibilitatUniversal.jsx,src/components/ui/AccessibilitatUniversal.jsx,input,284,OK,0,type aria-label defaultChecked,toggle-accessibility
AccessibilitatUniversal.jsx,src/components/ui/AccessibilitatUniversal.jsx,label,291,OK,5,,flex items-center justify-between p-3 rounded-lg bg-theme-surface cursor-pointer hover:bg-theme-surface/80 transition-colors
AccessibilitatUniversal.jsx,src/components/ui/AccessibilitatUniversal.jsx,span,292,OK,1,,text-sm text-theme-text
AccessibilitatUniversal.jsx,src/components/ui/AccessibilitatUniversal.jsx,input,293,OK,0,type aria-label,toggle-accessibility
AccessibilitatUniversal.jsx,src/components/ui/AccessibilitatUniversal.jsx,footer,307,OK,5,,accessibilitat-footer h-[56px] min-h-[56px] px-4 flex items-center justify-between border-t border-theme-border flex-shrink-0 bg-theme-surface-elevated
AccessibilitatUniversal.jsx,src/components/ui/AccessibilitatUniversal.jsx,span,308,OK,1,,text-xs text-theme-text-muted
AccessibilitatUniversal.jsx,src/components/ui/AccessibilitatUniversal.jsx,button,311,OK,1,onClick aria-label,text-xs font-bold text-primary hover:text-primary-hover transition-colors
AdvancedDataGrid.jsx,src/components/ui/AdvancedDataGrid.jsx,th,134,OK,5,key scope aria-sort,px-3 py-2 text-left text-xs font-medium text-gray-500 uppercase tracking-wider select-none
AdvancedDataGrid.jsx,src/components/ui/AdvancedDataGrid.jsx,div,140,OK,3,,flex items-center gap-2
AdvancedDataGrid.jsx,src/components/ui/AdvancedDataGrid.jsx,button,141,OK,5,onClick aria-label aria-pressed,[Dinàmic]
AdvancedDataGrid.jsx,src/components/ui/AdvancedDataGrid.jsx,span,147,WRAPPER_INUTIL,1,,
AdvancedDataGrid.jsx,src/components/ui/AdvancedDataGrid.jsx,span,149,OK,3,aria-hidden,text-gray-400 text-xs
AdvancedDataGrid.jsx,src/components/ui/AdvancedDataGrid.jsx,div,157,OK,3,,mt-2
AdvancedDataGrid.jsx,src/components/ui/AdvancedDataGrid.jsx,input,158,OK,0,type value onChange placeholder aria-label,mt-1 block w-full border border-gray-200 rounded-md px-2 py-1 text-sm focus:outline-none focus:ring-2 focus:ring-offset-1 focus:ring-blue-200
AdvancedDataGrid.jsx,src/components/ui/AdvancedDataGrid.jsx,td,175,OK,3,key data-row data-col tabIndex role,px-3 py-2 text-sm text-gray-700 align-top focus:outline-none focus:ring-2 focus:ring-blue-200
AdvancedDataGrid.jsx,src/components/ui/AdvancedDataGrid.jsx,div,189,OK,7,role aria-labelledby,[Dinàmic]
AdvancedDataGrid.jsx,src/components/ui/AdvancedDataGrid.jsx,div,190,OK,5,,p-4 border-b border-gray-100 flex items-center justify-between
AdvancedDataGrid.jsx,src/components/ui/AdvancedDataGrid.jsx,div,191,OK,5,,
AdvancedDataGrid.jsx,src/components/ui/AdvancedDataGrid.jsx,h3,192,OK,1,,text-sm font-semibold
AdvancedDataGrid.jsx,src/components/ui/AdvancedDataGrid.jsx,p,193,OK,3,,text-xs text-gray-500
AdvancedDataGrid.jsx,src/components/ui/AdvancedDataGrid.jsx,div,196,OK,5,,flex items-center gap-2
AdvancedDataGrid.jsx,src/components/ui/AdvancedDataGrid.jsx,label,197,OK,1,,text-xs text-gray-600
AdvancedDataGrid.jsx,src/components/ui/AdvancedDataGrid.jsx,select,198,OK,3,value onChange aria-label,border border-gray-200 rounded-md px-2 py-1 text-sm bg-white focus:outline-none focus:ring-2 focus:ring-offset-1 focus:ring-blue-200
AdvancedDataGrid.jsx,src/components/ui/AdvancedDataGrid.jsx,option,204,OK,1,key value,
AdvancedDataGrid.jsx,src/components/ui/AdvancedDataGrid.jsx,div,209,OK,3,role aria-rowcount tabIndex ref,overflow-auto
AdvancedDataGrid.jsx,src/components/ui/AdvancedDataGrid.jsx,table,210,OK,7,role aria-label,min-w-full
AdvancedDataGrid.jsx,src/components/ui/AdvancedDataGrid.jsx,caption,211,OK,1,,sr-only
AdvancedDataGrid.jsx,src/components/ui/AdvancedDataGrid.jsx,thead,212,OK,3,,bg-gray-50 sticky top-0 z-10
AdvancedDataGrid.jsx,src/components/ui/AdvancedDataGrid.jsx,tr,213,OK,3,,
AdvancedDataGrid.jsx,src/components/ui/AdvancedDataGrid.jsx,tbody,218,OK,5,,
AdvancedDataGrid.jsx,src/components/ui/AdvancedDataGrid.jsx,tr,220,OK,3,,
AdvancedDataGrid.jsx,src/components/ui/AdvancedDataGrid.jsx,td,221,OK,1,colSpan,px-4 py-6 text-center text-sm text-gray-500
AdvancedDataGrid.jsx,src/components/ui/AdvancedDataGrid.jsx,tr,226,OK,3,key onClick role aria-rowindex,hover:bg-gray-50 cursor-pointer
AdvancedDataGrid.jsx,src/components/ui/AdvancedDataGrid.jsx,div,240,OK,5,,p-3 border-t border-gray-100 flex items-center justify-between
AdvancedDataGrid.jsx,src/components/ui/AdvancedDataGrid.jsx,div,241,OK,7,,text-sm text-gray-600
AdvancedDataGrid.jsx,src/components/ui/AdvancedDataGrid.jsx,div,245,OK,11,,flex items-center gap-2
AdvancedDataGrid.jsx,src/components/ui/AdvancedDataGrid.jsx,button,246,OK,1,onClick disabled aria-label,px-2 py-1 rounded-md bg-white border disabled:opacity-50
AdvancedDataGrid.jsx,src/components/ui/AdvancedDataGrid.jsx,button,254,OK,1,onClick disabled aria-label,px-2 py-1 rounded-md bg-white border disabled:opacity-50
AdvancedDataGrid.jsx,src/components/ui/AdvancedDataGrid.jsx,span,263,OK,1,,px-2 text-sm
AdvancedDataGrid.jsx,src/components/ui/AdvancedDataGrid.jsx,button,265,OK,1,onClick disabled aria-label,px-2 py-1 rounded-md bg-white border disabled:opacity-50
AdvancedDataGrid.jsx,src/components/ui/AdvancedDataGrid.jsx,button,273,OK,1,onClick disabled aria-label,px-2 py-1 rounded-md bg-white border disabled:opacity-50
Avatar.jsx,src/components/ui/Avatar.jsx,IconComponent,8,OK,0,size color,
Avatar.jsx,src/components/ui/Avatar.jsx,div,105,OK,3,style,[Dinàmic]
Avatar.jsx,src/components/ui/Avatar.jsx,DynamicIcon,106,OK,0,name size color,
Avatar.jsx,src/components/ui/Avatar.jsx,div,115,OK,3,style,[Dinàmic]
Avatar.jsx,src/components/ui/Avatar.jsx,span,116,OK,1,style,
Avatar.jsx,src/components/ui/Avatar.jsx,div,123,OK,3,style,[Dinàmic]
Avatar.jsx,src/components/ui/Avatar.jsx,img,124,OK,0,src alt loading decoding referrerPolicy crossOrigin style onError,
Avatar.jsx,src/components/ui/Avatar.jsx,div,148,OK,3,style,[Dinàmic]
Avatar.jsx,src/components/ui/Avatar.jsx,span,150,OK,1,style,
Avatar.jsx,src/components/ui/Avatar.jsx,DynamicIcon,152,OK,0,name size color,
BlueprintOverlay.jsx,src/components/ui/BlueprintOverlay.jsx,div,25,OK,5,,[Dinàmic]
BlueprintOverlay.jsx,src/components/ui/BlueprintOverlay.jsx,div,28,OK,3,style,[Dinàmic]
BlueprintOverlay.jsx,src/components/ui/BlueprintOverlay.jsx,div,32,OK,9,,[Dinàmic]
BlueprintOverlay.jsx,src/components/ui/BlueprintOverlay.jsx,ScanLine,33,OK,0,,w-3 h-3
BlueprintOverlay.jsx,src/components/ui/BlueprintOverlay.jsx,span,34,OK,3,,opacity-75 font-bold
BlueprintOverlay.jsx,src/components/ui/BlueprintOverlay.jsx,a,37,OK,3,href target rel,ml-2 pl-2 border-l border-white/30 text-yellow-300 hover:text-white transition-colors flex items-center gap-1 font-black
BlueprintOverlay.jsx,src/components/ui/BlueprintOverlay.jsx,Download,43,OK,0,size strokeWidth,
BrandLogo.jsx,src/components/ui/BrandLogo.jsx,svg,6,OK,2,viewBox version xmlns xmlnsXlink xmlSpace xmlnsSerif style,[Dinàmic]
BrandLogo.jsx,src/components/ui/BrandLogo.jsx,rect,6,OK,0,x y width height style,
BrandLogo.jsx,src/components/ui/BrandLogo.jsx,path,6,OK,0,d fill,
Button.jsx,src/components/ui/Button/Button.jsx,Component,39,A11Y_CLICK_SENSE_ROLE,3,ref disabled aria-disabled onClick ...spread,[Dinàmic]
Button.jsx,src/components/ui/Button/Button.jsx,svg,61,OK,5,xmlns fill viewBox,animate-spin -ml-1 mr-2 h-4 w-4 text-current
Button.jsx,src/components/ui/Button/Button.jsx,circle,62,OK,0,cx cy r stroke strokeWidth,opacity-25
Button.jsx,src/components/ui/Button/Button.jsx,path,63,OK,0,fill d,opacity-75
Button.jsx,src/components/ui/Button/Button.jsx,span,69,OK,1,,mr-2 flex-shrink-0
Button.jsx,src/components/ui/Button/Button.jsx,span,71,OK,1,,ml-2 flex-shrink-0
Button.test.jsx,src/components/ui/Button/Button.test.jsx,Button,7,OK,1,intent,
Button.test.jsx,src/components/ui/Button/Button.test.jsx,Button,13,OK,1,intent,
UniversalButton.jsx,src/components/ui/Button/UniversalButton.jsx,Component,58,A11Y_CLICK_SENSE_ROLE,3,ref disabled aria-disabled onClick ...spread,[Dinàmic]
UniversalButton.jsx,src/components/ui/Button/UniversalButton.jsx,svg,77,OK,5,xmlns fill viewBox,[Dinàmic]
UniversalButton.jsx,src/components/ui/Button/UniversalButton.jsx,circle,78,OK,0,cx cy r stroke strokeWidth,opacity-25
UniversalButton.jsx,src/components/ui/Button/UniversalButton.jsx,path,79,OK,0,fill d,opacity-75
UniversalButton.jsx,src/components/ui/Button/UniversalButton.jsx,span,85,OK,1,,flex-shrink-0
UniversalButton.jsx,src/components/ui/Button/UniversalButton.jsx,span,87,OK,1,,flex-shrink-0
UniversalCard.jsx,src/components/ui/Card/UniversalCard.jsx,Component,36,A11Y_CLICK_SENSE_ROLE,3,ref onClick ...spread,[Dinàmic]
ConnectButton.jsx,src/components/ui/ConnectButton.jsx,div,12,A11Y_CLICK_SENSE_ROLE,3,onClick title,[Dinàmic]
ConnectButton.jsx,src/components/ui/ConnectButton.jsx,div,17,OK,5,,w-[36px] h-[36px] rounded-xl bg-[#1A1A1A] flex items-center justify-center text-xs font-black text-white overflow-hidden shadow-sm
ConnectButton.jsx,src/components/ui/ConnectButton.jsx,img,19,OK,0,src alt onError,w-full h-full object-cover shrink-0
ConnectButton.jsx,src/components/ui/ConnectButton.jsx,span,30,OK,3,,[Dinàmic]
ConnectButton.jsx,src/components/ui/ConnectButton.jsx,button,39,OK,3,onClick title aria-label,[Dinàmic]
ConnectButton.jsx,src/components/ui/ConnectButton.jsx,UserPlus,45,OK,0,size strokeWidth,text-current
ContextualMenu.jsx,src/components/ui/ContextualMenu.jsx,div,75,OK,11,,h-[48px] min-h-[48px] max-h-[48px] w-full bg-[#1a1a1a] shadow-[inset_0_4px_10px_rgba(0;0;0;0.6)] flex items-center sticky top-0 z-sticky select-none overflow-hidden shrink-0
ContextualMenu.jsx,src/components/ui/ContextualMenu.jsx,div,77,OK,3,,flex-1 h-full overflow-x-auto no-scrollbar pl-4 pr-4 lg:pl-6 lg:pr-6
ContextualMenu.jsx,src/components/ui/ContextualMenu.jsx,div,78,OK,3,,flex justify-center items-center gap-8 lg:gap-14 h-full min-w-max mx-auto
ContextualMenu.jsx,src/components/ui/ContextualMenu.jsx,button,80,OK,3,key onClick,[Dinàmic]
ContextualMenu.jsx,src/components/ui/ContextualMenu.jsx,div,101,OK,3,,flex items-center h-full px-4 bg-[#1a1a1a]/90 backdrop-blur-md border-l border-white/5 shadow-[-10px_0_15px_rgba(0;0;0;0.5)]
ContextualMenu.jsx,src/components/ui/ContextualMenu.jsx,button,102,OK,3,onClick title,w-8 h-8 flex items-center justify-center rounded-[28px] bg-white/5 text-slate-400 hover:bg-[var(--theme-accent-primary)] hover:text-white transition-all active:scale-95 shadow-inner
ContextualMenu.jsx,src/components/ui/ContextualMenu.jsx,Menu,107,OK,0,size strokeWidth,
ContextualMenu.jsx,src/components/ui/ContextualMenu.jsx,style,111,OK,1,,
DegradedBanner.jsx,src/components/ui/DegradedBanner.jsx,div,33,OK,5,,bg-black text-[#FF6D00] border-b-4 border-[#FF6D00] px-4 py-4 flex items-center justify-between shadow-2xl transition-all duration-300 z-50 relative rounded-none
DegradedBanner.jsx,src/components/ui/DegradedBanner.jsx,div,36,OK,4,,flex-1 text-center pr-4 font-black uppercase tracking-wider text-[16px] leading-tight
DegradedBanner.jsx,src/components/ui/DegradedBanner.jsx,br,37,FANTASMA_BUIT,0,,
DegradedBanner.jsx,src/components/ui/DegradedBanner.jsx,span,37,OK,1,,font-bold text-[12px] opacity-80 mt-1 block
DegradedBanner.jsx,src/components/ui/DegradedBanner.jsx,button,39,OK,3,onClick aria-label,p-3 bg-[#FF6D00]/10 hover:bg-[#FF6D00]/30 rounded-none transition-colors border border-[#FF6D00]/50 flex-shrink-0
DegradedBanner.jsx,src/components/ui/DegradedBanner.jsx,X,44,OK,0,size strokeWidth,text-[#FF6D00]
FloatingIndex.jsx,src/components/ui/FloatingIndex.jsx,div,93,OK,3,,absolute bottom-6 right-6 z-[60]
FloatingIndex.jsx,src/components/ui/FloatingIndex.jsx,Button,94,A11Y_CLICK_SENSE_ROLE,3,intent shape size onClick title aria-label,shadow-lg !p-4
FloatingIndex.jsx,src/components/ui/FloatingIndex.jsx,ChevronUp,109,OK,0,size strokeWidth,
FloatingIndex.jsx,src/components/ui/FloatingIndex.jsx,div,115,OK,7,ref style,[Dinàmic]
FloatingIndex.jsx,src/components/ui/FloatingIndex.jsx,div,117,OK,0,onMouseDown title,w-2 cursor-col-resize absolute right-[-4px] top-0 h-full z-50 hover:bg-[var(--theme-accent-primary)]/20 hidden lg:block
FloatingIndex.jsx,src/components/ui/FloatingIndex.jsx,div,123,OK,5,,flex items-center justify-between mb-6
FloatingIndex.jsx,src/components/ui/FloatingIndex.jsx,h4,124,OK,3,,text-sm font-black uppercase tracking-widest text-[var(--theme-accent-primary)] flex items-center gap-2
FloatingIndex.jsx,src/components/ui/FloatingIndex.jsx,Book,125,OK,0,size,
FloatingIndex.jsx,src/components/ui/FloatingIndex.jsx,div,128,OK,5,,flex items-center gap-1
FloatingIndex.jsx,src/components/ui/FloatingIndex.jsx,button,130,OK,3,onClick title,[Dinàmic]
FloatingIndex.jsx,src/components/ui/FloatingIndex.jsx,svg,131,OK,2,xmlns width height viewBox fill stroke strokeWidth strokeLinecap strokeLinejoin,[Dinàmic]
FloatingIndex.jsx,src/components/ui/FloatingIndex.jsx,line,131,OK,0,x1 y1 x2 y2,
FloatingIndex.jsx,src/components/ui/FloatingIndex.jsx,path,131,OK,0,d,
FloatingIndex.jsx,src/components/ui/FloatingIndex.jsx,button,134,OK,3,onClick,[Dinàmic]
FloatingIndex.jsx,src/components/ui/FloatingIndex.jsx,svg,135,OK,2,xmlns width height viewBox fill stroke strokeWidth strokeLinecap strokeLinejoin,text-stone-500
FloatingIndex.jsx,src/components/ui/FloatingIndex.jsx,path,135,OK,0,d,
FloatingIndex.jsx,src/components/ui/FloatingIndex.jsx,path,135,OK,0,d,
FloatingIndex.jsx,src/components/ui/FloatingIndex.jsx,p,140,OK,1,,text-sm text-gray-400
FloatingIndex.jsx,src/components/ui/FloatingIndex.jsx,ul,142,OK,3,,space-y-1
FloatingIndex.jsx,src/components/ui/FloatingIndex.jsx,li,146,OK,3,key,
FloatingIndex.jsx,src/components/ui/FloatingIndex.jsx,button,147,OK,3,onClick,[Dinàmic]
UniversalHeader.jsx,src/components/ui/Header/UniversalHeader.jsx,header,29,OK,7,role,[Dinàmic]
UniversalHeader.jsx,src/components/ui/Header/UniversalHeader.jsx,div,30,OK,3,,[Dinàmic]
UniversalHeader.jsx,src/components/ui/Header/UniversalHeader.jsx,h1,35,OK,3,,[Dinàmic]
UniversalHeader.jsx,src/components/ui/Header/UniversalHeader.jsx,div,40,OK,3,,[Dinàmic]
ImageCarousel.jsx,src/components/ui/ImageCarousel.jsx,div,44,OK,5,onTouchStart onTouchMove onTouchEnd,[Dinàmic]
ImageCarousel.jsx,src/components/ui/ImageCarousel.jsx,div,50,ESTILS_MESCLATS,3,style,carousel-track
ImageCarousel.jsx,src/components/ui/ImageCarousel.jsx,div,55,OK,3,key,carousel-slide
ImageCarousel.jsx,src/components/ui/ImageCarousel.jsx,img,56,OK,0,src alt loading fetchPriority decoding onClick role tabIndex onKeyDown style onError,
ImageCarousel.jsx,src/components/ui/ImageCarousel.jsx,button,83,OK,3,onClick aria-label,carousel-btn prev
ImageCarousel.jsx,src/components/ui/ImageCarousel.jsx,ChevronLeft,84,OK,0,size,
ImageCarousel.jsx,src/components/ui/ImageCarousel.jsx,button,86,OK,3,onClick aria-label,carousel-btn next
ImageCarousel.jsx,src/components/ui/ImageCarousel.jsx,ChevronRight,87,OK,0,size,
ImageCarousel.jsx,src/components/ui/ImageCarousel.jsx,div,89,OK,3,role,carousel-dots
ImageCarousel.jsx,src/components/ui/ImageCarousel.jsx,button,91,OK,3,key role aria-selected tabIndex aria-label type onKeyDown onClick,dot-wrapper
ImageCarousel.jsx,src/components/ui/ImageCarousel.jsx,div,111,OK,0,,[Dinàmic]
UniversalInput.jsx,src/components/ui/Input/UniversalInput.jsx,div,16,OK,7,,[Dinàmic]
UniversalInput.jsx,src/components/ui/Input/UniversalInput.jsx,label,18,OK,3,htmlFor,[Dinàmic]
UniversalInput.jsx,src/components/ui/Input/UniversalInput.jsx,input,23,OK,0,ref aria-invalid aria-describedby ...spread,[Dinàmic]
UniversalInput.jsx,src/components/ui/Input/UniversalInput.jsx,span,33,OK,3,role,[Dinàmic]
LanguageSelector.jsx,src/components/ui/LanguageSelector.jsx,div,31,OK,5,,w-full bg-white/5 border border-white/10 rounded-2xl overflow-hidden mt-6 mb-2
LanguageSelector.jsx,src/components/ui/LanguageSelector.jsx,div,32,OK,5,,px-5 py-4 border-b border-white/10 flex items-center gap-3
LanguageSelector.jsx,src/components/ui/LanguageSelector.jsx,div,33,OK,3,,w-10 h-10 rounded-full bg-[var(--theme-accent-primary)]/20 flex items-center justify-center text-[var(--theme-accent-primary)]
LanguageSelector.jsx,src/components/ui/LanguageSelector.jsx,Globe,34,OK,0,size,
LanguageSelector.jsx,src/components/ui/LanguageSelector.jsx,div,36,OK,5,,
LanguageSelector.jsx,src/components/ui/LanguageSelector.jsx,h3,37,OK,1,,text-white font-bold text-base uppercase
LanguageSelector.jsx,src/components/ui/LanguageSelector.jsx,p,38,OK,1,,text-white/50 text-sm
LanguageSelector.jsx,src/components/ui/LanguageSelector.jsx,div,41,OK,3,,p-2 grid grid-cols-1 sm:grid-cols-2 gap-2
LanguageSelector.jsx,src/components/ui/LanguageSelector.jsx,button,43,OK,5,key onClick,[Dinàmic]
LanguageSelector.jsx,src/components/ui/LanguageSelector.jsx,span,48,WRAPPER_INUTIL,1,,
LanguageSelector.jsx,src/components/ui/LanguageSelector.jsx,Check,49,OK,0,size,
LanguageSelector.jsx,src/components/ui/LanguageSelector.jsx,div,58,OK,3,,relative
LanguageSelector.jsx,src/components/ui/LanguageSelector.jsx,button,59,OK,3,onClick title,max-[350px]:w-8 max-[350px]:h-8 w-10 h-10 lg:w-12 lg:h-12 flex items-center justify-center text-slate-400 hover:text-white transition-colors
LanguageSelector.jsx,src/components/ui/LanguageSelector.jsx,Globe,64,OK,0,size,w-[36px] h-[36px] max-[350px]:w-[28px] max-[350px]:h-[28px] shrink-0
LazyHtmlRenderer.jsx,src/components/ui/LazyHtmlRenderer.jsx,div,143,A11Y_CLICK_SENSE_ROLE,5,ref onClick,[Dinàmic]
LazyHtmlRenderer.jsx,src/components/ui/LazyHtmlRenderer.jsx,div,150,OK,3,ref aria-hidden,w-full flex items-center justify-center p-8 opacity-40 transition-opacity
LazyHtmlRenderer.jsx,src/components/ui/LazyHtmlRenderer.jsx,div,155,OK,0,,w-6 h-6 border-2 border-[var(--theme-accent-primary)] border-t-transparent rounded-full animate-spin
NanoLoader.jsx,src/components/ui/NanoLoader.jsx,div,6,OK,3,,fixed inset-0 z-[1000] flex items-center justify-center bg-[var(--bg-app)] text-[var(--text-main)] transition-opacity duration-300
NanoLoader.jsx,src/components/ui/NanoLoader.jsx,div,7,OK,5,,flex flex-col items-center space-y-4
NanoLoader.jsx,src/components/ui/NanoLoader.jsx,Loader2,8,OK,0,size,animate-spin text-[var(--theme-accent-primary)]
NanoLoader.jsx,src/components/ui/NanoLoader.jsx,span,9,OK,3,,tracking-widest opacity-80 uppercase text-sm font-bold
PedraPanel.jsx,src/components/ui/PedraPanel.jsx,Component,5,OK,3,...spread,[Dinàmic]
ProfilePowerMenu.jsx,src/components/ui/ProfilePowerMenu.jsx,div,55,A11Y_CLICK_SENSE_ROLE,3,onClick,profile-power-menu-overlay
ProfilePowerMenu.jsx,src/components/ui/ProfilePowerMenu.jsx,div,56,A11Y_CLICK_SENSE_ROLE,9,onClick,power-menu-container animate-in fade-in zoom-in duration-300
ProfilePowerMenu.jsx,src/components/ui/ProfilePowerMenu.jsx,div,58,OK,5,role aria-label,power-header
ProfilePowerMenu.jsx,src/components/ui/ProfilePowerMenu.jsx,div,59,OK,5,,user-info-large
ProfilePowerMenu.jsx,src/components/ui/ProfilePowerMenu.jsx,div,60,OK,3,,avatar-huge
ProfilePowerMenu.jsx,src/components/ui/ProfilePowerMenu.jsx,img,62,OK,0,src alt,
ProfilePowerMenu.jsx,src/components/ui/ProfilePowerMenu.jsx,span,64,WRAPPER_INUTIL,1,,
ProfilePowerMenu.jsx,src/components/ui/ProfilePowerMenu.jsx,div,67,OK,5,,u-text
ProfilePowerMenu.jsx,src/components/ui/ProfilePowerMenu.jsx,h2,68,OK,1,,text-2xl font-black tracking-tighter uppercase
ProfilePowerMenu.jsx,src/components/ui/ProfilePowerMenu.jsx,p,69,OK,1,,text-gray-500 text-[10px] font-bold uppercase tracking-[0.2em]
ProfilePowerMenu.jsx,src/components/ui/ProfilePowerMenu.jsx,button,72,OK,3,onClick,close-power-btn
ProfilePowerMenu.jsx,src/components/ui/ProfilePowerMenu.jsx,X,73,OK,0,size,
ProfilePowerMenu.jsx,src/components/ui/ProfilePowerMenu.jsx,div,77,OK,21,,power-grid
ProfilePowerMenu.jsx,src/components/ui/ProfilePowerMenu.jsx,div,79,OK,5,,power-section
ProfilePowerMenu.jsx,src/components/ui/ProfilePowerMenu.jsx,h3,80,OK,1,,section-title
ProfilePowerMenu.jsx,src/components/ui/ProfilePowerMenu.jsx,div,81,OK,3,,pg-items
ProfilePowerMenu.jsx,src/components/ui/ProfilePowerMenu.jsx,NavLink,83,A11Y_CLICK_SENSE_ROLE,9,key to onClick,[Dinàmic]
ProfilePowerMenu.jsx,src/components/ui/ProfilePowerMenu.jsx,div,89,OK,1,,pg-icon
ProfilePowerMenu.jsx,src/components/ui/ProfilePowerMenu.jsx,span,90,OK,1,,pg-label
ProfilePowerMenu.jsx,src/components/ui/ProfilePowerMenu.jsx,span,91,OK,1,,ml-auto text-[10px] font-black bg-indigo-500 text-white px-2 py-0.5 rounded-[28px] uppercase tracking-widest
ProfilePowerMenu.jsx,src/components/ui/ProfilePowerMenu.jsx,ChevronRight,92,OK,0,size,ml-auto opacity-20
ProfilePowerMenu.jsx,src/components/ui/ProfilePowerMenu.jsx,div,99,OK,5,,power-section
ProfilePowerMenu.jsx,src/components/ui/ProfilePowerMenu.jsx,h3,100,OK,1,,section-title
ProfilePowerMenu.jsx,src/components/ui/ProfilePowerMenu.jsx,div,101,OK,3,,pg-items
ProfilePowerMenu.jsx,src/components/ui/ProfilePowerMenu.jsx,NavLink,103,A11Y_CLICK_SENSE_ROLE,7,key to onClick,pg-item
ProfilePowerMenu.jsx,src/components/ui/ProfilePowerMenu.jsx,div,109,OK,1,,pg-icon
ProfilePowerMenu.jsx,src/components/ui/ProfilePowerMenu.jsx,span,110,OK,1,,pg-label
ProfilePowerMenu.jsx,src/components/ui/ProfilePowerMenu.jsx,ChevronRight,111,OK,0,size,ml-auto opacity-20
ProfilePowerMenu.jsx,src/components/ui/ProfilePowerMenu.jsx,div,118,OK,5,,power-section
ProfilePowerMenu.jsx,src/components/ui/ProfilePowerMenu.jsx,h3,119,OK,1,,section-title
ProfilePowerMenu.jsx,src/components/ui/ProfilePowerMenu.jsx,div,120,OK,3,,pg-items
ProfilePowerMenu.jsx,src/components/ui/ProfilePowerMenu.jsx,NavLink,122,A11Y_CLICK_SENSE_ROLE,7,key to onClick,pg-item
ProfilePowerMenu.jsx,src/components/ui/ProfilePowerMenu.jsx,div,128,OK,1,,pg-icon
ProfilePowerMenu.jsx,src/components/ui/ProfilePowerMenu.jsx,span,129,OK,1,,pg-label
ProfilePowerMenu.jsx,src/components/ui/ProfilePowerMenu.jsx,ChevronRight,130,OK,0,size,ml-auto opacity-20
ProfilePowerMenu.jsx,src/components/ui/ProfilePowerMenu.jsx,div,137,OK,5,,power-section
ProfilePowerMenu.jsx,src/components/ui/ProfilePowerMenu.jsx,h3,138,OK,1,,section-title
ProfilePowerMenu.jsx,src/components/ui/ProfilePowerMenu.jsx,div,139,OK,7,,pg-items
ProfilePowerMenu.jsx,src/components/ui/ProfilePowerMenu.jsx,NavLink,141,A11Y_CLICK_SENSE_ROLE,7,key to onClick,pg-item
ProfilePowerMenu.jsx,src/components/ui/ProfilePowerMenu.jsx,div,147,OK,1,,pg-icon
ProfilePowerMenu.jsx,src/components/ui/ProfilePowerMenu.jsx,span,148,OK,1,,pg-label
ProfilePowerMenu.jsx,src/components/ui/ProfilePowerMenu.jsx,ChevronRight,149,OK,0,size,ml-auto opacity-20
ProfilePowerMenu.jsx,src/components/ui/ProfilePowerMenu.jsx,NavLink,155,A11Y_CLICK_SENSE_ROLE,7,to onClick,pg-item bg-orange-500/5 group
ProfilePowerMenu.jsx,src/components/ui/ProfilePowerMenu.jsx,div,160,OK,1,,pg-icon text-orange-500
ProfilePowerMenu.jsx,src/components/ui/ProfilePowerMenu.jsx,Shield,160,OK,0,size,
ProfilePowerMenu.jsx,src/components/ui/ProfilePowerMenu.jsx,span,161,OK,1,,pg-label text-orange-500 font-black
ProfilePowerMenu.jsx,src/components/ui/ProfilePowerMenu.jsx,ChevronRight,162,OK,0,size,ml-auto opacity-20
ProfilePowerMenu.jsx,src/components/ui/ProfilePowerMenu.jsx,div,169,OK,5,,power-section
ProfilePowerMenu.jsx,src/components/ui/ProfilePowerMenu.jsx,h3,170,OK,1,,section-title
ProfilePowerMenu.jsx,src/components/ui/ProfilePowerMenu.jsx,div,171,OK,5,,pg-items
ProfilePowerMenu.jsx,src/components/ui/ProfilePowerMenu.jsx,div,172,OK,5,,pg-item disabled opacity-50
ProfilePowerMenu.jsx,src/components/ui/ProfilePowerMenu.jsx,div,173,OK,1,,pg-icon
ProfilePowerMenu.jsx,src/components/ui/ProfilePowerMenu.jsx,Shield,173,OK,0,size,
ProfilePowerMenu.jsx,src/components/ui/ProfilePowerMenu.jsx,span,174,OK,1,,pg-label
ProfilePowerMenu.jsx,src/components/ui/ProfilePowerMenu.jsx,div,176,A11Y_CLICK_SENSE_ROLE,5,onClick,pg-item
ProfilePowerMenu.jsx,src/components/ui/ProfilePowerMenu.jsx,div,177,OK,1,,pg-icon text-red-500
ProfilePowerMenu.jsx,src/components/ui/ProfilePowerMenu.jsx,LogOut,177,OK,0,size,
ProfilePowerMenu.jsx,src/components/ui/ProfilePowerMenu.jsx,span,178,OK,1,,pg-label text-red-500
ProfilePowerMenu.jsx,src/components/ui/ProfilePowerMenu.jsx,footer,184,OK,5,,power-footer
ProfilePowerMenu.jsx,src/components/ui/ProfilePowerMenu.jsx,div,185,OK,1,,footer-v
ProfilePowerMenu.jsx,src/components/ui/ProfilePowerMenu.jsx,div,186,OK,5,,archon-status flex items-center gap-2
ProfilePowerMenu.jsx,src/components/ui/ProfilePowerMenu.jsx,Brain,187,OK,0,size,text-fuchsia-500
ProfilePowerMenu.jsx,src/components/ui/ProfilePowerMenu.jsx,span,188,WRAPPER_INUTIL,1,,
RichTextEditor.jsx,src/components/ui/RichTextEditor.jsx,button,91,OK,3,onClick disabled type title aria-label aria-pressed,[Dinàmic]
RichTextEditor.jsx,src/components/ui/RichTextEditor.jsx,div,115,OK,35,,[Dinàmic]
RichTextEditor.jsx,src/components/ui/RichTextEditor.jsx,ToolbarButton,116,A11Y_CLICK_SENSE_ROLE,3,onClick disabled ariaLabel,
RichTextEditor.jsx,src/components/ui/RichTextEditor.jsx,Undo,121,OK,0,size,
RichTextEditor.jsx,src/components/ui/RichTextEditor.jsx,ToolbarButton,123,A11Y_CLICK_SENSE_ROLE,3,onClick disabled ariaLabel,
RichTextEditor.jsx,src/components/ui/RichTextEditor.jsx,Redo,128,OK,0,size,
RichTextEditor.jsx,src/components/ui/RichTextEditor.jsx,div,131,OK,0,,[Dinàmic]
RichTextEditor.jsx,src/components/ui/RichTextEditor.jsx,ToolbarButton,133,A11Y_CLICK_SENSE_ROLE,3,onClick disabled isActive ariaLabel,
RichTextEditor.jsx,src/components/ui/RichTextEditor.jsx,Bold,139,OK,0,size,
RichTextEditor.jsx,src/components/ui/RichTextEditor.jsx,ToolbarButton,141,A11Y_CLICK_SENSE_ROLE,3,onClick disabled isActive ariaLabel,
RichTextEditor.jsx,src/components/ui/RichTextEditor.jsx,Italic,147,OK,0,size,
RichTextEditor.jsx,src/components/ui/RichTextEditor.jsx,ToolbarButton,151,A11Y_CLICK_SENSE_ROLE,3,onClick disabled isActive ariaLabel,
RichTextEditor.jsx,src/components/ui/RichTextEditor.jsx,UnderlineIcon,157,OK,0,size,
RichTextEditor.jsx,src/components/ui/RichTextEditor.jsx,ToolbarButton,159,A11Y_CLICK_SENSE_ROLE,3,onClick disabled isActive ariaLabel,
RichTextEditor.jsx,src/components/ui/RichTextEditor.jsx,Strikethrough,165,OK,0,size,
RichTextEditor.jsx,src/components/ui/RichTextEditor.jsx,ToolbarButton,170,A11Y_CLICK_SENSE_ROLE,3,onClick isActive ariaLabel,
RichTextEditor.jsx,src/components/ui/RichTextEditor.jsx,LinkIcon,190,OK,0,size,
RichTextEditor.jsx,src/components/ui/RichTextEditor.jsx,div,195,OK,0,,[Dinàmic]
RichTextEditor.jsx,src/components/ui/RichTextEditor.jsx,ToolbarButton,196,A11Y_CLICK_SENSE_ROLE,3,onClick isActive ariaLabel,
RichTextEditor.jsx,src/components/ui/RichTextEditor.jsx,Heading2,201,OK,0,size,
RichTextEditor.jsx,src/components/ui/RichTextEditor.jsx,ToolbarButton,203,A11Y_CLICK_SENSE_ROLE,3,onClick isActive ariaLabel,
RichTextEditor.jsx,src/components/ui/RichTextEditor.jsx,Heading3,208,OK,0,size,
RichTextEditor.jsx,src/components/ui/RichTextEditor.jsx,ToolbarButton,210,A11Y_CLICK_SENSE_ROLE,3,onClick isActive ariaLabel,
RichTextEditor.jsx,src/components/ui/RichTextEditor.jsx,Heading4,215,OK,0,size,
RichTextEditor.jsx,src/components/ui/RichTextEditor.jsx,ToolbarButton,217,A11Y_CLICK_SENSE_ROLE,3,onClick isActive ariaLabel,
RichTextEditor.jsx,src/components/ui/RichTextEditor.jsx,Heading5,222,OK,0,size,
RichTextEditor.jsx,src/components/ui/RichTextEditor.jsx,ToolbarButton,224,A11Y_CLICK_SENSE_ROLE,3,onClick isActive ariaLabel,
RichTextEditor.jsx,src/components/ui/RichTextEditor.jsx,Heading6,229,OK,0,size,
RichTextEditor.jsx,src/components/ui/RichTextEditor.jsx,div,234,OK,0,,[Dinàmic]
RichTextEditor.jsx,src/components/ui/RichTextEditor.jsx,ToolbarButton,236,A11Y_CLICK_SENSE_ROLE,3,onClick isActive ariaLabel,
RichTextEditor.jsx,src/components/ui/RichTextEditor.jsx,List,241,OK,0,size,
RichTextEditor.jsx,src/components/ui/RichTextEditor.jsx,ToolbarButton,243,A11Y_CLICK_SENSE_ROLE,3,onClick isActive ariaLabel,
RichTextEditor.jsx,src/components/ui/RichTextEditor.jsx,ListOrdered,248,OK,0,size,
RichTextEditor.jsx,src/components/ui/RichTextEditor.jsx,ToolbarButton,250,A11Y_CLICK_SENSE_ROLE,3,onClick isActive ariaLabel,
RichTextEditor.jsx,src/components/ui/RichTextEditor.jsx,Quote,255,OK,0,size,
RichTextEditor.jsx,src/components/ui/RichTextEditor.jsx,ToolbarButton,259,A11Y_CLICK_SENSE_ROLE,3,onClick ariaLabel,
RichTextEditor.jsx,src/components/ui/RichTextEditor.jsx,CodeXml,263,OK,0,size,
RichTextEditor.jsx,src/components/ui/RichTextEditor.jsx,ToolbarButton,268,A11Y_CLICK_SENSE_ROLE,3,onClick isActive disabled ariaLabel,
RichTextEditor.jsx,src/components/ui/RichTextEditor.jsx,MousePointerClick,281,OK,0,size,
RichTextEditor.jsx,src/components/ui/RichTextEditor.jsx,div,285,OK,0,,[Dinàmic]
RichTextEditor.jsx,src/components/ui/RichTextEditor.jsx,div,288,OK,5,,hidden sm:flex items-center gap-1
RichTextEditor.jsx,src/components/ui/RichTextEditor.jsx,ToolbarButton,289,A11Y_CLICK_SENSE_ROLE,3,onClick isActive ariaLabel,
RichTextEditor.jsx,src/components/ui/RichTextEditor.jsx,AlignLeft,294,OK,0,size,
RichTextEditor.jsx,src/components/ui/RichTextEditor.jsx,ToolbarButton,296,A11Y_CLICK_SENSE_ROLE,3,onClick isActive ariaLabel,
RichTextEditor.jsx,src/components/ui/RichTextEditor.jsx,AlignCenter,301,OK,0,size,
RichTextEditor.jsx,src/components/ui/RichTextEditor.jsx,div,306,OK,3,,ml-auto flex items-center gap-1
RichTextEditor.jsx,src/components/ui/RichTextEditor.jsx,button,308,OK,3,onClick disabled,[Dinàmic]
RichTextEditor.jsx,src/components/ui/RichTextEditor.jsx,span,314,OK,0,,w-4 h-4 border-2 border-current border-t-transparent rounded-full animate-spin
RichTextEditor.jsx,src/components/ui/RichTextEditor.jsx,Save,317,OK,0,size,hidden sm:block
RichTextEditor.jsx,src/components/ui/RichTextEditor.jsx,span,318,WRAPPER_INUTIL,1,,
RichTextEditor.jsx,src/components/ui/RichTextEditor.jsx,div,369,OK,7,style,[Dinàmic]
RichTextEditor.jsx,src/components/ui/RichTextEditor.jsx,MenuBar,372,OK,0,editor onSave isSaving minimal onOpenHtmlDialog,
RichTextEditor.jsx,src/components/ui/RichTextEditor.jsx,div,373,OK,3,,[Dinàmic]
RichTextEditor.jsx,src/components/ui/RichTextEditor.jsx,div,374,OK,3,,[Dinàmic]
RichTextEditor.jsx,src/components/ui/RichTextEditor.jsx,EditorContent,375,OK,0,editor,
RichTextEditor.jsx,src/components/ui/RichTextEditor.jsx,div,380,OK,3,,fixed inset-0 z-[100] flex items-center justify-center bg-black/50 backdrop-blur-sm p-4 animate-in
RichTextEditor.jsx,src/components/ui/RichTextEditor.jsx,div,381,OK,7,,bg-[var(--bg-app)] rounded-2xl w-full max-w-2xl shadow-2xl border border-[var(--border-master)] overflow-hidden flex flex-col scale-100 animate-up
RichTextEditor.jsx,src/components/ui/RichTextEditor.jsx,div,382,OK,5,,flex items-center justify-between p-4 border-b border-[var(--border-master)] bg-[var(--bg-panel)]
RichTextEditor.jsx,src/components/ui/RichTextEditor.jsx,h3,383,OK,3,,font-bold text-lg text-[var(--text-main)] flex items-center gap-2
RichTextEditor.jsx,src/components/ui/RichTextEditor.jsx,CodeXml,384,OK,0,size,text-[var(--theme-accent-primary)]
RichTextEditor.jsx,src/components/ui/RichTextEditor.jsx,button,387,OK,3,onClick,p-2 hover:bg-[var(--bg-panel-elevated)] rounded-full text-[var(--text-muted)] hover:text-[var(--text-main)] transition-colors
RichTextEditor.jsx,src/components/ui/RichTextEditor.jsx,X,388,OK,0,size,
RichTextEditor.jsx,src/components/ui/RichTextEditor.jsx,div,391,OK,5,,p-4 flex-1
RichTextEditor.jsx,src/components/ui/RichTextEditor.jsx,p,392,OK,3,,text-sm text-[var(--text-muted)] mb-3
RichTextEditor.jsx,src/components/ui/RichTextEditor.jsx,code,393,OK,1,,
RichTextEditor.jsx,src/components/ui/RichTextEditor.jsx,textarea,395,OK,0,value onChange placeholder,w-full h-48 bg-[var(--bg-panel)] text-[var(--text-main)] border border-[var(--border-master)] rounded-xl p-3 font-mono text-sm focus:outline-none focus:ring-2 focus:ring-[var(--theme-accent-primary)] custom-scrollbar resize-none
RichTextEditor.jsx,src/components/ui/RichTextEditor.jsx,div,402,OK,5,,p-4 border-t border-[var(--border-master)] bg-[var(--bg-panel)] flex justify-end gap-2
RichTextEditor.jsx,src/components/ui/RichTextEditor.jsx,button,403,OK,1,onClick,px-4 py-2 font-bold text-[var(--text-muted)] hover:text-[var(--text-main)] hover:bg-[var(--bg-panel-elevated)] rounded-xl transition-all
RichTextEditor.jsx,src/components/ui/RichTextEditor.jsx,button,406,OK,1,onClick,px-6 py-2 font-bold bg-[var(--theme-accent-primary)] text-white rounded-xl shadow-md hover:bg-orange-600 transition-all active:scale-95
StatusLoader.jsx,src/components/ui/StatusLoader.jsx,div,12,OK,7,style,
StatusLoader.jsx,src/components/ui/StatusLoader.jsx,div,13,OK,0,style,
StatusLoader.jsx,src/components/ui/StatusLoader.jsx,p,22,OK,1,style,
StatusLoader.jsx,src/components/ui/StatusLoader.jsx,style,23,OK,1,,
StatusLoader.jsx,src/components/ui/StatusLoader.jsx,div,30,OK,5,style,
StatusLoader.jsx,src/components/ui/StatusLoader.jsx,div,31,OK,1,style,
StatusLoader.jsx,src/components/ui/StatusLoader.jsx,p,32,OK,1,,
StatusLoader.jsx,src/components/ui/StatusLoader.jsx,div,38,OK,3,style,
StatusLoader.jsx,src/components/ui/StatusLoader.jsx,p,39,OK,1,,
SyncIndicator.jsx,src/components/ui/SyncIndicator.jsx,div,20,CSS_EXCESSIU,5,,fixed bottom-[85px] right-4 flex items-center gap-2 bg-gray-900 border border-gray-700/50 text-white px-3 py-2 rounded-full shadow-[0_8px_30px_rgb(0;0;0;0.4)] text-[12px] font-bold z-[100] transition-all duration-300 pointer-events-none
SyncIndicator.jsx,src/components/ui/SyncIndicator.jsx,div,21,OK,5,,relative flex h-2.5 w-2.5
SyncIndicator.jsx,src/components/ui/SyncIndicator.jsx,span,23,OK,0,,[Dinàmic]
SyncIndicator.jsx,src/components/ui/SyncIndicator.jsx,span,25,OK,0,,[Dinàmic]
SyncIndicator.jsx,src/components/ui/SyncIndicator.jsx,span,27,WRAPPER_INUTIL,1,,
ToastProvider.jsx,src/components/ui/ToastProvider.jsx,div,24,OK,5,,sw-update-toast
ToastProvider.jsx,src/components/ui/ToastProvider.jsx,div,25,OK,5,,sw-update-content
ToastProvider.jsx,src/components/ui/ToastProvider.jsx,strong,26,OK,1,,
ToastProvider.jsx,src/components/ui/ToastProvider.jsx,p,27,OK,1,,
ToastProvider.jsx,src/components/ui/ToastProvider.jsx,div,29,ESTILS_MESCLATS,5,style,sw-update-actions
ToastProvider.jsx,src/components/ui/ToastProvider.jsx,button,30,ESTILS_MESCLATS,1,onClick style,sw-update-btn refresh
ToastProvider.jsx,src/components/ui/ToastProvider.jsx,button,43,ESTILS_MESCLATS,1,onClick style,sw-update-btn later
ToastProvider.jsx,src/components/ui/ToastProvider.jsx,Toaster,92,OK,0,position toastOptions,
UmamiDashboard.jsx,src/components/ui/UmamiDashboard.jsx,div,52,OK,11,,w-full mt-12 bg-white dark:bg-[#1a1a1a] rounded-3xl border border-black/10 dark:border-white/10 shadow-lg overflow-hidden notranslate flex flex-col
UmamiDashboard.jsx,src/components/ui/UmamiDashboard.jsx,div,54,OK,5,,p-6 sm:p-10 border-b border-black/10 dark:border-white/10 flex flex-col sm:flex-row items-start sm:items-center justify-between gap-6 bg-stone-50 dark:bg-stone-900/50
UmamiDashboard.jsx,src/components/ui/UmamiDashboard.jsx,div,55,OK,5,,flex items-center gap-4
UmamiDashboard.jsx,src/components/ui/UmamiDashboard.jsx,div,56,OK,3,,w-12 h-12 rounded-xl bg-[var(--theme-accent-secondary)] flex items-center justify-center text-white shrink-0 shadow-sm
UmamiDashboard.jsx,src/components/ui/UmamiDashboard.jsx,Activity,57,OK,0,size,
UmamiDashboard.jsx,src/components/ui/UmamiDashboard.jsx,div,59,OK,5,,
UmamiDashboard.jsx,src/components/ui/UmamiDashboard.jsx,h2,60,OK,1,,text-2xl sm:text-3xl font-black text-black dark:text-white uppercase tracking-tight m-0 leading-none
UmamiDashboard.jsx,src/components/ui/UmamiDashboard.jsx,p,61,OK,1,,text-[var(--theme-accent-primary)] font-bold uppercase text-sm mt-1
UmamiDashboard.jsx,src/components/ui/UmamiDashboard.jsx,a,64,CSS_EXCESSIU,5,href target rel,flex items-center gap-2 bg-zinc-900 dark:bg-white text-white dark:text-black font-bold uppercase px-6 py-3 rounded-xl hover:bg-zinc-800 dark:hover:bg-zinc-200 transition-transform active:scale-95 shadow-md w-full sm:w-auto justify-center
UmamiDashboard.jsx,src/components/ui/UmamiDashboard.jsx,ExternalLink,70,OK,0,size,
UmamiDashboard.jsx,src/components/ui/UmamiDashboard.jsx,span,71,WRAPPER_INUTIL,1,,
UmamiDashboard.jsx,src/components/ui/UmamiDashboard.jsx,div,76,OK,3,,p-6 sm:p-10
UmamiDashboard.jsx,src/components/ui/UmamiDashboard.jsx,div,78,OK,3,,w-full h-[200px] flex items-center justify-center bg-black/5 dark:bg-white/5 rounded-2xl animate-pulse
UmamiDashboard.jsx,src/components/ui/UmamiDashboard.jsx,div,79,OK,5,,flex flex-col items-center opacity-50
UmamiDashboard.jsx,src/components/ui/UmamiDashboard.jsx,RefreshCw,80,OK,0,size,animate-spin mb-4
UmamiDashboard.jsx,src/components/ui/UmamiDashboard.jsx,span,81,OK,1,,font-bold tracking-widest uppercase
UmamiDashboard.jsx,src/components/ui/UmamiDashboard.jsx,div,85,OK,5,,w-full p-8 bg-red-500/10 border border-red-500/20 rounded-2xl text-red-500 flex flex-col items-center justify-center
UmamiDashboard.jsx,src/components/ui/UmamiDashboard.jsx,Activity,86,OK,0,size,mb-2
UmamiDashboard.jsx,src/components/ui/UmamiDashboard.jsx,p,87,OK,1,,font-bold text-center
UmamiDashboard.jsx,src/components/ui/UmamiDashboard.jsx,div,90,OK,9,,grid grid-cols-2 md:grid-cols-4 gap-4 sm:gap-6
UmamiDashboard.jsx,src/components/ui/UmamiDashboard.jsx,div,91,CSS_EXCESSIU,9,,bg-black/5 dark:bg-white/5 rounded-2xl p-6 flex flex-col items-center justify-center text-center shadow-inner relative overflow-hidden group hover:bg-[var(--theme-accent-secondary)] transition-colors duration-300
UmamiDashboard.jsx,src/components/ui/UmamiDashboard.jsx,div,92,OK,1,,absolute inset-0 opacity-0 group-hover:opacity-10 transition-opacity flex items-center justify-center
UmamiDashboard.jsx,src/components/ui/UmamiDashboard.jsx,Users,92,OK,0,size,
UmamiDashboard.jsx,src/components/ui/UmamiDashboard.jsx,Users,93,OK,0,size,text-[var(--theme-accent-secondary)] group-hover:text-white mb-3
UmamiDashboard.jsx,src/components/ui/UmamiDashboard.jsx,span,94,OK,1,,text-4xl sm:text-5xl font-black text-black dark:text-white group-hover:text-white relative z-10
UmamiDashboard.jsx,src/components/ui/UmamiDashboard.jsx,span,95,OK,1,,text-xs sm:text-sm font-bold uppercase tracking-wider opacity-60 group-hover:text-white group-hover:opacity-100 mt-2 relative z-10
UmamiDashboard.jsx,src/components/ui/UmamiDashboard.jsx,div,97,CSS_EXCESSIU,9,,bg-black/5 dark:bg-white/5 rounded-2xl p-6 flex flex-col items-center justify-center text-center shadow-inner relative overflow-hidden group hover:bg-[var(--theme-accent-primary)] transition-colors duration-300
UmamiDashboard.jsx,src/components/ui/UmamiDashboard.jsx,div,98,OK,1,,absolute inset-0 opacity-0 group-hover:opacity-10 transition-opacity flex items-center justify-center
UmamiDashboard.jsx,src/components/ui/UmamiDashboard.jsx,Eye,98,OK,0,size,
UmamiDashboard.jsx,src/components/ui/UmamiDashboard.jsx,Eye,99,OK,0,size,text-[var(--theme-accent-primary)] group-hover:text-white mb-3
UmamiDashboard.jsx,src/components/ui/UmamiDashboard.jsx,span,100,OK,1,,text-4xl sm:text-5xl font-black text-black dark:text-white group-hover:text-white relative z-10
UmamiDashboard.jsx,src/components/ui/UmamiDashboard.jsx,span,101,OK,1,,text-xs sm:text-sm font-bold uppercase tracking-wider opacity-60 group-hover:text-white group-hover:opacity-100 mt-2 relative z-10
UmamiDashboard.jsx,src/components/ui/UmamiDashboard.jsx,div,103,CSS_EXCESSIU,9,,bg-black/5 dark:bg-white/5 rounded-2xl p-6 flex flex-col items-center justify-center text-center shadow-inner relative overflow-hidden group hover:bg-black dark:hover:bg-white transition-colors duration-300
UmamiDashboard.jsx,src/components/ui/UmamiDashboard.jsx,div,104,OK,1,,absolute inset-0 opacity-0 group-hover:opacity-10 dark:group-hover:opacity-10 transition-opacity flex items-center justify-center
UmamiDashboard.jsx,src/components/ui/UmamiDashboard.jsx,MousePointerClick,104,OK,0,size,dark:text-black text-white
UmamiDashboard.jsx,src/components/ui/UmamiDashboard.jsx,MousePointerClick,105,OK,0,size,text-black dark:text-white group-hover:text-white dark:group-hover:text-black mb-3
UmamiDashboard.jsx,src/components/ui/UmamiDashboard.jsx,span,106,OK,1,,text-4xl sm:text-5xl font-black text-black dark:text-white group-hover:text-white dark:group-hover:text-black relative z-10
UmamiDashboard.jsx,src/components/ui/UmamiDashboard.jsx,span,107,OK,1,,text-xs sm:text-sm font-bold uppercase tracking-wider opacity-60 group-hover:text-white dark:group-hover:text-black group-hover:opacity-100 mt-2 relative z-10
UmamiDashboard.jsx,src/components/ui/UmamiDashboard.jsx,div,109,CSS_EXCESSIU,9,,bg-black/5 dark:bg-white/5 rounded-2xl p-6 flex flex-col items-center justify-center text-center shadow-inner relative overflow-hidden group hover:bg-red-500 transition-colors duration-300
UmamiDashboard.jsx,src/components/ui/UmamiDashboard.jsx,div,110,OK,1,,absolute inset-0 opacity-0 group-hover:opacity-10 transition-opacity flex items-center justify-center
UmamiDashboard.jsx,src/components/ui/UmamiDashboard.jsx,Activity,110,OK,0,size,
UmamiDashboard.jsx,src/components/ui/UmamiDashboard.jsx,Activity,111,OK,0,size,text-red-500 group-hover:text-white mb-3
UmamiDashboard.jsx,src/components/ui/UmamiDashboard.jsx,span,112,OK,1,,text-4xl sm:text-5xl font-black text-black dark:text-white group-hover:text-white relative z-10
UmamiDashboard.jsx,src/components/ui/UmamiDashboard.jsx,span,113,OK,1,,text-xs sm:text-sm font-bold uppercase tracking-wider opacity-60 group-hover:text-white group-hover:opacity-100 mt-2 relative z-10
UmamiDashboard.jsx,src/components/ui/UmamiDashboard.jsx,div,119,OK,5,,bg-amber-100 dark:bg-amber-900/30 p-4 border-t border-amber-200 dark:border-amber-800 text-amber-900 dark:text-amber-200 text-sm flex items-start gap-3
UmamiDashboard.jsx,src/components/ui/UmamiDashboard.jsx,Activity,120,OK,0,size,shrink-0 mt-0.5
UmamiDashboard.jsx,src/components/ui/UmamiDashboard.jsx,p,121,OK,5,,m-0 leading-tight
UmamiDashboard.jsx,src/components/ui/UmamiDashboard.jsx,strong,122,OK,1,,
UmamiDashboard.jsx,src/components/ui/UmamiDashboard.jsx,b,122,OK,1,,
UniversalGrid.jsx,src/components/ui/UniversalGrid.jsx,div,16,OK,3,,[Dinàmic]
UniversalGrid.jsx,src/components/ui/UniversalGrid.jsx,div,70,OK,3,ref style ...spread,[Dinàmic]
VoiceRecorder.jsx,src/components/ui/VoiceRecorder.jsx,div,218,OK,7,,flex items-center gap-2 w-full py-1
VoiceRecorder.jsx,src/components/ui/VoiceRecorder.jsx,button,219,OK,3,onClick,p-3 text-red-500 hover:bg-red-500/10 rounded-full transition-colors btn-tactile shrink-0
VoiceRecorder.jsx,src/components/ui/VoiceRecorder.jsx,X,220,OK,0,size strokeWidth,
VoiceRecorder.jsx,src/components/ui/VoiceRecorder.jsx,div,223,OK,3,,flex-1 flex items-center justify-center bg-red-50 dark:bg-red-900/20 rounded-[28px] h-[52px] px-4 animate-pulse relative overflow-hidden border border-red-200 dark:border-red-900/50
VoiceRecorder.jsx,src/components/ui/VoiceRecorder.jsx,div,224,OK,5,,flex items-center gap-3 z-10
VoiceRecorder.jsx,src/components/ui/VoiceRecorder.jsx,div,225,OK,0,,w-3 h-3 rounded-full bg-red-500 animate-ping
VoiceRecorder.jsx,src/components/ui/VoiceRecorder.jsx,span,226,OK,5,,font-['Noto_Sans'] font-bold text-red-600 dark:text-red-400 text-[15px] sm:text-[16px] uppercase tracking-wider
VoiceRecorder.jsx,src/components/ui/VoiceRecorder.jsx,span,227,OK,1,,font-mono ml-1
VoiceRecorder.jsx,src/components/ui/VoiceRecorder.jsx,button,232,OK,3,onClick,w-[52px] h-[52px] shrink-0 bg-[#25D366] hover:bg-[#1DA851] text-white rounded-full shadow-[0_4px_12px_rgba(37;211;102;0.3)] flex items-center justify-center btn-tactile transition-transform active:scale-95 ml-1
VoiceRecorder.jsx,src/components/ui/VoiceRecorder.jsx,Send,233,OK,0,size strokeWidth,ml-1
Watermark.jsx,src/components/ui/Watermark.jsx,div,9,OK,5,,watermark-container
Watermark.jsx,src/components/ui/Watermark.jsx,div,12,OK,3,style,[Dinàmic]
Watermark.jsx,src/components/ui/Watermark.jsx,img,13,OK,0,src alt,watermark-logo
AdvancedDataGrid.test.jsx,src/components/ui/__tests__/AdvancedDataGrid.test.jsx,AdvancedDataGrid,18,OK,0,columns rows pageSize,
AdvancedDataGrid.test.jsx,src/components/ui/__tests__/AdvancedDataGrid.test.jsx,AdvancedDataGrid,27,OK,0,columns rows pageSize,
AdvancedDataGrid.test.jsx,src/components/ui/__tests__/AdvancedDataGrid.test.jsx,AdvancedDataGrid,41,OK,0,columns rows pageSize,
AdvancedDataGrid.test.jsx,src/components/ui/__tests__/AdvancedDataGrid.test.jsx,AdvancedDataGrid,51,OK,0,columns rows pageSize,
MarketSkeleton.jsx,src/components/ui/skeletons/MarketSkeleton.jsx,div,5,OK,9,,universal-card skeleton-card market-item
MarketSkeleton.jsx,src/components/ui/skeletons/MarketSkeleton.jsx,div,6,OK,5,,card-header skeleton-header-wrapper
MarketSkeleton.jsx,src/components/ui/skeletons/MarketSkeleton.jsx,div,7,OK,0,,skeleton-avatar
MarketSkeleton.jsx,src/components/ui/skeletons/MarketSkeleton.jsx,div,8,OK,5,,skeleton-meta
MarketSkeleton.jsx,src/components/ui/skeletons/MarketSkeleton.jsx,div,9,OK,0,,skeleton-line short
MarketSkeleton.jsx,src/components/ui/skeletons/MarketSkeleton.jsx,div,10,OK,0,,skeleton-line extra-short
MarketSkeleton.jsx,src/components/ui/skeletons/MarketSkeleton.jsx,div,13,OK,0,,skeleton-image-square
MarketSkeleton.jsx,src/components/ui/skeletons/MarketSkeleton.jsx,div,14,OK,5,,card-body
MarketSkeleton.jsx,src/components/ui/skeletons/MarketSkeleton.jsx,div,15,OK,0,,skeleton-line medium
MarketSkeleton.jsx,src/components/ui/skeletons/MarketSkeleton.jsx,div,16,OK,0,,skeleton-line full
MarketSkeleton.jsx,src/components/ui/skeletons/MarketSkeleton.jsx,div,18,OK,3,,card-footer skeleton-footer-wrapper
MarketSkeleton.jsx,src/components/ui/skeletons/MarketSkeleton.jsx,div,19,OK,0,,skeleton-button-full
BancalInput.jsx,src/components/ui/trellat/BancalInput.jsx,textarea,11,OK,0,ref value onChange placeholder style rows inputMode aria-label ...spread,[Dinàmic]
ButtonTrellat.jsx,src/components/ui/trellat/ButtonTrellat.jsx,button,19,OK,5,type onClick disabled style,[Dinàmic]
ButtonTrellat.jsx,src/components/ui/trellat/ButtonTrellat.jsx,Icon,28,OK,0,aria-hidden,w-6 h-6 pointer-events-none mr-2
ButtonTrellat.jsx,src/components/ui/trellat/ButtonTrellat.jsx,span,29,OK,1,,pointer-events-none font-bold uppercase
PedraMissatge.jsx,src/components/ui/trellat/PedraMissatge.jsx,article,13,OK,7,data-message-id style,[Dinàmic]
PedraMissatge.jsx,src/components/ui/trellat/PedraMissatge.jsx,header,29,OK,5,,pedra-missatge__meta flex items-center justify-between mb-1 opacity-70 px-2
PedraMissatge.jsx,src/components/ui/trellat/PedraMissatge.jsx,span,31,OK,1,,pedra-missatge__autor text-xs font-bold
PedraMissatge.jsx,src/components/ui/trellat/PedraMissatge.jsx,time,33,OK,3,dateTime,pedra-missatge__hora text-[10px]
PedraMissatge.jsx,src/components/ui/trellat/PedraMissatge.jsx,div,38,ESTILS_MESCLATS,5,style,pedra-missatge__cos
PedraMissatge.jsx,src/components/ui/trellat/PedraMissatge.jsx,p,51,ESTILS_MESCLATS,3,style,pedra-missatge__text text-base
PedraMissatge.jsx,src/components/ui/trellat/PedraMissatge.jsx,figure,62,ESTILS_MESCLATS,3,key style,pedra-missatge__adjunt
PedraMissatge.jsx,src/components/ui/trellat/PedraMissatge.jsx,img,72,OK,0,src alt loading decoding style onLoad,
PedraMissatge.jsx,src/components/ui/trellat/PedraMissatge.jsx,footer,98,ESTILS_MESCLATS,3,style,pedra-missatge__estat flex justify-end
PedraMissatge.jsx,src/components/ui/trellat/PedraMissatge.jsx,span,99,OK,3,aria-label,text-[10px]
VirtualizedContainer.jsx,src/components/ui/trellat/VirtualizedContainer.jsx,div,52,OK,3,ref role ...spread,[Dinàmic]
VirtualizedContainer.jsx,src/components/ui/trellat/VirtualizedContainer.jsx,EmptyComponent,58,FANTASMA_BUIT,0,,
VirtualizedContainer.jsx,src/components/ui/trellat/VirtualizedContainer.jsx,div,64,OK,3,ref role aria-label ...spread style,[Dinàmic]
VirtualizedContainer.jsx,src/components/ui/trellat/VirtualizedContainer.jsx,div,87,OK,5,style,
VirtualizedContainer.jsx,src/components/ui/trellat/VirtualizedContainer.jsx,div,100,OK,3,style,
VirtualizedContainer.jsx,src/components/ui/trellat/VirtualizedContainer.jsx,div,114,OK,3,key data-index data-virtual-index ref style,
UniversalCard.ActionButton.jsx,src/components/ui/universal-card/UniversalCard.ActionButton.jsx,Button,19,A11Y_CLICK_SENSE_ROLE,3,intent shape size onClick title aria-label leftIcon,[Dinàmic]
UniversalCard.Body.jsx,src/components/ui/universal-card/UniversalCard.Body.jsx,button,33,OK,5,onClick ...spread,[Dinàmic]
UniversalCard.Body.jsx,src/components/ui/universal-card/UniversalCard.Body.jsx,span,39,ESTILS_MESCLATS,0,style,absolute bg-white/30 dark:bg-black/30 rounded-full animate-ripple
UniversalCard.Body.jsx,src/components/ui/universal-card/UniversalCard.Body.jsx,div,128,OK,5,,[Dinàmic]
UniversalCard.Body.jsx,src/components/ui/universal-card/UniversalCard.Body.jsx,Link,129,A11Y_CLICK_SENSE_ROLE,3,to onClick,flex flex-col flex-auto cursor-pointer group no-underline hover:no-underline after:absolute after:inset-0 after:z-0
UniversalCard.Body.jsx,src/components/ui/universal-card/UniversalCard.Body.jsx,div,134,OK,7,,flex flex-col items-start pb-1 px-4 pt-4 shrink-0 group-hover:opacity-80 transition-opacity duration-300
UniversalCard.Body.jsx,src/components/ui/universal-card/UniversalCard.Body.jsx,div,135,OK,5,,flex justify-between items-start gap-4 w-full
UniversalCard.Body.jsx,src/components/ui/universal-card/UniversalCard.Body.jsx,div,136,OK,3,,flex-1 min-w-0
UniversalCard.Body.jsx,src/components/ui/universal-card/UniversalCard.Body.jsx,h2,137,OK,3,itemProp,genesis-title text-theme-text transition-colors duration-200 group-hover:text-brand-blue
UniversalCard.Body.jsx,src/components/ui/universal-card/UniversalCard.Body.jsx,div,143,OK,5,,flex flex-col items-end shrink-0 gap-1 mt-1 z-10 relative
UniversalCard.Body.jsx,src/components/ui/universal-card/UniversalCard.Body.jsx,span,145,OK,3,,text-brand-blue dark:text-brand-orange font-black text-2xl md:text-3xl tracking-tight
UniversalCard.Body.jsx,src/components/ui/universal-card/UniversalCard.Body.jsx,div,150,OK,3,,[Dinàmic]
UniversalCard.Body.jsx,src/components/ui/universal-card/UniversalCard.Body.jsx,span,154,WRAPPER_INUTIL,1,,
UniversalCard.Body.jsx,src/components/ui/universal-card/UniversalCard.Body.jsx,div,162,OK,3,,flex flex-col w-full mt-1.5
UniversalCard.Body.jsx,src/components/ui/universal-card/UniversalCard.Body.jsx,h3,163,OK,3,itemProp,genesis-subtitle text-brand-blue line-clamp-2 w-full transition-colors duration-200 group-hover:brightness-110
UniversalCard.Body.jsx,src/components/ui/universal-card/UniversalCard.Body.jsx,span,165,WRAPPER_INUTIL,1,,
UniversalCard.Body.jsx,src/components/ui/universal-card/UniversalCard.Body.jsx,div,170,OK,3,,flex-shrink-0 relative overflow-hidden group-hover:opacity-80 transition-opacity duration-300 mt-2.5
UniversalCard.Body.jsx,src/components/ui/universal-card/UniversalCard.Body.jsx,div,172,PERILL_XSS,0,dangerouslySetInnerHTML,[Dinàmic]
UniversalCard.Body.jsx,src/components/ui/universal-card/UniversalCard.Body.jsx,div,182,OK,7,,w-full flex flex-col shrink-0 z-20 mt-auto
UniversalCard.Body.jsx,src/components/ui/universal-card/UniversalCard.Body.jsx,div,184,OK,3,,z-20 relative px-4 mt-2 mb-2 w-full flex justify-center
UniversalCard.Body.jsx,src/components/ui/universal-card/UniversalCard.Body.jsx,div,194,OK,5,,w-full flex items-center justify-between gap-2 px-4 pb-1 pt-1 flex-wrap
UniversalCard.Body.jsx,src/components/ui/universal-card/UniversalCard.Body.jsx,div,196,OK,5,,flex items-center gap-1.5 flex-wrap flex-1
UniversalCard.Body.jsx,src/components/ui/universal-card/UniversalCard.Body.jsx,RippleButton,207,OK,3,key,[Dinàmic]
UniversalCard.Body.jsx,src/components/ui/universal-card/UniversalCard.Body.jsx,span,211,WRAPPER_INUTIL,1,,
UniversalCard.Body.jsx,src/components/ui/universal-card/UniversalCard.Body.jsx,div,216,OK,3,title,text-xs font-bold tracking-wide bg-theme-panel text-theme-muted px-3 py-1 rounded-full border border-border-master cursor-default shadow-sm
UniversalCard.Body.jsx,src/components/ui/universal-card/UniversalCard.Body.jsx,span,220,OK,2,,
UniversalCard.Body.jsx,src/components/ui/universal-card/UniversalCard.Body.jsx,RippleButton,226,CSS_EXCESSIU,1,aria-label,flex items-center gap-1 font-black tracking-widest uppercase text-brand-orange                           group-hover:opacity-80 transition-opacity duration-200 whitespace-nowrap ml-auto text-sm
UniversalCard.Body.jsx,src/components/ui/universal-card/UniversalCard.Body.jsx,div,238,OK,3,,w-full flex justify-center py-1 mb-0
UniversalCard.Body.jsx,src/components/ui/universal-card/UniversalCard.Body.jsx,RippleButton,239,CSS_EXCESSIU,1,aria-label,flex items-center gap-1 font-black tracking-widest uppercase text-brand-orange                             group-hover:opacity-80 transition-opacity duration-200
UniversalCard.Body.jsx,src/components/ui/universal-card/UniversalCard.Body.jsx,div,250,OK,5,,w-full flex justify-center items-center gap-2.5 px-4 pb-4 flex-wrap
UniversalCard.Body.jsx,src/components/ui/universal-card/UniversalCard.Body.jsx,RippleButton,261,OK,3,key,[Dinàmic]
UniversalCard.Body.jsx,src/components/ui/universal-card/UniversalCard.Body.jsx,span,265,WRAPPER_INUTIL,1,,
UniversalCard.Body.jsx,src/components/ui/universal-card/UniversalCard.Body.jsx,div,270,OK,3,title,text-sm font-bold tracking-wide bg-theme-panel text-theme-muted px-3 py-1.5 rounded-full border border-border-master cursor-default shadow-sm
UniversalCard.Body.jsx,src/components/ui/universal-card/UniversalCard.Body.jsx,span,274,OK,2,,
UniversalCard.Body.jsx,src/components/ui/universal-card/UniversalCard.Body.jsx,div,282,OK,3,,w-full px-4 pt-1 pb-1.5 flex justify-center mt-auto
UniversalCard.Body.jsx,src/components/ui/universal-card/UniversalCard.Body.jsx,p,283,OK,3,,text-xs font-black tracking-widest text-theme-muted/40 uppercase select-none text-center m-0 p-0 leading-none
UniversalCard.Footer.jsx,src/components/ui/universal-card/UniversalCard.Footer.jsx,div,101,OK,5,,ucard-footer-bar
UniversalCard.Footer.jsx,src/components/ui/universal-card/UniversalCard.Footer.jsx,div,102,OK,7,,ucard-footer-icons
UniversalCard.Footer.jsx,src/components/ui/universal-card/UniversalCard.Footer.jsx,button,103,OK,3,aria-label onClick,ucard-footer-icon-btn
UniversalCard.Footer.jsx,src/components/ui/universal-card/UniversalCard.Footer.jsx,img,104,OK,0,src alt,w-[22px] h-[22px] object-contain drop-shadow-sm brightness-110
UniversalCard.Footer.jsx,src/components/ui/universal-card/UniversalCard.Footer.jsx,button,106,OK,3,onClick aria-label,ucard-footer-icon-btn
UniversalCard.Footer.jsx,src/components/ui/universal-card/UniversalCard.Footer.jsx,MessageCircle,107,OK,0,size color,
UniversalCard.Footer.jsx,src/components/ui/universal-card/UniversalCard.Footer.jsx,button,109,OK,3,onClick aria-label,ucard-footer-icon-btn
UniversalCard.Footer.jsx,src/components/ui/universal-card/UniversalCard.Footer.jsx,Share2,110,OK,0,size color,
UniversalCard.Footer.jsx,src/components/ui/universal-card/UniversalCard.Footer.jsx,UniversalCardActionButton,114,A11Y_CLICK_SENSE_ROLE,3,variant onClick ariaLabel leftIcon,font-black tracking-widest text-[13px] uppercase shrink-0 ml-4
UniversalCard.Footer.jsx,src/components/ui/universal-card/UniversalCard.Footer.jsx,Plus,119,OK,0,size strokeWidth,
UniversalCard.Footer.jsx,src/components/ui/universal-card/UniversalCard.Footer.jsx,div,126,OK,3,onClick role,fixed inset-0 z-[9999] bg-black/60 backdrop-blur-md flex items-center justify-center p-4 animate-in fade-in
UniversalCard.Footer.jsx,src/components/ui/universal-card/UniversalCard.Footer.jsx,div,131,OK,9,onClick role aria-label,bg-theme-base border border-theme-border p-6 rounded-3xl w-full max-w-sm shadow-2xl flex flex-col gap-4
UniversalCard.Footer.jsx,src/components/ui/universal-card/UniversalCard.Footer.jsx,h3,137,OK,3,,font-black text-xl text-center mb-2 uppercase text-theme-text
UniversalCard.Footer.jsx,src/components/ui/universal-card/UniversalCard.Footer.jsx,button,139,CSS_EXCESSIU,5,onClick,w-full bg-[#4F46E5] text-white p-4 rounded-xl font-bold hover:scale-[1.02] active:scale-95 transition-all flex items-center gap-4 shadow-[0_4px_14px_rgba(79;70;229;0.3)] focus:outline-none focus:ring-2 focus:ring-[#4F46E5] focus:ring-offset-2 dark:focus:ring-offset-[#111111]
UniversalCard.Footer.jsx,src/components/ui/universal-card/UniversalCard.Footer.jsx,img,153,OK,0,src alt,w-11 h-11 rounded-full object-cover shrink-0 border border-white/20 shadow-sm bg-white/10
UniversalCard.Footer.jsx,src/components/ui/universal-card/UniversalCard.Footer.jsx,div,156,OK,3,,w-11 h-11 rounded-full bg-white/10 flex items-center justify-center shrink-0 border border-white/20
UniversalCard.Footer.jsx,src/components/ui/universal-card/UniversalCard.Footer.jsx,Landmark,157,OK,0,size,opacity-90
UniversalCard.Footer.jsx,src/components/ui/universal-card/UniversalCard.Footer.jsx,div,161,OK,5,,flex flex-col text-left
UniversalCard.Footer.jsx,src/components/ui/universal-card/UniversalCard.Footer.jsx,span,162,OK,1,,text-lg leading-tight
UniversalCard.Footer.jsx,src/components/ui/universal-card/UniversalCard.Footer.jsx,span,163,OK,3,,text-xs opacity-90 font-medium tracking-wider
UniversalCard.Footer.jsx,src/components/ui/universal-card/UniversalCard.Footer.jsx,button,180,OK,5,onClick,w-full bg-[#F97316] text-white p-4 rounded-xl font-bold hover:scale-[1.02] active:scale-95 transition-all flex items-center gap-4 shadow-[0_4px_14px_rgba(249;115;22;0.3)]
UniversalCard.Footer.jsx,src/components/ui/universal-card/UniversalCard.Footer.jsx,img,193,OK,0,src alt,w-11 h-11 rounded-full object-cover shrink-0 border border-white/20 shadow-sm bg-white/10
UniversalCard.Footer.jsx,src/components/ui/universal-card/UniversalCard.Footer.jsx,div,196,OK,3,,w-11 h-11 rounded-full bg-white/10 flex items-center justify-center shrink-0 border border-white/20
UniversalCard.Footer.jsx,src/components/ui/universal-card/UniversalCard.Footer.jsx,UserPlus,197,OK,0,size,opacity-90
UniversalCard.Footer.jsx,src/components/ui/universal-card/UniversalCard.Footer.jsx,div,201,OK,5,,flex flex-col text-left
UniversalCard.Footer.jsx,src/components/ui/universal-card/UniversalCard.Footer.jsx,span,202,OK,3,,text-lg leading-tight
UniversalCard.Footer.jsx,src/components/ui/universal-card/UniversalCard.Footer.jsx,span,205,OK,3,,text-xs opacity-90 font-medium
UniversalCard.Footer.jsx,src/components/ui/universal-card/UniversalCard.Footer.jsx,button,219,OK,1,onClick,w-full mt-2 p-3 text-theme-text opacity-50 hover:opacity-100 font-bold uppercase tracking-widest text-sm transition-opacity
UniversalCard.Header.jsx,src/components/ui/universal-card/UniversalCard.Header.jsx,button,34,OK,5,onClick ...spread,[Dinàmic]
UniversalCard.Header.jsx,src/components/ui/universal-card/UniversalCard.Header.jsx,span,40,ESTILS_MESCLATS,0,style,absolute bg-white/30 dark:bg-black/30 rounded-full animate-ripple
UniversalCard.Header.jsx,src/components/ui/universal-card/UniversalCard.Header.jsx,RippleButton,73,A11Y_CLICK_SENSE_ROLE | CSS_EXCESSIU,5,onClick aria-label,flex items-center gap-3 overflow-hidden min-w-0 text-left outline-none bg-transparent border-none p-0 cursor-pointer group rounded-xl                  focus-visible:ring-2 focus-visible:ring-brand-blue transition-all duration-200 hover:scale-[1.01]
UniversalCard.Header.jsx,src/components/ui/universal-card/UniversalCard.Header.jsx,div,79,OK,3,,genesis-avatar flex items-center justify-center bg-black/5 dark:bg-white/5 group-active:scale-95 transition-all duration-300 ease-out w-10 h-10
UniversalCard.Header.jsx,src/components/ui/universal-card/UniversalCard.Header.jsx,Avatar,80,OK,0,name src role size,
UniversalCard.Header.jsx,src/components/ui/universal-card/UniversalCard.Header.jsx,div,83,OK,5,,header-text group-active:opacity-70 transition-opacity duration-200
UniversalCard.Header.jsx,src/components/ui/universal-card/UniversalCard.Header.jsx,div,84,OK,5,,master-author-name flex items-center gap-1.5 min-w-0
UniversalCard.Header.jsx,src/components/ui/universal-card/UniversalCard.Header.jsx,span,85,OK,3,,truncate font-bold transition-colors duration-200 group-hover:text-brand-blue
UniversalCard.Header.jsx,src/components/ui/universal-card/UniversalCard.Header.jsx,Sparkles,88,OK,0,size fill,text-theme-text dark:text-brand-orange shrink-0 transition-transform duration-300 group-hover:rotate-12
UniversalCard.Header.jsx,src/components/ui/universal-card/UniversalCard.Header.jsx,div,97,OK,5,,flex items-center gap-1 min-w-0 text-sm transition-colors duration-200 group-hover:text-brand-orange
UniversalCard.Header.jsx,src/components/ui/universal-card/UniversalCard.Header.jsx,MapPin,98,OK,0,size fill,shrink-0
UniversalCard.Header.jsx,src/components/ui/universal-card/UniversalCard.Header.jsx,span,99,OK,1,,truncate
UniversalCard.Header.jsx,src/components/ui/universal-card/UniversalCard.Header.jsx,div,121,OK,5,,flex items-center gap-2 shrink-0 pointer-events-auto ml-auto pl-1 py-1
UniversalCard.Header.jsx,src/components/ui/universal-card/UniversalCard.Header.jsx,RippleButton,123,A11Y_CLICK_SENSE_ROLE,3,onClick title aria-label,[Dinàmic]
UniversalCard.Header.jsx,src/components/ui/universal-card/UniversalCard.Header.jsx,Pin,131,OK,0,size fill,transform -rotate-45 transition-transform duration-300 hover:rotate-0
UniversalCard.Header.jsx,src/components/ui/universal-card/UniversalCard.Header.jsx,div,133,OK,5,,flex items-center gap-1
UniversalCard.Header.jsx,src/components/ui/universal-card/UniversalCard.Header.jsx,Pin,135,OK,0,size fill,transition-transform duration-300 hover:scale-110
UniversalCard.Header.jsx,src/components/ui/universal-card/UniversalCard.Header.jsx,Info,137,OK,0,size fill,transition-transform duration-300 hover:scale-110
UniversalCard.Header.jsx,src/components/ui/universal-card/UniversalCard.Header.jsx,span,139,OK,1,,text-[11px] font-black uppercase tracking-wider leading-none mt-0.5
UniversalCard.Header.jsx,src/components/ui/universal-card/UniversalCard.Header.jsx,span,142,OK,3,,[Dinàmic]
UniversalCard.Header.jsx,src/components/ui/universal-card/UniversalCard.Header.jsx,RippleButton,150,A11Y_CLICK_SENSE_ROLE | CSS_EXCESSIU,5,onClick title aria-label,bg-black/10 dark:bg-black/20 text-white px-3 h-10 rounded-full font-bold hover:bg-black/20 dark:hover:bg-black/30 transition-all duration-200                    focus:outline-none focus:ring-2 focus:ring-white flex flex-col shadow-inner items-center justify-center min-w-[64px] shrink-0
UniversalCard.Header.jsx,src/components/ui/universal-card/UniversalCard.Header.jsx,div,160,OK,1,,text-sm leading-none mb-0.5
UniversalCard.Header.jsx,src/components/ui/universal-card/UniversalCard.Header.jsx,div,161,OK,1,,text-xs opacity-90 leading-none
UniversalCard.Header.jsx,src/components/ui/universal-card/UniversalCard.Header.jsx,header,190,OK,5,,[Dinàmic]
UniversalCard.Header.jsx,src/components/ui/universal-card/UniversalCard.Header.jsx,AuthorSection,191,OK,0,item cardVariant displayAuthor avatarSrc displayTown,
UniversalCard.Header.jsx,src/components/ui/universal-card/UniversalCard.Header.jsx,MetaSection,199,OK,0,item cardVariant displayDate displayTime infoText hasNotice isPinned isEventOrAgenda,
UniversalCard.Media.jsx,src/components/ui/universal-card/UniversalCard.Media.jsx,div,61,OK,3,,[Dinàmic]
UniversalCard.Media.jsx,src/components/ui/universal-card/UniversalCard.Media.jsx,UniversalVideo,62,OK,0,videoUrl title,w-full h-full
UniversalCard.Media.jsx,src/components/ui/universal-card/UniversalCard.Media.jsx,Watermark,68,OK,3,hideLogo variant position opacity,
UniversalCard.Media.jsx,src/components/ui/universal-card/UniversalCard.Media.jsx,div,69,OK,7,onClick role tabIndex onKeyDown aria-label,[Dinàmic]
UniversalCard.Media.jsx,src/components/ui/universal-card/UniversalCard.Media.jsx,div,84,OK,3,,[Dinàmic]
UniversalCard.Media.jsx,src/components/ui/universal-card/UniversalCard.Media.jsx,div,85,OK,0,,absolute inset-0 bg-gradient-to-r from-transparent via-theme-muted/10 to-transparent skew-x-12
UniversalCard.Media.jsx,src/components/ui/universal-card/UniversalCard.Media.jsx,div,89,OK,3,,w-full h-full relative bg-black/5 dark:bg-white/5
UniversalCard.Media.jsx,src/components/ui/universal-card/UniversalCard.Media.jsx,ImageCarousel,90,OK,0,images onImageClick aspectMode,
UniversalCard.Media.jsx,src/components/ui/universal-card/UniversalCard.Media.jsx,img,106,OK,0,src alt loading decoding onLoad onError,[Dinàmic]
UniversalCard.test.jsx,src/components/ui/universal-card/UniversalCard.test.jsx,a,26,OK,1,href ...spread,[Dinàmic]
UniversalCard.test.jsx,src/components/ui/universal-card/UniversalCard.test.jsx,UniversalCard,40,OK,0,item title,
UniversalCard.test.jsx,src/components/ui/universal-card/UniversalCard.test.jsx,UniversalCard,50,OK,0,item title variant onNavigate,
UniversalReactionVote.jsx,src/components/ui/universal-card/UniversalReactionVote.jsx,button,39,OK,5,onClick disabled aria-label,[Dinàmic]
UniversalReactionVote.jsx,src/components/ui/universal-card/UniversalReactionVote.jsx,ThumbsUp,49,OK,0,size,[Dinàmic]
UniversalReactionVote.jsx,src/components/ui/universal-card/UniversalReactionVote.jsx,span,50,WRAPPER_INUTIL,1,,
index.jsx,src/components/ui/universal-card/index.jsx,article,276,OK,3,aria-label itemScope itemType data-post-id,[Dinàmic]
index.jsx,src/components/ui/universal-card/index.jsx,div,284,OK,7,,ucard-layout-list w-full
index.jsx,src/components/ui/universal-card/index.jsx,UniversalCardHeader,285,OK,0,item cardVariant displayTown displayAuthor avatarSrc avatarRole isOfficial displayDate displayTime infoText,
index.jsx,src/components/ui/universal-card/index.jsx,div,297,OK,5,,ucard-list-content-row
index.jsx,src/components/ui/universal-card/index.jsx,div,298,OK,3,,ucard-list-media-col
index.jsx,src/components/ui/universal-card/index.jsx,img,300,OK,0,src alt loading,[Dinàmic]
index.jsx,src/components/ui/universal-card/index.jsx,div,307,OK,3,,w-[120px] h-[120px] md:w-[140px] md:h-[140px] flex items-center justify-center rounded-[length:var(--sp-radius-mestre;28px)] bg-white/5
index.jsx,src/components/ui/universal-card/index.jsx,ImageIcon,308,OK,0,size,text-gray-500
index.jsx,src/components/ui/universal-card/index.jsx,div,312,OK,3,,ucard-list-body-col
index.jsx,src/components/ui/universal-card/index.jsx,UniversalCardBody,313,OK,0,displayTitle displayExcerpt item isOfficial children navigate handleCardClick cardVariant displayPrice viewMode,
index.jsx,src/components/ui/universal-card/index.jsx,div,327,OK,3,,ucard-footer-container
index.jsx,src/components/ui/universal-card/index.jsx,UniversalCardFooter,328,OK,0,item cardVariant displayTitle isMaster navigate handleConnectClick handleCardClick viewMode,
index.jsx,src/components/ui/universal-card/index.jsx,UniversalCardHeader,342,OK,0,item cardVariant displayTown displayAuthor avatarSrc avatarRole isOfficial displayDate displayTime infoText,
index.jsx,src/components/ui/universal-card/index.jsx,UniversalCardMedia,354,OK,0,item cardVariant mediaList displayImage displayTitle openViewer navigate aspectMode videoUrl,
index.jsx,src/components/ui/universal-card/index.jsx,div,365,OK,3,,ucard-body-container
index.jsx,src/components/ui/universal-card/index.jsx,UniversalCardBody,366,OK,0,displayTitle displayExcerpt item isOfficial children navigate handleCardClick cardVariant displayPrice viewMode,
index.jsx,src/components/ui/universal-card/index.jsx,div,379,OK,3,,ucard-footer-container mt-auto
index.jsx,src/components/ui/universal-card/index.jsx,UniversalCardFooter,380,OK,0,item cardVariant displayTitle displayExcerpt isMaster navigate handleConnectClick handleCardClick viewMode,
index.jsx,src/components/ui/universal-card/index.jsx,BlueprintOverlay,400,OK,3,label dimensions color,
index.jsx,src/components/ui/universal-card/index.jsx,MemoizedCardInner,454,OK,0,...spread item openViewer contextForensic gloveMode seniorMode hapticService isAdmin user forceEditOption,
UniversalHeader.Button.jsx,src/components/ui/universal-header/UniversalHeader.Button.jsx,Component,39,A11Y_CLICK_SENSE_ROLE,3,ref onClick title aria-label,[Dinàmic]
UniversalHeader.Group.jsx,src/components/ui/universal-header/UniversalHeader.Group.jsx,div,15,OK,3,,[Dinàmic]
UniversalHeader.Logo.jsx,src/components/ui/universal-header/UniversalHeader.Logo.jsx,button,20,OK,3,onClick aria-label,[Dinàmic]
UniversalHeader.Logo.jsx,src/components/ui/universal-header/UniversalHeader.Logo.jsx,img,25,OK,0,src alt fetchPriority,h-[32px] sm:h-[42px] lg:h-[45px] w-auto object-contain filter shrink min-w-0
index.jsx,src/components/ui/universal-header/index.jsx,header,12,OK,3,,[Dinàmic]
UniversalVideo.jsx,src/components/ui/universal-video/UniversalVideo.jsx,div,32,OK,3,ref,[Dinàmic]
UniversalVideo.jsx,src/components/ui/universal-video/UniversalVideo.jsx,div,37,OK,9,onClick role aria-label tabIndex onKeyDown,absolute inset-0 flex items-center justify-center cursor-pointer overflow-hidden
UniversalVideo.jsx,src/components/ui/universal-video/UniversalVideo.jsx,img,46,OK,0,src alt loading,absolute inset-0 w-full h-full object-cover transition-transform duration-[400ms] group-hover:scale-105
UniversalVideo.jsx,src/components/ui/universal-video/UniversalVideo.jsx,div,54,OK,0,,absolute inset-0 bg-black/20 group-hover:bg-black/10 transition-colors duration-300
UniversalVideo.jsx,src/components/ui/universal-video/UniversalVideo.jsx,div,56,CSS_EXCESSIU,3,,relative z-10 w-16 h-16 sm:w-20 sm:h-20 bg-brand-orange/90 rounded-full flex items-center justify-center shadow-lg transition-transform duration-300 group-hover:scale-110 group-active:scale-95
UniversalVideo.jsx,src/components/ui/universal-video/UniversalVideo.jsx,Play,57,OK,0,size fill,text-white ml-2
UniversalVideo.jsx,src/components/ui/universal-video/UniversalVideo.jsx,iframe,61,OK,0,src title allow allowFullScreen loading,absolute inset-0 w-full h-full border-none
UniversalHeader.jsx,src/components/universal/UniversalHeader.jsx,header,19,OK,3,,w-full bg-[#4F46E5] text-white flex flex-col shrink-0 z-20 shadow-md relative
UniversalHeader.jsx,src/components/universal/UniversalHeader.jsx,div,20,OK,9,,flex items-center justify-between min-h-[50px] sm:min-h-[56px] px-2 sm:px-4 flex-wrap relative
UniversalHeader.jsx,src/components/universal/UniversalHeader.jsx,div,22,OK,5,,flex items-center gap-1 sm:gap-2 shrink-0
UniversalHeader.jsx,src/components/universal/UniversalHeader.jsx,button,23,OK,3,onClick aria-label,flex items-center justify-center p-2 rounded-xl hover:bg-white/20 active:scale-95 transition-all text-white font-bold
UniversalHeader.jsx,src/components/universal/UniversalHeader.jsx,ArrowLeft,28,OK,0,size strokeWidth,
UniversalHeader.jsx,src/components/universal/UniversalHeader.jsx,button,30,OK,3,onClick title aria-label,[Dinàmic]
UniversalHeader.jsx,src/components/universal/UniversalHeader.jsx,Book,36,OK,0,size strokeWidth,
UniversalHeader.jsx,src/components/universal/UniversalHeader.jsx,div,41,OK,9,,flex items-center justify-end gap-1 sm:gap-2 flex-1 min-w-0
UniversalHeader.jsx,src/components/universal/UniversalHeader.jsx,button,42,OK,3,onClick aria-label,[Dinàmic]
UniversalHeader.jsx,src/components/universal/UniversalHeader.jsx,Globe,48,OK,0,size,animate-spin
UniversalHeader.jsx,src/components/universal/UniversalHeader.jsx,img,50,OK,0,src alt,w-[20px] h-[20px] drop-shadow-sm brightness-110
UniversalHeader.jsx,src/components/universal/UniversalHeader.jsx,button,57,OK,3,onClick aria-label,flex items-center justify-center min-h-[44px] px-2 sm:px-3 rounded-xl hover:bg-white/20 active:scale-95 transition-all text-white
UniversalHeader.jsx,src/components/universal/UniversalHeader.jsx,MessageCircle,62,OK,0,size,
UniversalHeader.jsx,src/components/universal/UniversalHeader.jsx,button,64,OK,3,onClick aria-label,flex items-center justify-center min-h-[44px] px-2 sm:px-3 rounded-xl hover:bg-white/20 active:scale-95 transition-all text-white
UniversalHeader.jsx,src/components/universal/UniversalHeader.jsx,Share2,69,OK,0,size,
UniversalHeader.jsx,src/components/universal/UniversalHeader.jsx,button,71,CSS_EXCESSIU,3,onClick,flex items-center justify-center gap-2 min-h-[44px] px-3 sm:px-4 rounded-full bg-white text-[#4F46E5] hover:bg-white/90 active:scale-95 transition-all font-black uppercase text-sm shadow-md ml-1
UniversalHeader.jsx,src/components/universal/UniversalHeader.jsx,Plus,75,OK,0,size strokeWidth,hidden sm:block
UniversalHero.jsx,src/components/universal/UniversalHero.jsx,section,7,OK,3,,relative w-full z-0 flex flex-col items-center justify-center overflow-hidden bg-[var(--bg-panel)] bg-black
UniversalHero.jsx,src/components/universal/UniversalHero.jsx,iframe,8,OK,0,src title frameBorder allow referrerPolicy allowFullScreen,[Dinàmic]
UniversalHero.jsx,src/components/universal/UniversalHero.jsx,section,33,OK,3,onClick role tabIndex onKeyDown aria-label,[Dinàmic]
UniversalHero.jsx,src/components/universal/UniversalHero.jsx,div,42,OK,3,,w-full h-full relative
UniversalHero.jsx,src/components/universal/UniversalHero.jsx,ImageCarousel,43,OK,0,images onImageClick aspectMode,
UniversalHero.jsx,src/components/universal/UniversalHero.jsx,img,52,OK,0,src alt fetchpriority style,[Dinàmic]
UniversalShell.jsx,src/components/universal/UniversalShell.jsx,div,46,OK,13,,flex flex-col h-full min-h-0
UniversalShell.jsx,src/components/universal/UniversalShell.jsx,SEO,49,OK,0,title description image url,
UniversalShell.jsx,src/components/universal/UniversalShell.jsx,UniversalHeader,57,OK,0,routeSlug title isIndexOpen onToggleIndex,
UniversalShell.jsx,src/components/universal/UniversalShell.jsx,div,64,OK,7,ref,flex-1 overflow-y-auto overflow-x-hidden custom-scrollbar
UniversalShell.jsx,src/components/universal/UniversalShell.jsx,UniversalHero,68,OK,0,images format position onImageClick videoUrl,
UniversalShell.jsx,src/components/universal/UniversalShell.jsx,div,76,OK,3,,sticky top-0 z-[190]
UniversalShell.jsx,src/components/universal/UniversalShell.jsx,UniversalCardHeader,77,OK,0,item cardVariant displayTown displayAuthor avatarSrc avatarRole isOfficial displayDate displayTime isPageHeader,
UniversalShell.jsx,src/components/universal/UniversalShell.jsx,FloatingIndex,94,OK,0,scrollRef isOpen isPinned onToggle onPinToggle,
UniversalShell.jsx,src/components/universal/UniversalShell.jsx,Suspense,103,OK,3,fallback,
UniversalShell.jsx,src/components/universal/UniversalShell.jsx,MediaViewerModal,104,OK,0,isOpen src images onClose onNavigate,
UniversalShell.jsx,src/components/universal/UniversalShell.jsx,Suspense,115,OK,3,fallback,
UniversalShell.jsx,src/components/universal/UniversalShell.jsx,HistoryModal,116,OK,0,isOpen pageId onClose onRestore,
UniversalView.jsx,src/components/universal/UniversalView.jsx,div,78,OK,17,,[Dinàmic]
UniversalView.jsx,src/components/universal/UniversalView.jsx,Suspense,84,OK,3,fallback,
UniversalView.jsx,src/components/universal/UniversalView.jsx,div,84,OK,1,,fixed inset-0 bg-black/50 flex items-center justify-center z-[var(--z-modal;500)]
UniversalView.jsx,src/components/universal/UniversalView.jsx,div,84,OK,0,,w-8 h-8 rounded-full border-4 border-white/20 border-[var(--theme-accent-primary)] animate-spin
UniversalView.jsx,src/components/universal/UniversalView.jsx,HistoryModal,85,OK,0,isOpen onClose pageId onRestore,
UniversalView.jsx,src/components/universal/UniversalView.jsx,SEO,95,OK,0,title description image url,
UniversalView.jsx,src/components/universal/UniversalView.jsx,UniversalHeader,103,OK,0,isIndexOpen onToggleIndex routeSlug title translating,
UniversalView.jsx,src/components/universal/UniversalView.jsx,main,111,OK,11,ref inert style,[Dinàmic]
UniversalView.jsx,src/components/universal/UniversalView.jsx,UniversalHero,119,OK,0,images format position onImageClick,
UniversalView.jsx,src/components/universal/UniversalView.jsx,div,131,OK,3,,sticky top-0 z-[190] w-full shrink-0 shadow-sm
UniversalView.jsx,src/components/universal/UniversalView.jsx,UniversalCardHeader,132,OK,0,item cardVariant displayTown displayAuthor avatarSrc avatarRole isOfficial infoText infoLink displayDate displayTime isPageHeader,
UniversalView.jsx,src/components/universal/UniversalView.jsx,section,148,OK,3,,w-full max-w-4xl mx-auto px-4 sm:px-6 relative z-10 mt-0 mb-0
UniversalView.jsx,src/components/universal/UniversalView.jsx,div,149,CSS_EXCESSIU,7,,app-cms-content bg-white dark:bg-[#1a1a1a] rounded-b-[28px] rounded-t-none shadow-sm px-6 py-6 pb-0 flex flex-col items-center justify-center text-center border-x border-b border-black/5 dark:border-white/5 border-t-0
UniversalView.jsx,src/components/universal/UniversalView.jsx,div,151,OK,5,,[Dinàmic]
UniversalView.jsx,src/components/universal/UniversalView.jsx,div,153,OK,7,,flex -space-x-3 mb-6 opacity-90 transition-opacity hover:opacity-100 items-center justify-center
UniversalView.jsx,src/components/universal/UniversalView.jsx,div,154,OK,3,title,w-10 h-10 rounded-full border-2 border-[var(--bg-panel)] shadow-md z-20 bg-black flex items-center justify-center overflow-hidden
UniversalView.jsx,src/components/universal/UniversalView.jsx,img,155,OK,0,src alt,w-full h-full object-cover
UniversalView.jsx,src/components/universal/UniversalView.jsx,div,158,OK,3,title,w-10 h-10 rounded-full border-2 border-[var(--theme-accent-primary)] shadow-md z-10 bg-black flex items-center justify-center overflow-hidden
UniversalView.jsx,src/components/universal/UniversalView.jsx,span,159,OK,1,,text-[var(--theme-accent-secondary)] text-xs font-black tracking-tighter
UniversalView.jsx,src/components/universal/UniversalView.jsx,span,162,CSS_EXCESSIU,3,,ml-5 text-[10px] font-bold uppercase tracking-widest text-[var(--text-muted)] mt-1 bg-black/5 dark:bg-white/5 px-3 py-1.5 rounded-full border border-black/10 dark:border-white/10 flex items-center gap-1.5
UniversalView.jsx,src/components/universal/UniversalView.jsx,span,163,OK,0,,w-1.5 h-1.5 rounded-full bg-green-500 animate-pulse
UniversalView.jsx,src/components/universal/UniversalView.jsx,div,170,OK,5,,w-full max-w-4xl flex flex-col items-center gap-4
UniversalView.jsx,src/components/universal/UniversalView.jsx,input,171,CSS_EXCESSIU,0,type value onChange placeholder,text-3xl sm:text-4xl md:text-5xl font-black text-[var(--theme-accent-secondary)] text-center tracking-tight leading-none uppercase border-b-2 border-dashed border-[var(--theme-accent-primary)] outline-none w-full focus:bg-[var(--theme-accent-primary)]/10 transition-colors pb-2 bg-transparent
UniversalView.jsx,src/components/universal/UniversalView.jsx,div,178,OK,11,,w-full grid grid-cols-1 md:grid-cols-2 gap-4 mt-4 bg-black/5 dark:bg-white/5 p-4 rounded-xl border border-black/10 dark:border-white/10
UniversalView.jsx,src/components/universal/UniversalView.jsx,div,179,OK,5,,flex flex-col gap-1
UniversalView.jsx,src/components/universal/UniversalView.jsx,label,180,OK,1,,text-[10px] font-bold uppercase tracking-widest text-[var(--text-muted)]
UniversalView.jsx,src/components/universal/UniversalView.jsx,input,181,OK,0,type value onChange,bg-transparent border-b border-black/20 dark:border-white/20 outline-none text-sm p-1
UniversalView.jsx,src/components/universal/UniversalView.jsx,div,183,OK,5,,flex flex-col gap-1
UniversalView.jsx,src/components/universal/UniversalView.jsx,label,184,OK,1,,text-[10px] font-bold uppercase tracking-widest text-[var(--text-muted)]
UniversalView.jsx,src/components/universal/UniversalView.jsx,select,185,OK,5,value onChange,bg-transparent border-b border-black/20 dark:border-white/20 outline-none text-sm p-1 cursor-pointer
UniversalView.jsx,src/components/universal/UniversalView.jsx,option,186,OK,1,value,bg-[var(--bg-panel)] text-[var(--text-main)]
UniversalView.jsx,src/components/universal/UniversalView.jsx,option,187,OK,1,value,bg-[var(--bg-panel)] text-[var(--text-main)]
UniversalView.jsx,src/components/universal/UniversalView.jsx,div,190,OK,5,,flex flex-col gap-1
UniversalView.jsx,src/components/universal/UniversalView.jsx,label,191,OK,1,,text-[10px] font-bold uppercase tracking-widest text-[var(--text-muted)]
UniversalView.jsx,src/components/universal/UniversalView.jsx,select,192,OK,7,value onChange disabled,[Dinàmic]
UniversalView.jsx,src/components/universal/UniversalView.jsx,option,193,OK,1,value,bg-[var(--bg-panel)] text-[var(--text-main)]
UniversalView.jsx,src/components/universal/UniversalView.jsx,option,194,OK,1,value,bg-[var(--bg-panel)] text-[var(--text-main)]
UniversalView.jsx,src/components/universal/UniversalView.jsx,option,195,OK,1,value,bg-[var(--bg-panel)] text-[var(--text-main)]
UniversalView.jsx,src/components/universal/UniversalView.jsx,div,198,OK,5,,flex flex-col gap-1
UniversalView.jsx,src/components/universal/UniversalView.jsx,label,199,OK,1,,text-[10px] font-bold uppercase tracking-widest text-[var(--text-muted)]
UniversalView.jsx,src/components/universal/UniversalView.jsx,input,200,OK,0,type value onChange,bg-transparent border-b border-black/20 dark:border-white/20 outline-none text-sm p-1
UniversalView.jsx,src/components/universal/UniversalView.jsx,div,202,OK,5,,flex flex-col gap-1
UniversalView.jsx,src/components/universal/UniversalView.jsx,label,203,OK,1,,text-[10px] font-bold uppercase tracking-widest text-[var(--text-muted)]
UniversalView.jsx,src/components/universal/UniversalView.jsx,input,204,OK,0,type value onChange,bg-transparent border-b border-black/20 dark:border-white/20 outline-none text-sm p-1
UniversalView.jsx,src/components/universal/UniversalView.jsx,div,209,OK,9,,flex flex-col items-center w-full max-w-4xl
UniversalView.jsx,src/components/universal/UniversalView.jsx,img,213,OK,0,src alt,[Dinàmic]
UniversalView.jsx,src/components/universal/UniversalView.jsx,img,220,OK,0,src alt,[Dinàmic]
UniversalView.jsx,src/components/universal/UniversalView.jsx,div,228,OK,3,,app-cms-content w-full flex flex-col items-center justify-center
UniversalView.jsx,src/components/universal/UniversalView.jsx,h1,229,OK,3,,
UniversalView.jsx,src/components/universal/UniversalView.jsx,div,235,OK,7,,w-full max-w-4xl flex flex-col items-center gap-4 mb-[25px]
UniversalView.jsx,src/components/universal/UniversalView.jsx,div,236,OK,1,,w-full
UniversalView.jsx,src/components/universal/UniversalView.jsx,div,237,OK,1,,w-full
UniversalView.jsx,src/components/universal/UniversalView.jsx,div,238,OK,1,,w-full flex items-center justify-center gap-2 flex-wrap
UniversalView.jsx,src/components/universal/UniversalView.jsx,div,245,OK,3,,flex justify-center mt-6 w-full mb-[25px]
UniversalView.jsx,src/components/universal/UniversalView.jsx,div,246,OK,7,,inline-flex items-center gap-2 bg-black/5 dark:bg-white/5 p-1.5 rounded-full shadow-inner border border-black/5 dark:border-white/5
UniversalView.jsx,src/components/universal/UniversalView.jsx,button,247,OK,1,onClick,[Dinàmic]
UniversalView.jsx,src/components/universal/UniversalView.jsx,button,254,OK,1,onClick,[Dinàmic]
UniversalView.jsx,src/components/universal/UniversalView.jsx,button,262,OK,1,onClick,[Dinàmic]
UniversalView.jsx,src/components/universal/UniversalView.jsx,section,276,OK,3,,w-full flex-1 shrink-0 relative flex flex-col items-center
UniversalView.jsx,src/components/universal/UniversalView.jsx,MediaViewerModal,283,OK,0,isOpen onClose src images onNavigate title,
UniversalView.jsx,src/components/universal/UniversalView.jsx,FloatingIndex,297,OK,0,scrollRef isOpen onToggle isPinned onPinToggle,
ChatShell.jsx,src/features/chat/ChatShell.jsx,div,13,OK,3,,w-full h-full flex flex-col items-center justify-center p-4 acte-reflex
ChatShell.jsx,src/features/chat/ChatShell.jsx,UniversalCard,14,OK,3,,
ChatShell.jsx,src/features/chat/ChatShell.jsx,div,15,OK,5,,text-center
ChatShell.jsx,src/features/chat/ChatShell.jsx,h2,16,OK,1,,mb-2 text-[var(--theme-accent-primary)]
ChatShell.jsx,src/features/chat/ChatShell.jsx,p,17,OK,1,,text-sm opacity-80
main.jsx,src/main.jsx,StrictMode,11,OK,3,,
main.jsx,src/main.jsx,App,12,FANTASMA_BUIT,0,,
AdminPanel.jsx,src/pages/admin/AdminPanel.jsx,div,86,OK,5,,admin-loading
AdminPanel.jsx,src/pages/admin/AdminPanel.jsx,Cpu,87,OK,0,size,spin
AdminPanel.jsx,src/pages/admin/AdminPanel.jsx,p,88,OK,1,,
AdminPanel.jsx,src/pages/admin/AdminPanel.jsx,div,94,OK,7,,admin-container
AdminPanel.jsx,src/pages/admin/AdminPanel.jsx,div,96,OK,5,role aria-label,admin-header
AdminPanel.jsx,src/pages/admin/AdminPanel.jsx,div,97,OK,5,,title-area
AdminPanel.jsx,src/pages/admin/AdminPanel.jsx,h1,98,OK,5,,
AdminPanel.jsx,src/pages/admin/AdminPanel.jsx,Shield,99,OK,0,size,text-primary
AdminPanel.jsx,src/pages/admin/AdminPanel.jsx,span,100,OK,2,style,
AdminPanel.jsx,src/pages/admin/AdminPanel.jsx,p,102,OK,1,,
AdminPanel.jsx,src/pages/admin/AdminPanel.jsx,div,104,OK,5,,flex gap-2
AdminPanel.jsx,src/pages/admin/AdminPanel.jsx,button,105,OK,3,onClick title,header-diagnostic-btn
AdminPanel.jsx,src/pages/admin/AdminPanel.jsx,Terminal,110,OK,0,size,
AdminPanel.jsx,src/pages/admin/AdminPanel.jsx,button,112,OK,3,onClick,btn-hud-small
AdminPanel.jsx,src/pages/admin/AdminPanel.jsx,ArrowLeft,113,OK,0,size,
AdminPanel.jsx,src/pages/admin/AdminPanel.jsx,div,118,OK,5,,admin-content
AdminPanel.jsx,src/pages/admin/AdminPanel.jsx,div,121,OK,9,,dashboard-layout
AdminPanel.jsx,src/pages/admin/AdminPanel.jsx,div,123,OK,9,,left-col gap-6 flex flex-col
AdminPanel.jsx,src/pages/admin/AdminPanel.jsx,GlobalOverview,125,OK,0,addLog,
AdminPanel.jsx,src/pages/admin/AdminPanel.jsx,div,128,OK,5,,system-logs
AdminPanel.jsx,src/pages/admin/AdminPanel.jsx,div,129,OK,5,,flex justify-between items-center mb-2 border-b border-gray-800 pb-1
AdminPanel.jsx,src/pages/admin/AdminPanel.jsx,span,130,WRAPPER_INUTIL,1,,
AdminPanel.jsx,src/pages/admin/AdminPanel.jsx,Terminal,131,OK,0,size,
AdminPanel.jsx,src/pages/admin/AdminPanel.jsx,div,134,OK,5,key,[Dinàmic]
AdminPanel.jsx,src/pages/admin/AdminPanel.jsx,span,135,OK,3,,log-time
AdminPanel.jsx,src/pages/admin/AdminPanel.jsx,span,136,WRAPPER_INUTIL,1,,
AdminPanel.jsx,src/pages/admin/AdminPanel.jsx,div,143,OK,67,,modules-grid
AdminPanel.jsx,src/pages/admin/AdminPanel.jsx,h4,144,OK,1,,text-[10px] opacity-40 font-bold mb-2 uppercase tracking-widest pl-2
AdminPanel.jsx,src/pages/admin/AdminPanel.jsx,div,147,A11Y_CLICK_SENSE_ROLE,5,onClick,module-card red
AdminPanel.jsx,src/pages/admin/AdminPanel.jsx,div,148,OK,3,,module-icon-wrapper
AdminPanel.jsx,src/pages/admin/AdminPanel.jsx,Bell,149,OK,0,size,
AdminPanel.jsx,src/pages/admin/AdminPanel.jsx,h3,151,OK,1,,
AdminPanel.jsx,src/pages/admin/AdminPanel.jsx,div,155,A11Y_CLICK_SENSE_ROLE,5,onClick,module-card blue
AdminPanel.jsx,src/pages/admin/AdminPanel.jsx,div,156,OK,3,,module-icon-wrapper
AdminPanel.jsx,src/pages/admin/AdminPanel.jsx,Store,157,OK,0,size,
AdminPanel.jsx,src/pages/admin/AdminPanel.jsx,h3,159,OK,1,,
AdminPanel.jsx,src/pages/admin/AdminPanel.jsx,div,163,A11Y_CLICK_SENSE_ROLE,5,onClick,module-card gold
AdminPanel.jsx,src/pages/admin/AdminPanel.jsx,div,164,OK,3,,module-icon-wrapper
AdminPanel.jsx,src/pages/admin/AdminPanel.jsx,Users,165,OK,0,size,
AdminPanel.jsx,src/pages/admin/AdminPanel.jsx,h3,167,OK,1,,
AdminPanel.jsx,src/pages/admin/AdminPanel.jsx,div,171,A11Y_CLICK_SENSE_ROLE,5,onClick,module-card cyan
AdminPanel.jsx,src/pages/admin/AdminPanel.jsx,div,185,OK,3,,module-icon-wrapper
AdminPanel.jsx,src/pages/admin/AdminPanel.jsx,Zap,186,OK,0,size,
AdminPanel.jsx,src/pages/admin/AdminPanel.jsx,h3,188,OK,1,,
AdminPanel.jsx,src/pages/admin/AdminPanel.jsx,div,192,A11Y_CLICK_SENSE_ROLE,5,onClick,module-card red
AdminPanel.jsx,src/pages/admin/AdminPanel.jsx,div,193,ESTILS_MESCLATS,3,style,module-icon-wrapper
AdminPanel.jsx,src/pages/admin/AdminPanel.jsx,Activity,194,OK,0,size,
AdminPanel.jsx,src/pages/admin/AdminPanel.jsx,h3,196,OK,1,,
AdminPanel.jsx,src/pages/admin/AdminPanel.jsx,div,200,A11Y_CLICK_SENSE_ROLE,5,onClick,module-card purple
AdminPanel.jsx,src/pages/admin/AdminPanel.jsx,div,201,OK,3,,module-icon-wrapper
AdminPanel.jsx,src/pages/admin/AdminPanel.jsx,MessageSquare,202,OK,0,size,
AdminPanel.jsx,src/pages/admin/AdminPanel.jsx,h3,204,OK,1,,
AdminPanel.jsx,src/pages/admin/AdminPanel.jsx,div,208,A11Y_CLICK_SENSE_ROLE | ESTILS_MESCLATS,5,onClick style,module-card gold
AdminPanel.jsx,src/pages/admin/AdminPanel.jsx,div,209,ESTILS_MESCLATS,3,style,module-icon-wrapper
AdminPanel.jsx,src/pages/admin/AdminPanel.jsx,Activity,210,OK,0,size,
AdminPanel.jsx,src/pages/admin/AdminPanel.jsx,h3,212,OK,1,,
AdminPanel.jsx,src/pages/admin/AdminPanel.jsx,div,216,A11Y_CLICK_SENSE_ROLE | ESTILS_MESCLATS,5,onClick style,module-card gold
AdminPanel.jsx,src/pages/admin/AdminPanel.jsx,div,217,ESTILS_MESCLATS,3,style,module-icon-wrapper
AdminPanel.jsx,src/pages/admin/AdminPanel.jsx,Brain,218,OK,0,size,
AdminPanel.jsx,src/pages/admin/AdminPanel.jsx,h3,220,OK,1,,
AdminPanel.jsx,src/pages/admin/AdminPanel.jsx,div,224,A11Y_CLICK_SENSE_ROLE | ESTILS_MESCLATS,5,onClick style,module-card status-active
AdminPanel.jsx,src/pages/admin/AdminPanel.jsx,div,225,ESTILS_MESCLATS,3,style,module-icon-wrapper
AdminPanel.jsx,src/pages/admin/AdminPanel.jsx,Store,226,OK,0,size,
AdminPanel.jsx,src/pages/admin/AdminPanel.jsx,h3,228,OK,1,,
AdminPanel.jsx,src/pages/admin/AdminPanel.jsx,div,233,A11Y_CLICK_SENSE_ROLE | ESTILS_MESCLATS,5,onClick style,module-card cyan
AdminPanel.jsx,src/pages/admin/AdminPanel.jsx,div,234,ESTILS_MESCLATS,3,style,module-icon-wrapper
AdminPanel.jsx,src/pages/admin/AdminPanel.jsx,Zap,235,OK,0,size,
AdminPanel.jsx,src/pages/admin/AdminPanel.jsx,h3,237,OK,1,,
AdminPanel.jsx,src/pages/admin/AdminPanel.jsx,div,243,A11Y_CLICK_SENSE_ROLE | ESTILS_MESCLATS,5,onClick style,module-card status-active
AdminPanel.jsx,src/pages/admin/AdminPanel.jsx,div,244,ESTILS_MESCLATS,3,style,module-icon-wrapper
AdminPanel.jsx,src/pages/admin/AdminPanel.jsx,Building,245,OK,0,size,
AdminPanel.jsx,src/pages/admin/AdminPanel.jsx,h3,247,OK,1,,
AdminPanel.jsx,src/pages/admin/AdminPanel.jsx,div,253,A11Y_CLICK_SENSE_ROLE | ESTILS_MESCLATS,5,onClick style,module-card status-active
AdminPanel.jsx,src/pages/admin/AdminPanel.jsx,div,254,ESTILS_MESCLATS,3,style,module-icon-wrapper
AdminPanel.jsx,src/pages/admin/AdminPanel.jsx,ShieldCheck,255,OK,0,size,
AdminPanel.jsx,src/pages/admin/AdminPanel.jsx,h3,257,OK,1,,
AdminPanel.jsx,src/pages/admin/AdminPanel.jsx,div,263,A11Y_CLICK_SENSE_ROLE | ESTILS_MESCLATS,5,onClick style,module-card gold
AdminPanel.jsx,src/pages/admin/AdminPanel.jsx,div,264,ESTILS_MESCLATS,3,style,module-icon-wrapper
AdminPanel.jsx,src/pages/admin/AdminPanel.jsx,Brain,265,OK,0,size,
AdminPanel.jsx,src/pages/admin/AdminPanel.jsx,h3,267,OK,1,,
AdminPanel.jsx,src/pages/admin/AdminPanel.jsx,div,273,A11Y_CLICK_SENSE_ROLE | ESTILS_MESCLATS,5,onClick style,module-card blue
AdminPanel.jsx,src/pages/admin/AdminPanel.jsx,div,274,ESTILS_MESCLATS,3,style,module-icon-wrapper
AdminPanel.jsx,src/pages/admin/AdminPanel.jsx,Activity,275,OK,0,size,
AdminPanel.jsx,src/pages/admin/AdminPanel.jsx,h3,277,OK,1,,
AdminPanel.jsx,src/pages/admin/AdminPanel.jsx,div,283,A11Y_CLICK_SENSE_ROLE | ESTILS_MESCLATS,5,onClick style,module-card red
AdminPanel.jsx,src/pages/admin/AdminPanel.jsx,div,284,ESTILS_MESCLATS,3,style,module-icon-wrapper
AdminPanel.jsx,src/pages/admin/AdminPanel.jsx,Edit,285,OK,0,size,
AdminPanel.jsx,src/pages/admin/AdminPanel.jsx,h3,287,OK,1,,
AdminPanel.jsx,src/pages/admin/AdminPanel.jsx,div,293,A11Y_CLICK_SENSE_ROLE | ESTILS_MESCLATS,5,onClick style,module-card blue
AdminPanel.jsx,src/pages/admin/AdminPanel.jsx,div,294,ESTILS_MESCLATS,3,style,module-icon-wrapper
AdminPanel.jsx,src/pages/admin/AdminPanel.jsx,Shield,295,OK,0,size,
AdminPanel.jsx,src/pages/admin/AdminPanel.jsx,h3,297,OK,1,,
AdminPanel.jsx,src/pages/admin/AdminPanel.jsx,div,305,OK,29,,active-module-container
AdminPanel.jsx,src/pages/admin/AdminPanel.jsx,BroadcastModule,306,OK,0,user addLog,
AdminPanel.jsx,src/pages/admin/AdminPanel.jsx,IdentitiesModule,307,FANTASMA_BUIT,0,,
AdminPanel.jsx,src/pages/admin/AdminPanel.jsx,CitizensModule,308,FANTASMA_BUIT,0,,
AdminPanel.jsx,src/pages/admin/AdminPanel.jsx,MemexModule,309,OK,0,addLog,
AdminPanel.jsx,src/pages/admin/AdminPanel.jsx,FutureFeaturesModule,310,FANTASMA_BUIT,0,,
AdminPanel.jsx,src/pages/admin/AdminPanel.jsx,StoreManagementModule,311,OK,0,addLog,
AdminPanel.jsx,src/pages/admin/AdminPanel.jsx,SuperRatonControl,312,OK,0,addLog,
AdminPanel.jsx,src/pages/admin/AdminPanel.jsx,ZeroDaySetupModule,313,FANTASMA_BUIT,0,,
AdminPanel.jsx,src/pages/admin/AdminPanel.jsx,UtilitatSocialModule,314,OK,0,addLog,
AdminPanel.jsx,src/pages/admin/AdminPanel.jsx,MemoryGovernanceModule,315,OK,0,addLog,
AdminPanel.jsx,src/pages/admin/AdminPanel.jsx,MarketingModule,316,OK,0,addLog,
AdminPanel.jsx,src/pages/admin/AdminPanel.jsx,EditorialGovernanceModule,317,OK,0,addLog,
AdminPanel.jsx,src/pages/admin/AdminPanel.jsx,PermissionsGovernanceModule,318,OK,0,addLog,
AdminPanel.jsx,src/pages/admin/AdminPanel.jsx,div,384,ESTILS_MESCLATS,5,style,neural-core-panel
AdminPanel.jsx,src/pages/admin/AdminPanel.jsx,h2,385,OK,3,,text-xl font-bold mb-4 flex items-center gap-2
AdminPanel.jsx,src/pages/admin/AdminPanel.jsx,Bell,386,FANTASMA_BUIT,0,,
AdminPanel.jsx,src/pages/admin/AdminPanel.jsx,div,388,OK,5,,grid grid-cols-1 md:grid-cols-2 gap-6
AdminPanel.jsx,src/pages/admin/AdminPanel.jsx,div,389,OK,7,,p-6 border border-gray-700 rounded-[28px] bg-black/20
AdminPanel.jsx,src/pages/admin/AdminPanel.jsx,h3,390,OK,1,,font-bold text-lg mb-2 text-red-400
AdminPanel.jsx,src/pages/admin/AdminPanel.jsx,p,391,OK,1,,text-sm text-gray-400 mb-4
AdminPanel.jsx,src/pages/admin/AdminPanel.jsx,div,392,OK,7,,flex flex-col gap-2
AdminPanel.jsx,src/pages/admin/AdminPanel.jsx,button,393,ESTILS_MESCLATS,3,style onClick,btn-primary w-full
AdminPanel.jsx,src/pages/admin/AdminPanel.jsx,button,396,ESTILS_MESCLATS,3,style onClick,btn-primary w-full mt-2
AdminPanel.jsx,src/pages/admin/AdminPanel.jsx,ArrowLeft,397,OK,0,size,inline-block mr-1
AdminPanel.jsx,src/pages/admin/AdminPanel.jsx,button,400,ESTILS_MESCLATS,3,style onClick,btn-primary w-full mt-8
AdminPanel.jsx,src/pages/admin/AdminPanel.jsx,div,405,OK,9,,p-6 border border-gray-700 rounded-[28px] bg-black/20
AdminPanel.jsx,src/pages/admin/AdminPanel.jsx,h3,406,OK,1,,font-bold text-lg mb-2 text-cyan-400
AdminPanel.jsx,src/pages/admin/AdminPanel.jsx,p,407,OK,1,,text-sm text-gray-400 mb-4
AdminPanel.jsx,src/pages/admin/AdminPanel.jsx,button,408,OK,1,onClick,btn-primary w-full
AdminPanel.jsx,src/pages/admin/AdminPanel.jsx,button,425,OK,1,onClick,btn-primary w-full mt-4
AdminPanel.jsx,src/pages/admin/AdminPanel.jsx,div,440,ESTILS_MESCLATS,9,style,neural-core-panel
AdminPanel.jsx,src/pages/admin/AdminPanel.jsx,h2,441,OK,3,,text-xl font-bold mb-4 flex items-center gap-2
AdminPanel.jsx,src/pages/admin/AdminPanel.jsx,ShieldCheck,442,OK,0,color,
AdminPanel.jsx,src/pages/admin/AdminPanel.jsx,div,444,OK,5,,grid grid-cols-1 md:grid-cols-2 gap-6
AdminPanel.jsx,src/pages/admin/AdminPanel.jsx,div,445,OK,5,,p-6 border border-gray-700 rounded-[28px] bg-black/20
AdminPanel.jsx,src/pages/admin/AdminPanel.jsx,h3,446,OK,1,,font-bold text-lg mb-2 text-green-400
AdminPanel.jsx,src/pages/admin/AdminPanel.jsx,div,447,OK,5,,flex flex-col gap-4
AdminPanel.jsx,src/pages/admin/AdminPanel.jsx,div,448,OK,5,,vitality-meter-wrapper
AdminPanel.jsx,src/pages/admin/AdminPanel.jsx,div,449,OK,5,,flex justify-between text-xs mb-1
AdminPanel.jsx,src/pages/admin/AdminPanel.jsx,span,450,WRAPPER_INUTIL,1,,
AdminPanel.jsx,src/pages/admin/AdminPanel.jsx,span,451,OK,2,,
AdminPanel.jsx,src/pages/admin/AdminPanel.jsx,div,453,OK,3,,h-2 w-full bg-gray-800 rounded-[28px] overflow-hidden
AdminPanel.jsx,src/pages/admin/AdminPanel.jsx,div,454,ESTILS_MESCLATS,0,style,h-full bg-green-500 shadow-[0_0_10px_#22c55e]
AdminPanel.jsx,src/pages/admin/AdminPanel.jsx,button,457,OK,3,onClick,btn-primary w-full
AdminPanel.jsx,src/pages/admin/AdminPanel.jsx,Zap,461,OK,0,size,
AdminPanel.jsx,src/pages/admin/AdminPanel.jsx,div,465,OK,7,,p-6 border border-gray-700 rounded-[28px] bg-black/20
AdminPanel.jsx,src/pages/admin/AdminPanel.jsx,h3,466,OK,1,,font-bold text-lg mb-2 text-blue-400
AdminPanel.jsx,src/pages/admin/AdminPanel.jsx,p,467,OK,1,,text-sm text-gray-400 mb-4
AdminPanel.jsx,src/pages/admin/AdminPanel.jsx,div,468,OK,5,,flex flex-col gap-2
AdminPanel.jsx,src/pages/admin/AdminPanel.jsx,div,469,OK,5,,p-2 bg-blue-900/20 border border-orange-500/30 rounded-[20px] text-xs
AdminPanel.jsx,src/pages/admin/AdminPanel.jsx,p,470,OK,2,,
AdminPanel.jsx,src/pages/admin/AdminPanel.jsx,strong,470,OK,1,,
AdminPanel.jsx,src/pages/admin/AdminPanel.jsx,p,471,OK,2,,
AdminPanel.jsx,src/pages/admin/AdminPanel.jsx,strong,471,OK,1,,
AdminPanel.jsx,src/pages/admin/AdminPanel.jsx,button,473,OK,1,onClick,btn-primary w-full mt-2
AdminPanel.jsx,src/pages/admin/AdminPanel.jsx,div,480,OK,5,,mt-6 p-4 bg-gray-900/50 rounded-[28px] border border-gray-800
AdminPanel.jsx,src/pages/admin/AdminPanel.jsx,h4,481,OK,1,,text-xs font-bold text-gray-500 mb-4 uppercase
AdminPanel.jsx,src/pages/admin/AdminPanel.jsx,div,482,OK,7,,flex flex-wrap gap-2
AdminPanel.jsx,src/pages/admin/AdminPanel.jsx,button,483,OK,1,onClick,btn-hud-small text-[10px]
AdminPanel.jsx,src/pages/admin/AdminPanel.jsx,button,484,OK,1,onClick,btn-hud-small text-[10px]
AdminPanel.jsx,src/pages/admin/AdminPanel.jsx,button,485,OK,1,onClick,btn-hud-small text-[10px]
AdminPanel.jsx,src/pages/admin/AdminPanel.jsx,div,489,OK,5,,mt-4 p-4 bg-gray-900/50 rounded-[28px] border border-gray-800
AdminPanel.jsx,src/pages/admin/AdminPanel.jsx,h4,490,OK,1,,text-xs font-bold text-gray-500 mb-2 uppercase
AdminPanel.jsx,src/pages/admin/AdminPanel.jsx,p,491,OK,1,,text-sm italic text-gray-300
AdminPanel.jsx,src/pages/admin/AdminPanel.jsx,div,583,ESTILS_MESCLATS,7,style,neural-core-panel
AdminPanel.jsx,src/pages/admin/AdminPanel.jsx,h2,584,OK,3,,text-xl font-bold mb-4 flex items-center gap-2
AdminPanel.jsx,src/pages/admin/AdminPanel.jsx,Brain,585,OK,0,color,
AdminPanel.jsx,src/pages/admin/AdminPanel.jsx,div,587,OK,5,,grid grid-cols-1 md:grid-cols-2 gap-6
AdminPanel.jsx,src/pages/admin/AdminPanel.jsx,div,588,OK,5,,p-6 border border-gray-700 rounded-[28px] bg-black/20 flex flex-col justify-between
AdminPanel.jsx,src/pages/admin/AdminPanel.jsx,div,589,OK,5,,
AdminPanel.jsx,src/pages/admin/AdminPanel.jsx,h3,590,OK,1,,font-bold text-lg mb-2 text-yellow-400
AdminPanel.jsx,src/pages/admin/AdminPanel.jsx,div,591,OK,9,,grid grid-cols-2 gap-4 mb-4
AdminPanel.jsx,src/pages/admin/AdminPanel.jsx,div,592,OK,5,,p-2 bg-gray-900 rounded-[20px] text-center
AdminPanel.jsx,src/pages/admin/AdminPanel.jsx,span,593,OK,1,,block text-xl font-bold
AdminPanel.jsx,src/pages/admin/AdminPanel.jsx,span,594,OK,1,,text-[10px] opacity-50
AdminPanel.jsx,src/pages/admin/AdminPanel.jsx,div,596,OK,5,,p-2 bg-gray-900 rounded-[20px] text-center
AdminPanel.jsx,src/pages/admin/AdminPanel.jsx,span,597,OK,1,,block text-xl font-bold
AdminPanel.jsx,src/pages/admin/AdminPanel.jsx,span,598,OK,1,,text-[10px] opacity-50
AdminPanel.jsx,src/pages/admin/AdminPanel.jsx,div,600,OK,5,,p-2 bg-gray-900 rounded-[20px] text-center
AdminPanel.jsx,src/pages/admin/AdminPanel.jsx,span,601,OK,1,,block text-xl font-bold
AdminPanel.jsx,src/pages/admin/AdminPanel.jsx,span,602,OK,1,,text-[10px] opacity-50
AdminPanel.jsx,src/pages/admin/AdminPanel.jsx,div,604,OK,5,,p-2 bg-gray-900 rounded-[20px] text-center
AdminPanel.jsx,src/pages/admin/AdminPanel.jsx,span,605,OK,1,,block text-xl font-bold
AdminPanel.jsx,src/pages/admin/AdminPanel.jsx,span,606,OK,1,,text-[10px] opacity-50
AdminPanel.jsx,src/pages/admin/AdminPanel.jsx,div,610,OK,3,,flex flex-col gap-2
AdminPanel.jsx,src/pages/admin/AdminPanel.jsx,button,611,ESTILS_MESCLATS,3,style onClick disabled,btn-primary w-full
AdminPanel.jsx,src/pages/admin/AdminPanel.jsx,div,617,OK,5,,p-6 border border-gray-700 rounded-[28px] bg-black/20 flex flex-col justify-between
AdminPanel.jsx,src/pages/admin/AdminPanel.jsx,div,618,OK,7,,
AdminPanel.jsx,src/pages/admin/AdminPanel.jsx,h3,619,OK,1,,font-bold text-lg mb-2 text-cyan-400
AdminPanel.jsx,src/pages/admin/AdminPanel.jsx,p,620,OK,1,,text-sm text-gray-400 mb-4
AdminPanel.jsx,src/pages/admin/AdminPanel.jsx,div,621,OK,5,,p-3 bg-cyan-900/10 border border-cyan-500/20 rounded-[20px] mb-4
AdminPanel.jsx,src/pages/admin/AdminPanel.jsx,p,622,OK,2,,text-xs
AdminPanel.jsx,src/pages/admin/AdminPanel.jsx,strong,622,OK,1,,
AdminPanel.jsx,src/pages/admin/AdminPanel.jsx,p,623,OK,2,,text-xs
AdminPanel.jsx,src/pages/admin/AdminPanel.jsx,strong,623,OK,1,,
AdminPanel.jsx,src/pages/admin/AdminPanel.jsx,button,626,ESTILS_MESCLATS,3,style onClick disabled,btn-primary w-full
AdminPanel.jsx,src/pages/admin/AdminPanel.jsx,div,632,OK,5,,mt-6 p-4 bg-gray-900/50 rounded-[28px] border border-gray-800
AdminPanel.jsx,src/pages/admin/AdminPanel.jsx,h4,633,OK,1,,text-xs font-bold text-gray-500 mb-2 uppercase
AdminPanel.jsx,src/pages/admin/AdminPanel.jsx,p,634,OK,1,,text-sm italic text-gray-300
AdminPanel.jsx,src/pages/admin/AdminPanel.jsx,div,642,ESTILS_MESCLATS,7,style,neural-core-panel
AdminPanel.jsx,src/pages/admin/AdminPanel.jsx,h2,643,OK,3,,text-xl font-bold mb-4 flex items-center gap-2
AdminPanel.jsx,src/pages/admin/AdminPanel.jsx,Activity,644,OK,0,color,
AdminPanel.jsx,src/pages/admin/AdminPanel.jsx,div,646,ESTILS_MESCLATS,3,style,w-full bg-zinc-900 border-2 border-zinc-800 rounded-[2rem] overflow-hidden shadow-inner
AdminPanel.jsx,src/pages/admin/AdminPanel.jsx,iframe,647,OK,0,credentialless src frameBorder width height allowTransparency title,w-full h-full
AdminPanel.jsx,src/pages/admin/AdminPanel.jsx,div,659,OK,5,,mt-6 p-4 bg-gray-900/50 rounded-[28px] border border-gray-800
AdminPanel.jsx,src/pages/admin/AdminPanel.jsx,h4,660,OK,1,,text-xs font-bold text-gray-400 mb-2 uppercase
AdminPanel.jsx,src/pages/admin/AdminPanel.jsx,p,661,OK,1,,text-xs italic text-gray-500
AdminPanel.jsx,src/pages/admin/AdminPanel.jsx,div,672,ESTILS_MESCLATS,9,style,neural-core-panel
AdminPanel.jsx,src/pages/admin/AdminPanel.jsx,h2,673,OK,3,,text-xl font-bold mb-4 flex items-center gap-2
AdminPanel.jsx,src/pages/admin/AdminPanel.jsx,Pin,674,OK,0,color,
AdminPanel.jsx,src/pages/admin/AdminPanel.jsx,div,677,OK,5,,flex gap-2 mb-6
AdminPanel.jsx,src/pages/admin/AdminPanel.jsx,button,678,OK,1,onClick style,[Dinàmic]
AdminPanel.jsx,src/pages/admin/AdminPanel.jsx,button,685,OK,1,onClick style,[Dinàmic]
AdminPanel.jsx,src/pages/admin/AdminPanel.jsx,AdminPinnedManager,694,OK,0,type onClose,
AdminPanel.jsx,src/pages/admin/AdminPanel.jsx,div,699,OK,5,,mt-6 p-4 bg-gray-900/50 rounded-[28px] border border-gray-800
AdminPanel.jsx,src/pages/admin/AdminPanel.jsx,h4,700,OK,1,,text-xs font-bold text-gray-500 mb-2 uppercase
AdminPanel.jsx,src/pages/admin/AdminPanel.jsx,p,701,OK,1,,text-sm italic text-gray-400
AdminPanel.jsx,src/pages/admin/AdminPanel.jsx,div,721,ESTILS_MESCLATS,7,style,neural-core-panel
AdminPanel.jsx,src/pages/admin/AdminPanel.jsx,h2,722,OK,3,,text-xl font-bold mb-4 flex items-center gap-2
AdminPanel.jsx,src/pages/admin/AdminPanel.jsx,Shield,723,OK,0,color,
AdminPanel.jsx,src/pages/admin/AdminPanel.jsx,div,726,OK,5,,grid grid-cols-1 md:grid-cols-2 gap-6
AdminPanel.jsx,src/pages/admin/AdminPanel.jsx,div,727,OK,5,,p-6 border border-gray-700 rounded-[28px] bg-black/20
AdminPanel.jsx,src/pages/admin/AdminPanel.jsx,h3,728,OK,1,,font-bold text-lg mb-4 text-blue-400
AdminPanel.jsx,src/pages/admin/AdminPanel.jsx,div,729,OK,3,,space-y-3
AdminPanel.jsx,src/pages/admin/AdminPanel.jsx,div,731,OK,5,key,flex justify-between items-center p-3 bg-gray-900/50 rounded-[20px] border border-gray-800
AdminPanel.jsx,src/pages/admin/AdminPanel.jsx,div,732,OK,5,,
AdminPanel.jsx,src/pages/admin/AdminPanel.jsx,div,733,ESTILS_MESCLATS,1,style,font-bold text-sm
AdminPanel.jsx,src/pages/admin/AdminPanel.jsx,div,734,OK,1,,text-[10px] opacity-50 uppercase
AdminPanel.jsx,src/pages/admin/AdminPanel.jsx,button,736,OK,1,,btn-hud-small text-[10px]
AdminPanel.jsx,src/pages/admin/AdminPanel.jsx,div,742,OK,5,,p-6 border border-gray-700 rounded-[28px] bg-black/20
AdminPanel.jsx,src/pages/admin/AdminPanel.jsx,h3,743,OK,1,,font-bold text-lg mb-4 text-cyan-400
AdminPanel.jsx,src/pages/admin/AdminPanel.jsx,div,744,OK,5,,space-y-3
AdminPanel.jsx,src/pages/admin/AdminPanel.jsx,div,745,OK,7,,p-3 bg-red-900/10 border border-red-500/20 rounded-[20px]
AdminPanel.jsx,src/pages/admin/AdminPanel.jsx,p,746,OK,1,,text-xs font-bold text-red-400 mb-1
AdminPanel.jsx,src/pages/admin/AdminPanel.jsx,p,747,OK,1,,text-[10px] opacity-70 mb-3
AdminPanel.jsx,src/pages/admin/AdminPanel.jsx,button,748,OK,1,,btn-primary w-full bg-red-600 text-white text-[10px] h-8
AdminPanel.jsx,src/pages/admin/AdminPanel.jsx,button,750,OK,1,onClick,btn-hud-small w-full
AdminPanel.jsx,src/pages/admin/AdminPanel.jsx,div,757,OK,5,,mt-6 p-4 bg-gray-900/50 rounded-[28px] border border-gray-800
AdminPanel.jsx,src/pages/admin/AdminPanel.jsx,h4,758,OK,1,,text-xs font-bold text-gray-500 mb-2 uppercase
AdminPanel.jsx,src/pages/admin/AdminPanel.jsx,p,759,OK,1,,text-sm italic text-gray-400
AulaRural.jsx,src/pages/admin/AulaRural.jsx,div,5,OK,9,,aula-rural-container
AulaRural.jsx,src/pages/admin/AulaRural.jsx,div,6,OK,7,role aria-label,aula-header
AulaRural.jsx,src/pages/admin/AulaRural.jsx,div,7,OK,5,,header-meta
AulaRural.jsx,src/pages/admin/AulaRural.jsx,span,8,OK,1,,badge-rural
AulaRural.jsx,src/pages/admin/AulaRural.jsx,span,9,OK,1,,version
AulaRural.jsx,src/pages/admin/AulaRural.jsx,h1,11,OK,1,,aula-title
AulaRural.jsx,src/pages/admin/AulaRural.jsx,p,12,OK,1,,aula-subtitle
AulaRural.jsx,src/pages/admin/AulaRural.jsx,section,17,OK,3,,aula-manifest
AulaRural.jsx,src/pages/admin/AulaRural.jsx,div,18,OK,7,,manifest-card
AulaRural.jsx,src/pages/admin/AulaRural.jsx,Heart,19,OK,0,,icon-main text-orange-500
AulaRural.jsx,src/pages/admin/AulaRural.jsx,h2,20,OK,1,,
AulaRural.jsx,src/pages/admin/AulaRural.jsx,p,21,OK,1,,
AulaRural.jsx,src/pages/admin/AulaRural.jsx,div,29,OK,9,,aula-grid
AulaRural.jsx,src/pages/admin/AulaRural.jsx,div,30,OK,7,,didactic-card
AulaRural.jsx,src/pages/admin/AulaRural.jsx,div,31,OK,5,,card-header
AulaRural.jsx,src/pages/admin/AulaRural.jsx,Zap,32,OK,0,size,
AulaRural.jsx,src/pages/admin/AulaRural.jsx,h3,33,OK,1,,
AulaRural.jsx,src/pages/admin/AulaRural.jsx,p,35,OK,1,,
AulaRural.jsx,src/pages/admin/AulaRural.jsx,div,39,OK,1,,status-badge
AulaRural.jsx,src/pages/admin/AulaRural.jsx,div,42,OK,7,,didactic-card
AulaRural.jsx,src/pages/admin/AulaRural.jsx,div,43,OK,5,,card-header
AulaRural.jsx,src/pages/admin/AulaRural.jsx,ShieldCheck,44,OK,0,size,
AulaRural.jsx,src/pages/admin/AulaRural.jsx,h3,45,OK,1,,
AulaRural.jsx,src/pages/admin/AulaRural.jsx,p,47,OK,1,,
AulaRural.jsx,src/pages/admin/AulaRural.jsx,div,51,OK,1,,status-badge
AulaRural.jsx,src/pages/admin/AulaRural.jsx,div,54,OK,7,,didactic-card
AulaRural.jsx,src/pages/admin/AulaRural.jsx,div,55,OK,5,,card-header
AulaRural.jsx,src/pages/admin/AulaRural.jsx,Sprout,56,OK,0,size,
AulaRural.jsx,src/pages/admin/AulaRural.jsx,h3,57,OK,1,,
AulaRural.jsx,src/pages/admin/AulaRural.jsx,p,59,OK,1,,
AulaRural.jsx,src/pages/admin/AulaRural.jsx,div,63,OK,1,,status-badge
AulaRural.jsx,src/pages/admin/AulaRural.jsx,div,66,OK,5,,didactic-card highlighted
AulaRural.jsx,src/pages/admin/AulaRural.jsx,div,67,OK,5,,card-header
AulaRural.jsx,src/pages/admin/AulaRural.jsx,Sparkles,68,OK,0,size,
AulaRural.jsx,src/pages/admin/AulaRural.jsx,h3,69,OK,1,,
AulaRural.jsx,src/pages/admin/AulaRural.jsx,ul,71,OK,7,,didactic-list
AulaRural.jsx,src/pages/admin/AulaRural.jsx,li,72,OK,2,,
AulaRural.jsx,src/pages/admin/AulaRural.jsx,strong,72,OK,1,,
AulaRural.jsx,src/pages/admin/AulaRural.jsx,li,73,OK,2,,
AulaRural.jsx,src/pages/admin/AulaRural.jsx,strong,73,OK,1,,
AulaRural.jsx,src/pages/admin/AulaRural.jsx,li,74,OK,2,,
AulaRural.jsx,src/pages/admin/AulaRural.jsx,strong,74,OK,1,,
AulaRural.jsx,src/pages/admin/AulaRural.jsx,footer,79,OK,3,,aula-footer
AulaRural.jsx,src/pages/admin/AulaRural.jsx,div,80,OK,5,,footer-content
AulaRural.jsx,src/pages/admin/AulaRural.jsx,Globe,81,OK,0,size,
AulaRural.jsx,src/pages/admin/AulaRural.jsx,span,82,WRAPPER_INUTIL,1,,
ChatManager.jsx,src/pages/admin/ChatManager.jsx,button,12,OK,5,onClick disabled,[Dinàmic]
ChatManager.jsx,src/pages/admin/ChatManager.jsx,Icon,21,OK,0,size,[Dinàmic]
ChatManager.jsx,src/pages/admin/ChatManager.jsx,span,22,OK,1,,text-[10px] font-black uppercase tracking-wider text-center leading-tight mt-1
ChatManager.jsx,src/pages/admin/ChatManager.jsx,div,27,A11Y_CLICK_SENSE_ROLE,7,onClick,[Dinàmic]
ChatManager.jsx,src/pages/admin/ChatManager.jsx,div,34,OK,3,,[Dinàmic]
ChatManager.jsx,src/pages/admin/ChatManager.jsx,Icon,35,OK,0,size,shrink-0
ChatManager.jsx,src/pages/admin/ChatManager.jsx,div,38,OK,5,,flex-1
ChatManager.jsx,src/pages/admin/ChatManager.jsx,h3,39,OK,1,,font-bold text-[15px]
ChatManager.jsx,src/pages/admin/ChatManager.jsx,p,40,OK,1,,[Dinàmic]
ChatManager.jsx,src/pages/admin/ChatManager.jsx,div,42,WRAPPER_INUTIL,1,,
ChatManager.jsx,src/pages/admin/ChatManager.jsx,div,110,OK,1,,[Dinàmic]
ChatManager.jsx,src/pages/admin/ChatManager.jsx,div,114,OK,11,,[Dinàmic]
ChatManager.jsx,src/pages/admin/ChatManager.jsx,div,116,OK,5,role aria-label,h-[60px] pl-2 pr-4 flex flex-shrink-0 items-center justify-between border-b border-white/5 bg-[#FF6D00] shadow-md z-10 sticky top-0
ChatManager.jsx,src/pages/admin/ChatManager.jsx,div,117,OK,5,,flex items-center gap-2
ChatManager.jsx,src/pages/admin/ChatManager.jsx,button,118,OK,3,onClick,p-2 rounded-full hover:bg-white/20 text-white transition-colors
ChatManager.jsx,src/pages/admin/ChatManager.jsx,ChevronLeft,122,OK,0,size,
ChatManager.jsx,src/pages/admin/ChatManager.jsx,span,124,OK,1,,font-black text-[18px] text-white tracking-wide uppercase
ChatManager.jsx,src/pages/admin/ChatManager.jsx,div,126,OK,0,,flex gap-2
ChatManager.jsx,src/pages/admin/ChatManager.jsx,div,130,OK,41,,flex-1 overflow-y-auto pb-20 custom-scrollbar
ChatManager.jsx,src/pages/admin/ChatManager.jsx,div,133,OK,5,,bg-orange-500/10 border-b border-orange-500/20 px-4 py-3 flex items-center gap-3
ChatManager.jsx,src/pages/admin/ChatManager.jsx,AlertTriangle,134,OK,0,size,text-orange-500 shrink-0
ChatManager.jsx,src/pages/admin/ChatManager.jsx,p,135,OK,3,,text-[13px] text-orange-200/90 leading-snug
ChatManager.jsx,src/pages/admin/ChatManager.jsx,strong,136,OK,1,,font-black text-orange-400
ChatManager.jsx,src/pages/admin/ChatManager.jsx,div,142,OK,9,,[Dinàmic]
ChatManager.jsx,src/pages/admin/ChatManager.jsx,div,143,CSS_EXCESSIU,3,,w-32 h-32 rounded-full bg-gradient-to-br from-[#FF6D00]/20 to-[#FF6D00]/5 text-[#FF6D00] flex items-center justify-center border-[3px] border-[#FF6D00]/30 shadow-[0_0_40px_rgba(255;107;0;0.15)] mb-5 overflow-hidden relative group
ChatManager.jsx,src/pages/admin/ChatManager.jsx,img,145,OK,0,src alt,w-full h-full object-cover
ChatManager.jsx,src/pages/admin/ChatManager.jsx,div,147,OK,3,,flex items-center justify-center w-full h-full scale-[1.5]
ChatManager.jsx,src/pages/admin/ChatManager.jsx,svg,148,OK,2,xmlns width height viewBox fill stroke strokeWidth strokeLinecap strokeLinejoin,
ChatManager.jsx,src/pages/admin/ChatManager.jsx,path,148,OK,0,d,
ChatManager.jsx,src/pages/admin/ChatManager.jsx,circle,148,OK,0,cx cy r,
ChatManager.jsx,src/pages/admin/ChatManager.jsx,h1,153,OK,1,,[Dinàmic]
ChatManager.jsx,src/pages/admin/ChatManager.jsx,div,155,OK,5,,flex items-center gap-1.5 justify-center bg-green-500/10 px-3 py-1 rounded-full border border-green-500/20 mb-6
ChatManager.jsx,src/pages/admin/ChatManager.jsx,div,156,OK,0,,w-2 h-2 rounded-full bg-green-500 shadow-[0_0_8px_#22c55e]
ChatManager.jsx,src/pages/admin/ChatManager.jsx,p,157,OK,1,,text-green-600 dark:text-green-400 font-bold text-[10px] tracking-[0.2em] uppercase
ChatManager.jsx,src/pages/admin/ChatManager.jsx,div,162,OK,5,,flex justify-center w-full gap-4 mt-2 px-4
ChatManager.jsx,src/pages/admin/ChatManager.jsx,ActionButton,163,A11Y_CLICK_SENSE_ROLE,0,isDayMode icon label onClick,
ChatManager.jsx,src/pages/admin/ChatManager.jsx,ActionButton,164,OK,0,isDayMode icon label disabled,
ChatManager.jsx,src/pages/admin/ChatManager.jsx,SettingRow,171,OK,0,isDayMode title description icon,
ChatManager.jsx,src/pages/admin/ChatManager.jsx,div,179,OK,7,,[Dinàmic]
ChatManager.jsx,src/pages/admin/ChatManager.jsx,div,180,OK,5,,flex items-center justify-between p-5 cursor-pointer hover:bg-black/5 dark:hover:bg-white/5 transition-colors
ChatManager.jsx,src/pages/admin/ChatManager.jsx,h3,181,OK,1,,[Dinàmic]
ChatManager.jsx,src/pages/admin/ChatManager.jsx,div,182,OK,5,,flex items-center gap-1 text-gray-400
ChatManager.jsx,src/pages/admin/ChatManager.jsx,span,183,OK,2,,[Dinàmic]
ChatManager.jsx,src/pages/admin/ChatManager.jsx,ChevronLeft,184,OK,0,size,rotate-180
ChatManager.jsx,src/pages/admin/ChatManager.jsx,div,188,OK,9,,px-5 pb-5 flex gap-3 overflow-x-auto custom-scrollbar
ChatManager.jsx,src/pages/admin/ChatManager.jsx,div,189,OK,5,,[Dinàmic]
ChatManager.jsx,src/pages/admin/ChatManager.jsx,ImageIcon,191,OK,0,size,
ChatManager.jsx,src/pages/admin/ChatManager.jsx,span,192,OK,1,,text-[10px] uppercase font-black tracking-wider
ChatManager.jsx,src/pages/admin/ChatManager.jsx,div,194,OK,5,,[Dinàmic]
ChatManager.jsx,src/pages/admin/ChatManager.jsx,ImagePlay,196,OK,0,size,
ChatManager.jsx,src/pages/admin/ChatManager.jsx,span,197,OK,1,,text-[10px] uppercase font-black tracking-wider
ChatManager.jsx,src/pages/admin/ChatManager.jsx,div,199,OK,5,,[Dinàmic]
ChatManager.jsx,src/pages/admin/ChatManager.jsx,ImageIcon,201,OK,0,size,
ChatManager.jsx,src/pages/admin/ChatManager.jsx,span,202,OK,1,,text-[10px] uppercase font-black tracking-wider
ChatManager.jsx,src/pages/admin/ChatManager.jsx,div,204,OK,5,,[Dinàmic]
ChatManager.jsx,src/pages/admin/ChatManager.jsx,ChevronLeft,206,OK,0,size,rotate-180
ChatManager.jsx,src/pages/admin/ChatManager.jsx,span,207,OK,1,,text-[10px] uppercase font-bold tracking-wider
ChatManager.jsx,src/pages/admin/ChatManager.jsx,div,212,OK,3,,mb-8
ChatManager.jsx,src/pages/admin/ChatManager.jsx,SettingRow,213,OK,0,isDayMode icon title description,
ChatManager.jsx,src/pages/admin/ChatManager.jsx,h2,222,OK,1,,[Dinàmic]
ChatManager.jsx,src/pages/admin/ChatManager.jsx,SettingRow,223,OK,0,isDayMode icon title rightElement,
ChatManager.jsx,src/pages/admin/ChatManager.jsx,div,228,OK,3,,[Dinàmic]
ChatManager.jsx,src/pages/admin/ChatManager.jsx,div,229,OK,0,,[Dinàmic]
ChatManager.jsx,src/pages/admin/ChatManager.jsx,SettingRow,233,OK,0,isDayMode icon title description,
ChatManager.jsx,src/pages/admin/ChatManager.jsx,SettingRow,239,OK,0,isDayMode icon title description,
ChatManager.jsx,src/pages/admin/ChatManager.jsx,h2,247,OK,1,,[Dinàmic]
ChatManager.jsx,src/pages/admin/ChatManager.jsx,SettingRow,248,OK,0,isDayMode icon title description,
ChatManager.jsx,src/pages/admin/ChatManager.jsx,SettingRow,254,OK,0,isDayMode icon title description,
ChatManager.jsx,src/pages/admin/ChatManager.jsx,div,262,OK,5,,[Dinàmic]
ChatManager.jsx,src/pages/admin/ChatManager.jsx,SettingRow,263,OK,0,isDayMode icon title isRed,
ChatManager.jsx,src/pages/admin/ChatManager.jsx,SettingRow,269,OK,0,isDayMode icon title isRed,
ChatManager.jsx,src/pages/admin/ChatManager.jsx,style,279,OK,1,,
Chrome145Report.jsx,src/pages/admin/Chrome145Report.jsx,div,49,OK,7,,min-h-screen bg-black text-white p-6 lg:p-12 animate-in
Chrome145Report.jsx,src/pages/admin/Chrome145Report.jsx,div,50,OK,5,role aria-label,flex items-center justify-between mb-12
Chrome145Report.jsx,src/pages/admin/Chrome145Report.jsx,div,51,OK,5,,flex items-center gap-4
Chrome145Report.jsx,src/pages/admin/Chrome145Report.jsx,button,52,OK,3,onClick,w-12 h-12 flex items-center justify-center bg-white/5 rounded-[28px] hover:bg-white/10 transition-colors
Chrome145Report.jsx,src/pages/admin/Chrome145Report.jsx,ArrowLeft,62,OK,0,size,
Chrome145Report.jsx,src/pages/admin/Chrome145Report.jsx,div,64,OK,5,,
Chrome145Report.jsx,src/pages/admin/Chrome145Report.jsx,h1,65,OK,1,,text-3xl font-black uppercase tracking-tighter
Chrome145Report.jsx,src/pages/admin/Chrome145Report.jsx,p,66,OK,1,,text-slate-400 font-medium
Chrome145Report.jsx,src/pages/admin/Chrome145Report.jsx,div,69,OK,5,,flex items-center gap-2 px-4 py-2 bg-emerald-500/10 text-emerald-400 rounded-[28px] border border-emerald-500/20
Chrome145Report.jsx,src/pages/admin/Chrome145Report.jsx,Shield,70,OK,0,size,
Chrome145Report.jsx,src/pages/admin/Chrome145Report.jsx,span,70,OK,1,,text-xs font-black uppercase
Chrome145Report.jsx,src/pages/admin/Chrome145Report.jsx,div,74,OK,9,,grid grid-cols-1 md:grid-cols-2 lg:grid-cols-4 gap-6 mb-12
Chrome145Report.jsx,src/pages/admin/Chrome145Report.jsx,MetricCard,75,OK,0,icon label value status,
Chrome145Report.jsx,src/pages/admin/Chrome145Report.jsx,Zap,76,OK,0,,text-yellow-400
Chrome145Report.jsx,src/pages/admin/Chrome145Report.jsx,MetricCard,81,OK,0,icon label value status,
Chrome145Report.jsx,src/pages/admin/Chrome145Report.jsx,Clock,82,OK,0,,text-indigo-400
Chrome145Report.jsx,src/pages/admin/Chrome145Report.jsx,MetricCard,87,OK,0,icon label value status,
Chrome145Report.jsx,src/pages/admin/Chrome145Report.jsx,Activity,88,OK,0,,text-rose-400
Chrome145Report.jsx,src/pages/admin/Chrome145Report.jsx,MetricCard,93,OK,0,icon label value status,
Chrome145Report.jsx,src/pages/admin/Chrome145Report.jsx,Globe,94,OK,0,,text-cyan-400
Chrome145Report.jsx,src/pages/admin/Chrome145Report.jsx,div,101,OK,5,,grid grid-cols-1 lg:grid-cols-3 gap-8
Chrome145Report.jsx,src/pages/admin/Chrome145Report.jsx,div,102,OK,5,,lg:col-span-2 space-y-8
Chrome145Report.jsx,src/pages/admin/Chrome145Report.jsx,section,103,OK,5,,bg-white/5 border border-white/10 rounded-[28px] p-8
Chrome145Report.jsx,src/pages/admin/Chrome145Report.jsx,h3,104,OK,3,,text-xl font-black uppercase mb-6 flex items-center gap-3
Chrome145Report.jsx,src/pages/admin/Chrome145Report.jsx,AlertTriangle,105,OK,0,,text-orange-500
Chrome145Report.jsx,src/pages/admin/Chrome145Report.jsx,div,108,OK,3,,space-y-4
Chrome145Report.jsx,src/pages/admin/Chrome145Report.jsx,div,110,OK,5,key,flex items-center justify-between p-4 bg-white/5 rounded-[28px] border border-white/5
Chrome145Report.jsx,src/pages/admin/Chrome145Report.jsx,div,111,OK,5,,flex items-center gap-4
Chrome145Report.jsx,src/pages/admin/Chrome145Report.jsx,div,112,OK,3,,w-10 h-10 flex items-center justify-center bg-orange-500/10 text-orange-500 rounded-[28px]
Chrome145Report.jsx,src/pages/admin/Chrome145Report.jsx,Activity,113,OK,0,size,
Chrome145Report.jsx,src/pages/admin/Chrome145Report.jsx,div,115,OK,5,,
Chrome145Report.jsx,src/pages/admin/Chrome145Report.jsx,p,116,OK,1,,font-bold text-sm truncate max-w-[200px]
Chrome145Report.jsx,src/pages/admin/Chrome145Report.jsx,p,117,OK,1,,text-xs text-slate-500 uppercase
Chrome145Report.jsx,src/pages/admin/Chrome145Report.jsx,div,120,OK,5,,text-right
Chrome145Report.jsx,src/pages/admin/Chrome145Report.jsx,p,121,OK,2,,font-black text-orange-400
Chrome145Report.jsx,src/pages/admin/Chrome145Report.jsx,p,122,OK,1,,text-[10px] text-slate-500 uppercase
Chrome145Report.jsx,src/pages/admin/Chrome145Report.jsx,p,128,OK,1,,text-slate-500
Chrome145Report.jsx,src/pages/admin/Chrome145Report.jsx,section,132,OK,5,,bg-white/5 border border-white/10 rounded-[28px] p-8
Chrome145Report.jsx,src/pages/admin/Chrome145Report.jsx,h3,133,OK,3,,text-xl font-black uppercase mb-6 flex items-center gap-3
Chrome145Report.jsx,src/pages/admin/Chrome145Report.jsx,Cpu,134,OK,0,,text-indigo-400
Chrome145Report.jsx,src/pages/admin/Chrome145Report.jsx,div,136,OK,5,,p-6 bg-indigo-500/5 border border-indigo-500/20 rounded-[28px]
Chrome145Report.jsx,src/pages/admin/Chrome145Report.jsx,p,137,OK,1,,text-slate-300 leading-relaxed mb-4
Chrome145Report.jsx,src/pages/admin/Chrome145Report.jsx,a,142,OK,3,href target,inline-flex items-center gap-2 text-indigo-400 font-bold uppercase text-xs hover:underline
Chrome145Report.jsx,src/pages/admin/Chrome145Report.jsx,ExternalLink,147,OK,0,size,
Chrome145Report.jsx,src/pages/admin/Chrome145Report.jsx,aside,153,OK,5,,space-y-8
Chrome145Report.jsx,src/pages/admin/Chrome145Report.jsx,div,154,OK,5,,bg-emerald-500/5 border border-emerald-500/10 rounded-[28px] p-8
Chrome145Report.jsx,src/pages/admin/Chrome145Report.jsx,h4,155,OK,1,,font-black uppercase text-emerald-400 mb-4 text-sm
Chrome145Report.jsx,src/pages/admin/Chrome145Report.jsx,ul,156,OK,9,,space-y-4 text-sm text-slate-400
Chrome145Report.jsx,src/pages/admin/Chrome145Report.jsx,li,157,OK,3,,flex gap-3
Chrome145Report.jsx,src/pages/admin/Chrome145Report.jsx,span,158,OK,1,,text-emerald-500
Chrome145Report.jsx,src/pages/admin/Chrome145Report.jsx,li,161,OK,3,,flex gap-3
Chrome145Report.jsx,src/pages/admin/Chrome145Report.jsx,span,162,OK,1,,text-emerald-500
Chrome145Report.jsx,src/pages/admin/Chrome145Report.jsx,li,165,OK,3,,flex gap-3
Chrome145Report.jsx,src/pages/admin/Chrome145Report.jsx,span,166,OK,1,,text-emerald-500
Chrome145Report.jsx,src/pages/admin/Chrome145Report.jsx,li,169,OK,3,,flex gap-3
Chrome145Report.jsx,src/pages/admin/Chrome145Report.jsx,span,170,OK,1,,text-slate-600
Chrome145Report.jsx,src/pages/admin/Chrome145Report.jsx,div,176,OK,7,,bg-white/5 border border-white/10 rounded-[28px] p-8 text-center
Chrome145Report.jsx,src/pages/admin/Chrome145Report.jsx,p,177,OK,1,,text-xs text-slate-500 uppercase font-black mb-2 tracking-widest
Chrome145Report.jsx,src/pages/admin/Chrome145Report.jsx,p,178,OK,1,,text-3xl font-black text-white
Chrome145Report.jsx,src/pages/admin/Chrome145Report.jsx,p,179,OK,1,,text-[10px] text-slate-400 uppercase mt-2
Chrome145Report.jsx,src/pages/admin/Chrome145Report.jsx,div,188,OK,7,,bg-white/5 border border-white/10 rounded-[28px] p-6 transition-transform hover:scale-105
Chrome145Report.jsx,src/pages/admin/Chrome145Report.jsx,div,189,OK,5,,flex items-center gap-3 mb-4
Chrome145Report.jsx,src/pages/admin/Chrome145Report.jsx,span,191,OK,1,,text-[10px] font-black uppercase text-slate-500 tracking-wider
Chrome145Report.jsx,src/pages/admin/Chrome145Report.jsx,p,193,OK,1,,text-2xl font-black mb-1
Chrome145Report.jsx,src/pages/admin/Chrome145Report.jsx,p,194,OK,1,,text-[10px] font-black text-slate-400 uppercase tracking-widest
ControlGeneral.jsx,src/pages/admin/ControlGeneral.jsx,div,36,OK,7,,flex flex-col h-full bg-[#f0f2f5] dark:bg-[#0a0a0a] overflow-y-auto custom-scrollbar font-['Noto_Sans']
ControlGeneral.jsx,src/pages/admin/ControlGeneral.jsx,div,38,OK,5,role aria-label,flex items-center px-4 md:px-6 h-[56px] shrink-0 border-b border-gray-200 dark:border-gray-800 bg-white dark:bg-[#121212] sticky top-0 z-10 shadow-sm
ControlGeneral.jsx,src/pages/admin/ControlGeneral.jsx,button,39,OK,3,onClick,p-2 -ml-2 mr-3 rounded-full hover:bg-gray-100 dark:hover:bg-[#2a2a2a] transition-colors text-[#F97316] dark:text-[#169CF9]
ControlGeneral.jsx,src/pages/admin/ControlGeneral.jsx,ArrowLeft,43,OK,0,size strokeWidth,
ControlGeneral.jsx,src/pages/admin/ControlGeneral.jsx,h1,45,OK,3,,text-[20px] font-bold text-gray-900 dark:text-white tracking-tight
ControlGeneral.jsx,src/pages/admin/ControlGeneral.jsx,div,50,OK,5,,max-w-3xl mx-auto w-full p-4 md:p-8 space-y-4
ControlGeneral.jsx,src/pages/admin/ControlGeneral.jsx,div,51,OK,9,,bg-white dark:bg-[#121212] rounded-[28px] overflow-hidden shadow-sm border border-gray-100 dark:border-gray-800/50
ControlGeneral.jsx,src/pages/admin/ControlGeneral.jsx,div,53,A11Y_CLICK_SENSE_ROLE,5,onClick,flex items-center gap-4 p-6 border-b border-gray-100 dark:border-gray-800 hover:bg-gray-50 dark:hover:bg-[#1a1a1a] cursor-pointer transition-colors
ControlGeneral.jsx,src/pages/admin/ControlGeneral.jsx,div,54,OK,3,,w-16 h-16 rounded-full bg-theme-accent-primary text-white flex items-center justify-center text-2xl font-bold shadow-md
ControlGeneral.jsx,src/pages/admin/ControlGeneral.jsx,User,55,OK,0,size,
ControlGeneral.jsx,src/pages/admin/ControlGeneral.jsx,div,57,OK,5,,flex-1
ControlGeneral.jsx,src/pages/admin/ControlGeneral.jsx,h2,58,OK,1,,text-[18px] font-bold text-gray-900 dark:text-white
ControlGeneral.jsx,src/pages/admin/ControlGeneral.jsx,p,59,OK,1,,text-[14px] text-gray-500 dark:text-gray-400 mt-1
ControlGeneral.jsx,src/pages/admin/ControlGeneral.jsx,div,64,OK,3,,flex flex-col
ControlGeneral.jsx,src/pages/admin/ControlGeneral.jsx,button,68,OK,5,key onClick,[Dinàmic]
ControlGeneral.jsx,src/pages/admin/ControlGeneral.jsx,div,73,OK,3,,[Dinàmic]
ControlGeneral.jsx,src/pages/admin/ControlGeneral.jsx,Icon,74,OK,0,size strokeWidth,
ControlGeneral.jsx,src/pages/admin/ControlGeneral.jsx,div,76,OK,5,,flex-1 min-w-0
ControlGeneral.jsx,src/pages/admin/ControlGeneral.jsx,h3,77,OK,1,,[Dinàmic]
ControlGeneral.jsx,src/pages/admin/ControlGeneral.jsx,p,78,OK,1,,text-[13px] text-gray-500 dark:text-gray-400 truncate mt-0.5
ControlGeneral.jsx,src/pages/admin/ControlGeneral.jsx,div,86,OK,5,,text-center py-6
ControlGeneral.jsx,src/pages/admin/ControlGeneral.jsx,p,87,OK,1,,text-[12px] font-bold text-gray-400 dark:text-gray-600 uppercase tracking-widest
ControlGeneral.jsx,src/pages/admin/ControlGeneral.jsx,p,88,OK,1,,text-[12px] text-gray-400 dark:text-gray-600 mt-1
DAFOPage.jsx,src/pages/admin/DAFOPage.jsx,div,12,OK,9,,dafo-page-error
DAFOPage.jsx,src/pages/admin/DAFOPage.jsx,ArrowLeft,13,A11Y_CLICK_SENSE_ROLE,0,onClick,back-btn
DAFOPage.jsx,src/pages/admin/DAFOPage.jsx,h2,14,OK,1,,
DAFOPage.jsx,src/pages/admin/DAFOPage.jsx,p,15,OK,1,,
DAFOPage.jsx,src/pages/admin/DAFOPage.jsx,button,16,OK,1,onClick,btn-primary
DAFOPage.jsx,src/pages/admin/DAFOPage.jsx,div,22,OK,7,,dafo-page-container
DAFOPage.jsx,src/pages/admin/DAFOPage.jsx,SEO,23,OK,0,title description,
DAFOPage.jsx,src/pages/admin/DAFOPage.jsx,div,28,OK,5,role aria-label,dafo-page-header
DAFOPage.jsx,src/pages/admin/DAFOPage.jsx,button,29,OK,3,onClick,back-btn-dafo
DAFOPage.jsx,src/pages/admin/DAFOPage.jsx,ArrowLeft,30,OK,0,size,
DAFOPage.jsx,src/pages/admin/DAFOPage.jsx,div,32,OK,5,,dafo-actions
DAFOPage.jsx,src/pages/admin/DAFOPage.jsx,button,33,OK,1,title onClick,action-btn-mini
DAFOPage.jsx,src/pages/admin/DAFOPage.jsx,Share2,49,OK,0,size,
DAFOPage.jsx,src/pages/admin/DAFOPage.jsx,button,50,OK,1,title onClick,action-btn-mini
DAFOPage.jsx,src/pages/admin/DAFOPage.jsx,Download,50,OK,0,size,
DAFOPage.jsx,src/pages/admin/DAFOPage.jsx,div,54,OK,5,role aria-label,dafo-main-content
DAFOPage.jsx,src/pages/admin/DAFOPage.jsx,DAFOCard,55,OK,0,data,
DAFOPage.jsx,src/pages/admin/DAFOPage.jsx,div,57,OK,5,,dafo-didactic-footer
DAFOPage.jsx,src/pages/admin/DAFOPage.jsx,h3,58,OK,1,,
DAFOPage.jsx,src/pages/admin/DAFOPage.jsx,p,59,OK,3,,
DAFOPage.jsx,src/pages/admin/DAFOPage.jsx,strong,60,OK,1,,
DesignCanon.jsx,src/pages/admin/DesignCanon.jsx,User,12,OK,0,size,
DesignCanon.jsx,src/pages/admin/DesignCanon.jsx,Users,23,OK,0,size,
DesignCanon.jsx,src/pages/admin/DesignCanon.jsx,Building2,34,OK,0,size,
DesignCanon.jsx,src/pages/admin/DesignCanon.jsx,Landmark,45,OK,0,size,
DesignCanon.jsx,src/pages/admin/DesignCanon.jsx,Sparkles,56,OK,0,size,
DesignCanon.jsx,src/pages/admin/DesignCanon.jsx,div,66,OK,9,,design-canon-page
DesignCanon.jsx,src/pages/admin/DesignCanon.jsx,SEO,67,OK,0,title description,
DesignCanon.jsx,src/pages/admin/DesignCanon.jsx,div,72,OK,5,role aria-label,design-header
DesignCanon.jsx,src/pages/admin/DesignCanon.jsx,button,73,OK,3,onClick,back-btn
DesignCanon.jsx,src/pages/admin/DesignCanon.jsx,ArrowLeft,74,OK,0,size,
DesignCanon.jsx,src/pages/admin/DesignCanon.jsx,div,76,OK,7,,header-content
DesignCanon.jsx,src/pages/admin/DesignCanon.jsx,div,77,OK,5,,design-badge
DesignCanon.jsx,src/pages/admin/DesignCanon.jsx,Sparkles,78,OK,0,size,
DesignCanon.jsx,src/pages/admin/DesignCanon.jsx,span,79,WRAPPER_INUTIL,1,,
DesignCanon.jsx,src/pages/admin/DesignCanon.jsx,h1,81,OK,1,,
DesignCanon.jsx,src/pages/admin/DesignCanon.jsx,p,82,OK,1,,
DesignCanon.jsx,src/pages/admin/DesignCanon.jsx,div,86,OK,3,role aria-label,design-grid-container
DesignCanon.jsx,src/pages/admin/DesignCanon.jsx,section,88,ESTILS_MESCLATS,5,key style,design-category-card
DesignCanon.jsx,src/pages/admin/DesignCanon.jsx,div,89,OK,5,,category-header
DesignCanon.jsx,src/pages/admin/DesignCanon.jsx,div,90,OK,1,,category-icon
DesignCanon.jsx,src/pages/admin/DesignCanon.jsx,div,91,OK,5,,category-title
DesignCanon.jsx,src/pages/admin/DesignCanon.jsx,h2,92,OK,1,,
DesignCanon.jsx,src/pages/admin/DesignCanon.jsx,p,93,OK,1,,
DesignCanon.jsx,src/pages/admin/DesignCanon.jsx,div,97,OK,3,,link-list
DesignCanon.jsx,src/pages/admin/DesignCanon.jsx,a,99,OK,5,key href target rel,design-link-item
DesignCanon.jsx,src/pages/admin/DesignCanon.jsx,div,100,OK,5,,link-info
DesignCanon.jsx,src/pages/admin/DesignCanon.jsx,h3,101,OK,1,,
DesignCanon.jsx,src/pages/admin/DesignCanon.jsx,p,102,OK,1,,
DesignCanon.jsx,src/pages/admin/DesignCanon.jsx,ExternalLink,104,OK,0,size,link-arrow
DesignCanon.jsx,src/pages/admin/DesignCanon.jsx,section,112,OK,3,,design-philosophy-footer
DesignCanon.jsx,src/pages/admin/DesignCanon.jsx,div,113,OK,7,,glass-card-premium
DesignCanon.jsx,src/pages/admin/DesignCanon.jsx,div,114,OK,5,,section-header-mini
DesignCanon.jsx,src/pages/admin/DesignCanon.jsx,Layers,115,OK,0,size color,
DesignCanon.jsx,src/pages/admin/DesignCanon.jsx,h2,116,OK,1,,
DesignCanon.jsx,src/pages/admin/DesignCanon.jsx,p,118,OK,5,,
DesignCanon.jsx,src/pages/admin/DesignCanon.jsx,strong,119,OK,1,,
DesignCanon.jsx,src/pages/admin/DesignCanon.jsx,strong,120,OK,1,,
DesignCanon.jsx,src/pages/admin/DesignCanon.jsx,div,122,OK,5,,design-stats-mini
DesignCanon.jsx,src/pages/admin/DesignCanon.jsx,div,123,OK,5,,stat-pill
DesignCanon.jsx,src/pages/admin/DesignCanon.jsx,MousePointer2,124,OK,0,size,
DesignCanon.jsx,src/pages/admin/DesignCanon.jsx,span,125,WRAPPER_INUTIL,1,,
DesignCanon.jsx,src/pages/admin/DesignCanon.jsx,div,127,OK,5,,stat-pill
DesignCanon.jsx,src/pages/admin/DesignCanon.jsx,BookOpen,128,OK,0,size,
DesignCanon.jsx,src/pages/admin/DesignCanon.jsx,span,129,WRAPPER_INUTIL,1,,
DidacticPage.jsx,src/pages/admin/DidacticPage.jsx,div,12,OK,9,,didactic-page-error
DidacticPage.jsx,src/pages/admin/DidacticPage.jsx,ArrowLeft,13,A11Y_CLICK_SENSE_ROLE,0,onClick,back-btn
DidacticPage.jsx,src/pages/admin/DidacticPage.jsx,h2,14,OK,1,,
DidacticPage.jsx,src/pages/admin/DidacticPage.jsx,p,15,OK,1,,
DidacticPage.jsx,src/pages/admin/DidacticPage.jsx,button,16,OK,1,onClick,btn-primary
DidacticPage.jsx,src/pages/admin/DidacticPage.jsx,div,22,OK,7,,didactic-page-container
DidacticPage.jsx,src/pages/admin/DidacticPage.jsx,SEO,23,OK,0,title description image,
DidacticPage.jsx,src/pages/admin/DidacticPage.jsx,div,29,OK,7,role aria-label,didactic-header
DidacticPage.jsx,src/pages/admin/DidacticPage.jsx,button,30,OK,3,onClick,back-btn-didactic
DidacticPage.jsx,src/pages/admin/DidacticPage.jsx,ArrowLeft,31,OK,0,size,
DidacticPage.jsx,src/pages/admin/DidacticPage.jsx,div,33,OK,5,,header-title
DidacticPage.jsx,src/pages/admin/DidacticPage.jsx,BookOpen,34,OK,0,size color,
DidacticPage.jsx,src/pages/admin/DidacticPage.jsx,span,35,WRAPPER_INUTIL,1,,
DidacticPage.jsx,src/pages/admin/DidacticPage.jsx,div,37,OK,3,,header-actions
DidacticPage.jsx,src/pages/admin/DidacticPage.jsx,button,38,OK,1,,action-btn-didactic
DidacticPage.jsx,src/pages/admin/DidacticPage.jsx,Share2,38,OK,0,size,
DidacticPage.jsx,src/pages/admin/DidacticPage.jsx,div,42,OK,7,role aria-label,didactic-content
DidacticPage.jsx,src/pages/admin/DidacticPage.jsx,div,43,OK,5,,content-hero
DidacticPage.jsx,src/pages/admin/DidacticPage.jsx,div,45,OK,3,,didactic-image-wrapper
DidacticPage.jsx,src/pages/admin/DidacticPage.jsx,img,46,OK,0,src alt,
DidacticPage.jsx,src/pages/admin/DidacticPage.jsx,h1,49,OK,1,,didactic-main-title
DidacticPage.jsx,src/pages/admin/DidacticPage.jsx,div,52,OK,5,,didactic-body
DidacticPage.jsx,src/pages/admin/DidacticPage.jsx,div,53,OK,5,,didactic-main-text
DidacticPage.jsx,src/pages/admin/DidacticPage.jsx,h2,56,OK,1,key,
DidacticPage.jsx,src/pages/admin/DidacticPage.jsx,h3,57,OK,1,key,
DidacticPage.jsx,src/pages/admin/DidacticPage.jsx,p,58,OK,1,key,
DidacticPage.jsx,src/pages/admin/DidacticPage.jsx,strong,58,OK,1,,
DidacticPage.jsx,src/pages/admin/DidacticPage.jsx,li,59,OK,1,key,list-item-didactic
DidacticPage.jsx,src/pages/admin/DidacticPage.jsx,p,60,OK,1,key,
DidacticPage.jsx,src/pages/admin/DidacticPage.jsx,div,64,OK,5,,didactic-insight-box
DidacticPage.jsx,src/pages/admin/DidacticPage.jsx,div,65,OK,5,,insight-header
DidacticPage.jsx,src/pages/admin/DidacticPage.jsx,Lightbulb,66,OK,0,size color,
DidacticPage.jsx,src/pages/admin/DidacticPage.jsx,h4,67,OK,1,,
DidacticPage.jsx,src/pages/admin/DidacticPage.jsx,p,69,OK,1,,
DidacticPage.jsx,src/pages/admin/DidacticPage.jsx,div,73,OK,5,,didactic-footer
DidacticPage.jsx,src/pages/admin/DidacticPage.jsx,p,74,OK,4,,
DidacticPage.jsx,src/pages/admin/DidacticPage.jsx,div,75,OK,5,,footer-badges
DidacticPage.jsx,src/pages/admin/DidacticPage.jsx,span,76,OK,1,,badge-master
DidacticPage.jsx,src/pages/admin/DidacticPage.jsx,span,77,OK,1,,badge-master
GenesisViewer.jsx,src/pages/admin/GenesisViewer.jsx,div,65,OK,11,,genesis-viewer
GenesisViewer.jsx,src/pages/admin/GenesisViewer.jsx,div,67,OK,3,role aria-label,genesis-header
GenesisViewer.jsx,src/pages/admin/GenesisViewer.jsx,div,68,OK,7,,header-container flex items-center gap-6
GenesisViewer.jsx,src/pages/admin/GenesisViewer.jsx,button,69,OK,3,onClick title,p-3 bg-white/5 hover:bg-white/10 rounded-full text-white transition-colors border border-white/10 shrink-0
GenesisViewer.jsx,src/pages/admin/GenesisViewer.jsx,ArrowLeft,74,OK,0,size,
GenesisViewer.jsx,src/pages/admin/GenesisViewer.jsx,div,76,OK,5,,brand-box flex-1
GenesisViewer.jsx,src/pages/admin/GenesisViewer.jsx,span,77,OK,1,,brand-icon
GenesisViewer.jsx,src/pages/admin/GenesisViewer.jsx,div,78,OK,5,,brand-text
GenesisViewer.jsx,src/pages/admin/GenesisViewer.jsx,h1,79,OK,1,,
GenesisViewer.jsx,src/pages/admin/GenesisViewer.jsx,p,80,OK,1,,brand-subtitle
GenesisViewer.jsx,src/pages/admin/GenesisViewer.jsx,nav,83,OK,7,,genesis-nav
GenesisViewer.jsx,src/pages/admin/GenesisViewer.jsx,button,84,OK,1,onClick,[Dinàmic]
GenesisViewer.jsx,src/pages/admin/GenesisViewer.jsx,button,85,OK,1,onClick,[Dinàmic]
GenesisViewer.jsx,src/pages/admin/GenesisViewer.jsx,button,86,OK,1,onClick,[Dinàmic]
GenesisViewer.jsx,src/pages/admin/GenesisViewer.jsx,div,92,OK,7,role aria-label,genesis-content
GenesisViewer.jsx,src/pages/admin/GenesisViewer.jsx,section,94,OK,5,,fade-in
GenesisViewer.jsx,src/pages/admin/GenesisViewer.jsx,div,95,OK,7,,intro-card shadow-sm
GenesisViewer.jsx,src/pages/admin/GenesisViewer.jsx,h2,96,OK,1,,text-xl font-bold
GenesisViewer.jsx,src/pages/admin/GenesisViewer.jsx,p,97,OK,9,,text-body mt-2
GenesisViewer.jsx,src/pages/admin/GenesisViewer.jsx,strong,98,OK,1,,
GenesisViewer.jsx,src/pages/admin/GenesisViewer.jsx,em,99,OK,1,,
GenesisViewer.jsx,src/pages/admin/GenesisViewer.jsx,em,99,OK,1,,
GenesisViewer.jsx,src/pages/admin/GenesisViewer.jsx,em,99,OK,1,,
GenesisViewer.jsx,src/pages/admin/GenesisViewer.jsx,div,101,OK,7,,status-badges flex gap-4 mt-6
GenesisViewer.jsx,src/pages/admin/GenesisViewer.jsx,span,102,OK,1,,badge status-ok
GenesisViewer.jsx,src/pages/admin/GenesisViewer.jsx,span,103,OK,1,,badge status-walker
GenesisViewer.jsx,src/pages/admin/GenesisViewer.jsx,span,104,OK,1,,badge status-weber
GenesisViewer.jsx,src/pages/admin/GenesisViewer.jsx,div,108,OK,13,,grid-metrics mt-8
GenesisViewer.jsx,src/pages/admin/GenesisViewer.jsx,div,110,OK,7,,card metrics-card p-6
GenesisViewer.jsx,src/pages/admin/GenesisViewer.jsx,div,111,OK,5,,card-top
GenesisViewer.jsx,src/pages/admin/GenesisViewer.jsx,h3,112,OK,1,,
GenesisViewer.jsx,src/pages/admin/GenesisViewer.jsx,Users,113,OK,0,size color,
GenesisViewer.jsx,src/pages/admin/GenesisViewer.jsx,p,115,OK,1,,text-small
GenesisViewer.jsx,src/pages/admin/GenesisViewer.jsx,ul,116,OK,7,,team-list mt-4
GenesisViewer.jsx,src/pages/admin/GenesisViewer.jsx,li,117,OK,5,,team-item
GenesisViewer.jsx,src/pages/admin/GenesisViewer.jsx,span,118,WRAPPER_INUTIL,1,,
GenesisViewer.jsx,src/pages/admin/GenesisViewer.jsx,span,119,OK,1,,role-tag
GenesisViewer.jsx,src/pages/admin/GenesisViewer.jsx,li,121,OK,5,,team-item active-sync
GenesisViewer.jsx,src/pages/admin/GenesisViewer.jsx,span,122,WRAPPER_INUTIL,1,,
GenesisViewer.jsx,src/pages/admin/GenesisViewer.jsx,span,123,OK,1,,status-tag
GenesisViewer.jsx,src/pages/admin/GenesisViewer.jsx,li,125,OK,5,,team-item active-sync
GenesisViewer.jsx,src/pages/admin/GenesisViewer.jsx,span,126,WRAPPER_INUTIL,1,,
GenesisViewer.jsx,src/pages/admin/GenesisViewer.jsx,span,127,OK,1,,status-tag
GenesisViewer.jsx,src/pages/admin/GenesisViewer.jsx,div,133,OK,9,,card metrics-card dark-mode p-6
GenesisViewer.jsx,src/pages/admin/GenesisViewer.jsx,div,134,OK,5,,card-top
GenesisViewer.jsx,src/pages/admin/GenesisViewer.jsx,h3,135,OK,1,,
GenesisViewer.jsx,src/pages/admin/GenesisViewer.jsx,Palette,136,OK,0,size color,
GenesisViewer.jsx,src/pages/admin/GenesisViewer.jsx,p,138,OK,1,,text-small opacity-70
GenesisViewer.jsx,src/pages/admin/GenesisViewer.jsx,div,140,OK,7,,control-group mt-6
GenesisViewer.jsx,src/pages/admin/GenesisViewer.jsx,label,141,OK,1,,control-label
GenesisViewer.jsx,src/pages/admin/GenesisViewer.jsx,input,142,OK,0,type min max value onChange,token-slider
GenesisViewer.jsx,src/pages/admin/GenesisViewer.jsx,div,150,OK,7,,slider-labels
GenesisViewer.jsx,src/pages/admin/GenesisViewer.jsx,span,151,WRAPPER_INUTIL,1,,
GenesisViewer.jsx,src/pages/admin/GenesisViewer.jsx,span,152,OK,2,,current-value
GenesisViewer.jsx,src/pages/admin/GenesisViewer.jsx,span,153,WRAPPER_INUTIL,1,,
GenesisViewer.jsx,src/pages/admin/GenesisViewer.jsx,button,156,OK,5,onClick,btn-tonal w-full mt-6
GenesisViewer.jsx,src/pages/admin/GenesisViewer.jsx,Sun,157,OK,0,size,
GenesisViewer.jsx,src/pages/admin/GenesisViewer.jsx,Moon,157,OK,0,size,
GenesisViewer.jsx,src/pages/admin/GenesisViewer.jsx,div,163,OK,7,,card metrics-card p-6
GenesisViewer.jsx,src/pages/admin/GenesisViewer.jsx,div,164,OK,5,,card-top
GenesisViewer.jsx,src/pages/admin/GenesisViewer.jsx,h3,165,OK,1,,
GenesisViewer.jsx,src/pages/admin/GenesisViewer.jsx,Zap,166,OK,0,size color,
GenesisViewer.jsx,src/pages/admin/GenesisViewer.jsx,p,168,OK,1,,text-small
GenesisViewer.jsx,src/pages/admin/GenesisViewer.jsx,div,169,OK,3,,chart-wrapper h-40
GenesisViewer.jsx,src/pages/admin/GenesisViewer.jsx,Line,170,OK,0,data options,
GenesisViewer.jsx,src/pages/admin/GenesisViewer.jsx,section,178,OK,7,,fade-in space-y-8
GenesisViewer.jsx,src/pages/admin/GenesisViewer.jsx,div,179,OK,5,,section-header
GenesisViewer.jsx,src/pages/admin/GenesisViewer.jsx,h2,180,OK,3,,text-2xl font-bold flex items-center gap-2
GenesisViewer.jsx,src/pages/admin/GenesisViewer.jsx,span,181,WRAPPER_INUTIL,1,,
GenesisViewer.jsx,src/pages/admin/GenesisViewer.jsx,p,183,OK,1,,text-secondary
GenesisViewer.jsx,src/pages/admin/GenesisViewer.jsx,div,186,OK,7,,pillars-grid grid grid-cols-1 md:grid-cols-3 gap-6
GenesisViewer.jsx,src/pages/admin/GenesisViewer.jsx,div,187,OK,7,,pillar-card card
GenesisViewer.jsx,src/pages/admin/GenesisViewer.jsx,div,188,OK,1,,pillar-icon
GenesisViewer.jsx,src/pages/admin/GenesisViewer.jsx,h3,189,OK,1,,
GenesisViewer.jsx,src/pages/admin/GenesisViewer.jsx,p,190,OK,1,,
GenesisViewer.jsx,src/pages/admin/GenesisViewer.jsx,div,192,OK,7,,pillar-card card
GenesisViewer.jsx,src/pages/admin/GenesisViewer.jsx,div,193,OK,1,,pillar-icon
GenesisViewer.jsx,src/pages/admin/GenesisViewer.jsx,h3,194,OK,1,,
GenesisViewer.jsx,src/pages/admin/GenesisViewer.jsx,p,195,OK,1,,
GenesisViewer.jsx,src/pages/admin/GenesisViewer.jsx,div,197,OK,7,,pillar-card card
GenesisViewer.jsx,src/pages/admin/GenesisViewer.jsx,div,198,OK,1,,pillar-icon
GenesisViewer.jsx,src/pages/admin/GenesisViewer.jsx,h3,199,OK,1,,
GenesisViewer.jsx,src/pages/admin/GenesisViewer.jsx,p,200,OK,1,,
GenesisViewer.jsx,src/pages/admin/GenesisViewer.jsx,div,204,OK,5,,dictionary-card card bg-stone-100
GenesisViewer.jsx,src/pages/admin/GenesisViewer.jsx,h3,205,OK,1,,
GenesisViewer.jsx,src/pages/admin/GenesisViewer.jsx,div,206,OK,9,,dictionary-grid
GenesisViewer.jsx,src/pages/admin/GenesisViewer.jsx,div,207,OK,3,,word-box
GenesisViewer.jsx,src/pages/admin/GenesisViewer.jsx,strong,207,OK,1,,
GenesisViewer.jsx,src/pages/admin/GenesisViewer.jsx,span,207,WRAPPER_INUTIL,1,,
GenesisViewer.jsx,src/pages/admin/GenesisViewer.jsx,div,208,OK,3,,word-box
GenesisViewer.jsx,src/pages/admin/GenesisViewer.jsx,strong,208,OK,1,,
GenesisViewer.jsx,src/pages/admin/GenesisViewer.jsx,span,208,WRAPPER_INUTIL,1,,
GenesisViewer.jsx,src/pages/admin/GenesisViewer.jsx,div,209,OK,3,,word-box
GenesisViewer.jsx,src/pages/admin/GenesisViewer.jsx,strong,209,OK,1,,
GenesisViewer.jsx,src/pages/admin/GenesisViewer.jsx,span,209,WRAPPER_INUTIL,1,,
GenesisViewer.jsx,src/pages/admin/GenesisViewer.jsx,div,210,OK,3,,word-box
GenesisViewer.jsx,src/pages/admin/GenesisViewer.jsx,strong,210,OK,1,,
GenesisViewer.jsx,src/pages/admin/GenesisViewer.jsx,span,210,WRAPPER_INUTIL,1,,
GenesisViewer.jsx,src/pages/admin/GenesisViewer.jsx,section,217,OK,5,,fade-in grid lg:grid-cols-2 gap-12
GenesisViewer.jsx,src/pages/admin/GenesisViewer.jsx,div,218,OK,5,,lab-tokens
GenesisViewer.jsx,src/pages/admin/GenesisViewer.jsx,h2,219,OK,1,,text-2xl font-bold mb-4
GenesisViewer.jsx,src/pages/admin/GenesisViewer.jsx,div,220,OK,5,,card p-8 space-y-8
GenesisViewer.jsx,src/pages/admin/GenesisViewer.jsx,div,221,OK,7,,type-check pl-4 border-l-4 border-primary
GenesisViewer.jsx,src/pages/admin/GenesisViewer.jsx,h1,222,OK,1,,text-4xl font-black
GenesisViewer.jsx,src/pages/admin/GenesisViewer.jsx,h2,223,OK,1,,text-2xl font-bold mt-2
GenesisViewer.jsx,src/pages/admin/GenesisViewer.jsx,p,224,OK,1,,text-body mt-4
GenesisViewer.jsx,src/pages/admin/GenesisViewer.jsx,div,226,OK,7,,button-lab flex gap-4
GenesisViewer.jsx,src/pages/admin/GenesisViewer.jsx,button,227,OK,1,,btn-filled
GenesisViewer.jsx,src/pages/admin/GenesisViewer.jsx,button,228,OK,1,,btn-tonal
GenesisViewer.jsx,src/pages/admin/GenesisViewer.jsx,button,229,OK,1,,btn-outline
GenesisViewer.jsx,src/pages/admin/GenesisViewer.jsx,div,234,OK,5,,data-visuals
GenesisViewer.jsx,src/pages/admin/GenesisViewer.jsx,h2,235,OK,1,,text-2xl font-bold mb-4
GenesisViewer.jsx,src/pages/admin/GenesisViewer.jsx,div,236,OK,7,,card p-6 h-80 flex flex-col
GenesisViewer.jsx,src/pages/admin/GenesisViewer.jsx,h4,237,OK,1,,font-bold mb-4
GenesisViewer.jsx,src/pages/admin/GenesisViewer.jsx,div,238,OK,3,,flex-grow
GenesisViewer.jsx,src/pages/admin/GenesisViewer.jsx,Doughnut,239,OK,0,data options,
GenesisViewer.jsx,src/pages/admin/GenesisViewer.jsx,p,241,OK,1,,text-center italic text-small mt-4
GenesisViewer.jsx,src/pages/admin/GenesisViewer.jsx,footer,248,OK,3,,genesis-footer p-8 border-t mt-12
GenesisViewer.jsx,src/pages/admin/GenesisViewer.jsx,div,249,OK,5,,container mx-auto text-center
GenesisViewer.jsx,src/pages/admin/GenesisViewer.jsx,p,250,OK,1,,text-secondary
GenesisViewer.jsx,src/pages/admin/GenesisViewer.jsx,p,251,OK,1,,text-micro opacity-50 mt-2
GhostMemorial.jsx,src/pages/admin/GhostMemorial.jsx,Cpu,18,OK,0,size,
GhostMemorial.jsx,src/pages/admin/GhostMemorial.jsx,Ghost,25,OK,0,size,
GhostMemorial.jsx,src/pages/admin/GhostMemorial.jsx,History,32,OK,0,size,
GhostMemorial.jsx,src/pages/admin/GhostMemorial.jsx,div,38,OK,11,,ghost-memorial-page bg-black min-h-screen text-white p-8
GhostMemorial.jsx,src/pages/admin/GhostMemorial.jsx,div,39,OK,7,role aria-label,memorial-header max-w-4xl mx-auto mb-16
GhostMemorial.jsx,src/pages/admin/GhostMemorial.jsx,button,40,OK,3,onClick,flex items-center gap-2 text-gray-500 hover:text-[var(--sdp-terracotta)] transition-colors mb-8 font-black uppercase tracking-widest text-xs
GhostMemorial.jsx,src/pages/admin/GhostMemorial.jsx,ArrowLeft,44,OK,0,size,
GhostMemorial.jsx,src/pages/admin/GhostMemorial.jsx,div,48,OK,5,,flex items-center gap-6 mb-6
GhostMemorial.jsx,src/pages/admin/GhostMemorial.jsx,div,49,OK,3,,memorial-icon-glow
GhostMemorial.jsx,src/pages/admin/GhostMemorial.jsx,Ghost,50,OK,0,size,text-cyan-400
GhostMemorial.jsx,src/pages/admin/GhostMemorial.jsx,h1,52,OK,3,,text-5xl font-black tracking-tighter uppercase italic
GhostMemorial.jsx,src/pages/admin/GhostMemorial.jsx,span,53,OK,1,,text-[var(--sdp-terracotta)]
GhostMemorial.jsx,src/pages/admin/GhostMemorial.jsx,p,56,OK,1,,text-xl text-gray-400 font-medium leading-relaxed max-w-2xl border-l-4 border-[var(--sdp-terracotta)] pl-6 italic
GhostMemorial.jsx,src/pages/admin/GhostMemorial.jsx,div,61,OK,5,role aria-label,max-w-4xl mx-auto grid grid-cols-1 md:grid-cols-2 gap-8 mb-20
GhostMemorial.jsx,src/pages/admin/GhostMemorial.jsx,div,63,OK,11,key,ghost-card bg-zinc-900/50 border border-zinc-800 p-8 rounded-[28px] relative overflow-hidden group hover:border-cyan-500/50 transition-all
GhostMemorial.jsx,src/pages/admin/GhostMemorial.jsx,div,64,OK,3,,absolute top-0 right-0 p-4 opacity-10 group-hover:opacity-30 transition-opacity
GhostMemorial.jsx,src/pages/admin/GhostMemorial.jsx,div,67,OK,3,,ghost-status text-[10px] font-black tracking-[0.3em] uppercase mb-4 text-cyan-500 bg-cyan-500/10 w-fit px-3 py-1 rounded
GhostMemorial.jsx,src/pages/admin/GhostMemorial.jsx,h3,70,OK,1,,text-2xl font-black mb-4 uppercase tracking-tight
GhostMemorial.jsx,src/pages/admin/GhostMemorial.jsx,p,71,OK,1,,text-gray-400 leading-relaxed font-medium
GhostMemorial.jsx,src/pages/admin/GhostMemorial.jsx,div,73,OK,0,,absolute bottom-0 left-0 w-full h-1 bg-gradient-to-r from-transparent via-cyan-500/20 to-transparent
GhostMemorial.jsx,src/pages/admin/GhostMemorial.jsx,div,77,CSS_EXCESSIU,7,,ghost-card bg-gradient-to-br from-zinc-900 to-black border-2 border-dashed border-zinc-800 p-8 rounded-[28px] flex flex-col items-center justify-center text-center gap-4 group hover:border-[var(--sdp-terracotta)]/50 transition-all
GhostMemorial.jsx,src/pages/admin/GhostMemorial.jsx,ShieldAlert,78,OK,0,size,text-[var(--sdp-terracotta)] opacity-40 group-hover:scale-110 transition-transform
GhostMemorial.jsx,src/pages/admin/GhostMemorial.jsx,h3,79,OK,1,,text-xl font-black uppercase tracking-widest opacity-60
GhostMemorial.jsx,src/pages/admin/GhostMemorial.jsx,p,80,OK,3,,text-xs text-gray-500 uppercase font-black tracking-tighter leading-normal
GhostMemorial.jsx,src/pages/admin/GhostMemorial.jsx,br,81,FANTASMA_BUIT,0,,
GhostMemorial.jsx,src/pages/admin/GhostMemorial.jsx,footer,86,OK,5,,max-w-4xl mx-auto border-t border-zinc-800 pt-16 pb-32
GhostMemorial.jsx,src/pages/admin/GhostMemorial.jsx,div,87,OK,5,,flex items-center gap-4 mb-4
GhostMemorial.jsx,src/pages/admin/GhostMemorial.jsx,Database,88,OK,0,size,text-[var(--sdp-terracotta)]
GhostMemorial.jsx,src/pages/admin/GhostMemorial.jsx,h4,89,OK,1,,text-lg font-black uppercase tracking-widest
GhostMemorial.jsx,src/pages/admin/GhostMemorial.jsx,div,91,OK,7,,bg-zinc-900/30 p-12 rounded-[28px] border border-zinc-800/50
GhostMemorial.jsx,src/pages/admin/GhostMemorial.jsx,p,92,OK,1,,text-gray-500 text-base leading-relaxed font-medium italic mb-8
GhostMemorial.jsx,src/pages/admin/GhostMemorial.jsx,div,96,OK,3,,mb-12
GhostMemorial.jsx,src/pages/admin/GhostMemorial.jsx,Link,97,CSS_EXCESSIU,3,to,inline-flex items-center gap-2 px-6 py-3 bg-cyan-900/20 text-cyan-400 border border-cyan-800/50 rounded-xl hover:bg-cyan-900/40 hover:border-cyan-500 transition-all font-black uppercase tracking-widest text-sm shadow-lg
GhostMemorial.jsx,src/pages/admin/GhostMemorial.jsx,Database,98,OK,0,size,
GhostMemorial.jsx,src/pages/admin/GhostMemorial.jsx,div,102,OK,7,,flex gap-12 items-center
GhostMemorial.jsx,src/pages/admin/GhostMemorial.jsx,div,103,OK,5,,flex flex-col gap-1
GhostMemorial.jsx,src/pages/admin/GhostMemorial.jsx,span,104,OK,1,,text-[10px] font-black text-gray-600 uppercase tracking-widest
GhostMemorial.jsx,src/pages/admin/GhostMemorial.jsx,span,105,OK,1,,font-black text-white
GhostMemorial.jsx,src/pages/admin/GhostMemorial.jsx,div,107,OK,5,,flex flex-col gap-1
GhostMemorial.jsx,src/pages/admin/GhostMemorial.jsx,span,108,OK,1,,text-[10px] font-black text-gray-600 uppercase tracking-widest
GhostMemorial.jsx,src/pages/admin/GhostMemorial.jsx,span,109,OK,1,,font-black text-white
GhostMemorial.jsx,src/pages/admin/GhostMemorial.jsx,div,111,OK,3,,ml-auto
GhostMemorial.jsx,src/pages/admin/GhostMemorial.jsx,Zap,112,OK,0,size,text-yellow-400 animate-pulse
GhostMemorial.jsx,src/pages/admin/GhostMemorial.jsx,div,119,OK,0,,scanline-overlay
IAIASandbox.jsx,src/pages/admin/IAIASandbox.jsx,div,4,OK,15,,min-h-screen bg-gray-100 flex flex-col items-center py-10 px-4 font-sans max-w-3xl mx-auto
IAIASandbox.jsx,src/pages/admin/IAIASandbox.jsx,Helmet,5,OK,5,,
IAIASandbox.jsx,src/pages/admin/IAIASandbox.jsx,title,6,OK,1,,
IAIASandbox.jsx,src/pages/admin/IAIASandbox.jsx,meta,7,OK,0,name content,
IAIASandbox.jsx,src/pages/admin/IAIASandbox.jsx,div,11,OK,9,,w-full bg-white rounded-2xl shadow-sm border border-gray-200 p-6 mb-8 text-center relative overflow-hidden
IAIASandbox.jsx,src/pages/admin/IAIASandbox.jsx,div,12,OK,3,,absolute top-0 right-0 p-4
IAIASandbox.jsx,src/pages/admin/IAIASandbox.jsx,ShieldAlert,13,OK,0,,w-8 h-8 text-amber-500 opacity-20
IAIASandbox.jsx,src/pages/admin/IAIASandbox.jsx,h1,16,OK,3,,text-3xl font-black text-gray-800 mb-2 tracking-tight
IAIASandbox.jsx,src/pages/admin/IAIASandbox.jsx,span,17,OK,1,,text-[var(--theme-accent-primary;blue)]
IAIASandbox.jsx,src/pages/admin/IAIASandbox.jsx,p,20,OK,1,,text-gray-600 text-sm mb-4 max-w-md mx-auto leading-relaxed
IAIASandbox.jsx,src/pages/admin/IAIASandbox.jsx,div,24,OK,3,,inline-flex items-center gap-2 bg-amber-100 text-amber-800 px-3 py-1.5 rounded-full text-xs font-semibold
IAIASandbox.jsx,src/pages/admin/IAIASandbox.jsx,Ear,25,OK,0,size,
IAIASandbox.jsx,src/pages/admin/IAIASandbox.jsx,div,31,OK,5,,w-full bg-white rounded-2xl shadow-lg border border-gray-100 p-10 flex flex-col items-center justify-center min-h-[400px]
IAIASandbox.jsx,src/pages/admin/IAIASandbox.jsx,h2,32,OK,1,,text-xl font-bold text-gray-700 mb-8 w-full text-center border-b border-gray-100 pb-4
IAIASandbox.jsx,src/pages/admin/IAIASandbox.jsx,IAIAVozButton,36,OK,0,onResult,
IAIASandbox.jsx,src/pages/admin/IAIASandbox.jsx,div,40,OK,9,,w-full mt-8 p-6 bg-gray-800 rounded-xl text-gray-300 font-mono text-xs shadow-xl
IAIASandbox.jsx,src/pages/admin/IAIASandbox.jsx,div,41,OK,5,,flex items-center gap-2 mb-3 border-b border-gray-700 pb-2
IAIASandbox.jsx,src/pages/admin/IAIASandbox.jsx,div,42,OK,0,,w-2 h-2 rounded-full bg-green-500 animate-pulse
IAIASandbox.jsx,src/pages/admin/IAIASandbox.jsx,span,43,OK,1,,font-bold text-white
IAIASandbox.jsx,src/pages/admin/IAIASandbox.jsx,p,45,OK,1,,mb-2
IAIASandbox.jsx,src/pages/admin/IAIASandbox.jsx,p,46,OK,3,,mb-2
IAIASandbox.jsx,src/pages/admin/IAIASandbox.jsx,code,46,OK,1,,
IAIASandbox.jsx,src/pages/admin/IAIASandbox.jsx,p,47,OK,1,,
Ideoteca.jsx,src/pages/admin/Ideoteca.jsx,div,71,OK,1,,text-[10px] uppercase tracking-widest px-2 py-1 bg-yellow-500/20 text-yellow-500 border border-yellow-500/30 rounded font-bold
Ideoteca.jsx,src/pages/admin/Ideoteca.jsx,div,73,OK,1,,text-[10px] uppercase tracking-widest px-2 py-1 bg-blue-500/20 text-blue-500 border border-blue-500/30 rounded font-bold
Ideoteca.jsx,src/pages/admin/Ideoteca.jsx,div,75,OK,1,,text-[10px] uppercase tracking-widest px-2 py-1 bg-gray-500/20 text-gray-400 border border-gray-500/30 rounded font-bold
Ideoteca.jsx,src/pages/admin/Ideoteca.jsx,SystemPageLayout,85,OK,7,header,
Ideoteca.jsx,src/pages/admin/Ideoteca.jsx,div,87,CSS_EXCESSIU,7,,w-full bg-[#F97316] text-white flex flex-row items-center justify-between py-3 sm:py-4 px-4 shadow-md shrink-0 border-b border-black/10 z-[var(--z-fixed;100)] relative h-[56px] min-h-[56px] max-h-[56px]
Ideoteca.jsx,src/pages/admin/Ideoteca.jsx,div,88,ESTILS_MESCLATS,5,style,flex items-center justify-start gap-1 shrink-0
Ideoteca.jsx,src/pages/admin/Ideoteca.jsx,button,89,OK,3,onClick aria-label,flex items-center justify-center min-h-[40px] w-[40px] rounded-xl hover:bg-white/20 active:scale-95 transition-colors touch-manipulation shrink-0
Ideoteca.jsx,src/pages/admin/Ideoteca.jsx,ArrowLeft,94,OK,0,size strokeWidth,
Ideoteca.jsx,src/pages/admin/Ideoteca.jsx,ConnectButton,96,OK,0,,text-white hover:bg-white/20
Ideoteca.jsx,src/pages/admin/Ideoteca.jsx,div,98,OK,3,,flex-1 flex flex-col items-center justify-center overflow-hidden
Ideoteca.jsx,src/pages/admin/Ideoteca.jsx,h1,99,OK,1,,text-[16px] md:text-lg font-black uppercase tracking-widest text-center truncate w-full m-0
Ideoteca.jsx,src/pages/admin/Ideoteca.jsx,div,103,ESTILS_MESCLATS,0,style,flex items-center justify-end shrink-0
Ideoteca.jsx,src/pages/admin/Ideoteca.jsx,div,107,OK,5,,flex items-center gap-4 mb-8 mt-4
Ideoteca.jsx,src/pages/admin/Ideoteca.jsx,div,108,OK,3,,w-12 h-12 bg-[#222] rounded-xl flex items-center justify-center border border-[#333] shadow-md
Ideoteca.jsx,src/pages/admin/Ideoteca.jsx,Archive,109,OK,0,size,text-gray-400
Ideoteca.jsx,src/pages/admin/Ideoteca.jsx,div,111,OK,5,,
Ideoteca.jsx,src/pages/admin/Ideoteca.jsx,h2,112,OK,1,,text-xl font-black text-white tracking-widest uppercase
Ideoteca.jsx,src/pages/admin/Ideoteca.jsx,p,113,OK,1,,text-sm text-gray-500 font-semibold tracking-wide
Ideoteca.jsx,src/pages/admin/Ideoteca.jsx,div,117,OK,3,,grid grid-cols-1 md:grid-cols-2 gap-4
Ideoteca.jsx,src/pages/admin/Ideoteca.jsx,div,121,A11Y_CLICK_SENSE_ROLE,7,key onClick,bg-[#111] border border-[#222] rounded-xl p-5 hover:bg-[#1a1a1a] transition-colors cursor-pointer group flex flex-col h-full
Ideoteca.jsx,src/pages/admin/Ideoteca.jsx,div,126,OK,5,,flex items-center justify-between mb-4
Ideoteca.jsx,src/pages/admin/Ideoteca.jsx,div,127,OK,5,,flex items-center gap-3
Ideoteca.jsx,src/pages/admin/Ideoteca.jsx,div,128,OK,3,,p-2 bg-white/5 rounded-lg group-hover:bg-[#F97316]/10 group-hover:text-[#F97316] transition-colors text-gray-400
Ideoteca.jsx,src/pages/admin/Ideoteca.jsx,Icon,129,OK,0,size,
Ideoteca.jsx,src/pages/admin/Ideoteca.jsx,h3,131,OK,1,,text-white font-bold tracking-wide
Ideoteca.jsx,src/pages/admin/Ideoteca.jsx,p,136,OK,3,,text-sm text-gray-500 leading-relaxed mb-6 flex-1
Ideoteca.jsx,src/pages/admin/Ideoteca.jsx,div,140,OK,3,,flex justify-end mt-auto pt-4 border-t border-[#222]
Ideoteca.jsx,src/pages/admin/Ideoteca.jsx,div,141,OK,5,,flex items-center gap-1.5 text-xs font-bold text-gray-600 group-hover:text-white transition-colors duration-300
Ideoteca.jsx,src/pages/admin/Ideoteca.jsx,span,142,WRAPPER_INUTIL,1,,
Ideoteca.jsx,src/pages/admin/Ideoteca.jsx,ExternalLink,143,OK,0,size,
Ideoteca.jsx,src/pages/admin/Ideoteca.jsx,div,151,OK,7,,mt-12 text-center p-6 border border-dashed border-[#333] rounded-xl bg-white/5
Ideoteca.jsx,src/pages/admin/Ideoteca.jsx,Lightbulb,152,OK,0,size,mx-auto mb-3 text-[#F97316] opacity-50
Ideoteca.jsx,src/pages/admin/Ideoteca.jsx,h4,153,OK,1,,text-white font-bold tracking-widest text-sm uppercase mb-1
Ideoteca.jsx,src/pages/admin/Ideoteca.jsx,p,154,OK,1,,text-xs text-gray-500 max-w-md mx-auto
ManualPage.jsx,src/pages/admin/ManualPage.jsx,div,5,OK,11,,manual-page-container
ManualPage.jsx,src/pages/admin/ManualPage.jsx,div,6,OK,7,role aria-label,manual-header
ManualPage.jsx,src/pages/admin/ManualPage.jsx,BookOpen,7,OK,0,size,manual-icon
ManualPage.jsx,src/pages/admin/ManualPage.jsx,h1,8,OK,1,,
ManualPage.jsx,src/pages/admin/ManualPage.jsx,p,9,OK,1,,version-tag
ManualPage.jsx,src/pages/admin/ManualPage.jsx,section,12,OK,5,,manual-section
ManualPage.jsx,src/pages/admin/ManualPage.jsx,h2,13,OK,1,,
ManualPage.jsx,src/pages/admin/ManualPage.jsx,p,14,OK,1,,
ManualPage.jsx,src/pages/admin/ManualPage.jsx,section,17,OK,5,,manual-status-grid
ManualPage.jsx,src/pages/admin/ManualPage.jsx,div,18,OK,5,,status-card stable
ManualPage.jsx,src/pages/admin/ManualPage.jsx,div,19,OK,5,,card-header
ManualPage.jsx,src/pages/admin/ManualPage.jsx,CheckCircle,20,OK,0,size,
ManualPage.jsx,src/pages/admin/ManualPage.jsx,h3,21,OK,1,,
ManualPage.jsx,src/pages/admin/ManualPage.jsx,ul,23,OK,9,,
ManualPage.jsx,src/pages/admin/ManualPage.jsx,li,24,OK,2,,
ManualPage.jsx,src/pages/admin/ManualPage.jsx,strong,24,OK,1,,
ManualPage.jsx,src/pages/admin/ManualPage.jsx,li,25,OK,2,,
ManualPage.jsx,src/pages/admin/ManualPage.jsx,strong,25,OK,1,,
ManualPage.jsx,src/pages/admin/ManualPage.jsx,li,26,OK,2,,
ManualPage.jsx,src/pages/admin/ManualPage.jsx,strong,26,OK,1,,
ManualPage.jsx,src/pages/admin/ManualPage.jsx,li,27,OK,2,,
ManualPage.jsx,src/pages/admin/ManualPage.jsx,strong,27,OK,1,,
ManualPage.jsx,src/pages/admin/ManualPage.jsx,div,31,OK,5,,status-card experimental
ManualPage.jsx,src/pages/admin/ManualPage.jsx,div,32,OK,5,,card-header
ManualPage.jsx,src/pages/admin/ManualPage.jsx,AlertTriangle,33,OK,0,size,
ManualPage.jsx,src/pages/admin/ManualPage.jsx,h3,34,OK,1,,
ManualPage.jsx,src/pages/admin/ManualPage.jsx,ul,36,OK,7,,
ManualPage.jsx,src/pages/admin/ManualPage.jsx,li,37,OK,2,,
ManualPage.jsx,src/pages/admin/ManualPage.jsx,strong,37,OK,1,,
ManualPage.jsx,src/pages/admin/ManualPage.jsx,li,38,OK,2,,
ManualPage.jsx,src/pages/admin/ManualPage.jsx,strong,38,OK,1,,
ManualPage.jsx,src/pages/admin/ManualPage.jsx,li,39,OK,2,,
ManualPage.jsx,src/pages/admin/ManualPage.jsx,strong,39,OK,1,,
ManualPage.jsx,src/pages/admin/ManualPage.jsx,section,44,OK,3,,manual-section philosophy
ManualPage.jsx,src/pages/admin/ManualPage.jsx,div,45,OK,7,,philosophy-box
ManualPage.jsx,src/pages/admin/ManualPage.jsx,Heart,46,OK,0,size,heart-icon
ManualPage.jsx,src/pages/admin/ManualPage.jsx,h3,47,OK,1,,
ManualPage.jsx,src/pages/admin/ManualPage.jsx,p,48,OK,1,,
ManualPage.jsx,src/pages/admin/ManualPage.jsx,footer,52,OK,3,,manual-footer
ManualPage.jsx,src/pages/admin/ManualPage.jsx,p,53,OK,1,,
MenuManagementView.jsx,src/pages/admin/MenuManagementView.jsx,Settings,7,OK,0,size,
MenuManagementView.jsx,src/pages/admin/MenuManagementView.jsx,User,8,OK,0,size,
MenuManagementView.jsx,src/pages/admin/MenuManagementView.jsx,Database,9,OK,0,size,
MenuManagementView.jsx,src/pages/admin/MenuManagementView.jsx,LayoutGrid,10,OK,0,size,
MenuManagementView.jsx,src/pages/admin/MenuManagementView.jsx,Settings,11,OK,0,size,
MenuManagementView.jsx,src/pages/admin/MenuManagementView.jsx,LayoutGrid,12,OK,0,size,
MenuManagementView.jsx,src/pages/admin/MenuManagementView.jsx,Database,13,OK,0,size,
MenuManagementView.jsx,src/pages/admin/MenuManagementView.jsx,Terminal,14,OK,0,size,
MenuManagementView.jsx,src/pages/admin/MenuManagementView.jsx,Search,15,OK,0,size,
MenuManagementView.jsx,src/pages/admin/MenuManagementView.jsx,LayoutGrid,16,OK,0,size,
MenuManagementView.jsx,src/pages/admin/MenuManagementView.jsx,Database,17,OK,0,size,
MenuManagementView.jsx,src/pages/admin/MenuManagementView.jsx,div,39,OK,15,,flex-1 flex flex-col bg-theme-base animate-in fade-in duration-500 overflow-hidden h-full
MenuManagementView.jsx,src/pages/admin/MenuManagementView.jsx,div,41,OK,5,role aria-label,h-20 flex items-center justify-between px-8 border-b border-white/10 shrink-0
MenuManagementView.jsx,src/pages/admin/MenuManagementView.jsx,div,42,OK,5,,flex items-center gap-4
MenuManagementView.jsx,src/pages/admin/MenuManagementView.jsx,button,43,OK,3,onClick,w-10 h-10 flex items-center justify-center rounded-[28px] bg-white/5 hover:bg-white/10 transition-all text-white/70 hover:text-white
MenuManagementView.jsx,src/pages/admin/MenuManagementView.jsx,ArrowLeft,47,OK,0,size,
MenuManagementView.jsx,src/pages/admin/MenuManagementView.jsx,div,49,OK,5,,
MenuManagementView.jsx,src/pages/admin/MenuManagementView.jsx,h1,50,OK,1,,text-xl font-black text-white tracking-widest uppercase
MenuManagementView.jsx,src/pages/admin/MenuManagementView.jsx,p,51,OK,1,,text-[10px] text-gray-400 font-bold uppercase tracking-wider
MenuManagementView.jsx,src/pages/admin/MenuManagementView.jsx,button,54,CSS_EXCESSIU,3,onClick,h-10 px-6 rounded-[28px] bg-primary text-white font-black text-xs uppercase tracking-widest flex items-center gap-2 shadow-lg shadow-primary/20 hover:scale-105 active:scale-95 transition-all
MenuManagementView.jsx,src/pages/admin/MenuManagementView.jsx,Save,58,OK,0,size,
MenuManagementView.jsx,src/pages/admin/MenuManagementView.jsx,div,64,OK,3,,p-6 bg-black/20 border-b border-white/5 shrink-0
MenuManagementView.jsx,src/pages/admin/MenuManagementView.jsx,div,65,OK,5,,relative max-w-2xl mx-auto
MenuManagementView.jsx,src/pages/admin/MenuManagementView.jsx,Search,66,OK,0,size,absolute left-4 top-1/2 -translate-y-1/2 text-gray-500
MenuManagementView.jsx,src/pages/admin/MenuManagementView.jsx,input,67,OK,0,type placeholder value onChange,w-full h-12 bg-white/5 border border-white/10 rounded-[28px] pl-12 pr-6 text-sm text-white focus:outline-none focus:border-primary/50 focus:bg-white/10 transition-all placeholder:text-gray-600
MenuManagementView.jsx,src/pages/admin/MenuManagementView.jsx,div,78,OK,3,,flex-1 overflow-y-auto p-8 custom-scrollbar
MenuManagementView.jsx,src/pages/admin/MenuManagementView.jsx,div,79,OK,3,,max-w-4xl mx-auto space-y-10
MenuManagementView.jsx,src/pages/admin/MenuManagementView.jsx,section,85,OK,5,key,space-y-4
MenuManagementView.jsx,src/pages/admin/MenuManagementView.jsx,div,86,OK,5,,flex items-center gap-3 px-2
MenuManagementView.jsx,src/pages/admin/MenuManagementView.jsx,div,87,OK,0,,w-1.5 h-6 bg-secondary rounded-[28px]
MenuManagementView.jsx,src/pages/admin/MenuManagementView.jsx,h2,88,OK,1,,text-sm font-black text-white/50 uppercase tracking-[0.3em]
MenuManagementView.jsx,src/pages/admin/MenuManagementView.jsx,div,91,OK,3,,grid grid-cols-1 md:grid-cols-2 gap-3
MenuManagementView.jsx,src/pages/admin/MenuManagementView.jsx,button,93,OK,5,key onClick,[Dinàmic]
MenuManagementView.jsx,src/pages/admin/MenuManagementView.jsx,div,103,OK,5,,flex items-center gap-4
MenuManagementView.jsx,src/pages/admin/MenuManagementView.jsx,div,104,OK,3,,[Dinàmic]
MenuManagementView.jsx,src/pages/admin/MenuManagementView.jsx,div,110,OK,5,,text-left
MenuManagementView.jsx,src/pages/admin/MenuManagementView.jsx,p,111,OK,1,,font-black text-[13px] uppercase tracking-wider
MenuManagementView.jsx,src/pages/admin/MenuManagementView.jsx,p,112,OK,1,,text-[10px] opacity-40 font-bold uppercase
MenuManagementView.jsx,src/pages/admin/MenuManagementView.jsx,div,115,OK,3,,[Dinàmic]
MenuManagementView.jsx,src/pages/admin/MenuManagementView.jsx,Check,119,OK,0,size strokeWidth,
MenuManagementView.jsx,src/pages/admin/MenuManagementView.jsx,style,130,OK,1,,
NexusFlash.jsx,src/pages/admin/NexusFlash.jsx,div,36,OK,9,,nexus-container
NexusFlash.jsx,src/pages/admin/NexusFlash.jsx,SEO,37,OK,0,title description,
NexusFlash.jsx,src/pages/admin/NexusFlash.jsx,div,38,OK,5,role aria-label,nexus-header
NexusFlash.jsx,src/pages/admin/NexusFlash.jsx,div,39,OK,7,,nexus-header-content
NexusFlash.jsx,src/pages/admin/NexusFlash.jsx,button,40,OK,3,onClick,nexus-back-btn
NexusFlash.jsx,src/pages/admin/NexusFlash.jsx,ArrowLeft,41,OK,0,size,
NexusFlash.jsx,src/pages/admin/NexusFlash.jsx,div,43,OK,5,,nexus-title-group
NexusFlash.jsx,src/pages/admin/NexusFlash.jsx,h1,44,OK,1,,nexus-glitch-title
NexusFlash.jsx,src/pages/admin/NexusFlash.jsx,p,45,OK,1,,nexus-subtitle
NexusFlash.jsx,src/pages/admin/NexusFlash.jsx,div,47,OK,5,,nexus-status-pill
NexusFlash.jsx,src/pages/admin/NexusFlash.jsx,Activity,48,OK,0,size,pulse
NexusFlash.jsx,src/pages/admin/NexusFlash.jsx,span,49,WRAPPER_INUTIL,1,,
NexusFlash.jsx,src/pages/admin/NexusFlash.jsx,nav,52,OK,9,,nexus-nav
NexusFlash.jsx,src/pages/admin/NexusFlash.jsx,button,53,OK,5,onClick,[Dinàmic]
NexusFlash.jsx,src/pages/admin/NexusFlash.jsx,Layout,54,OK,0,size,
NexusFlash.jsx,src/pages/admin/NexusFlash.jsx,span,54,WRAPPER_INUTIL,1,,
NexusFlash.jsx,src/pages/admin/NexusFlash.jsx,button,56,OK,5,onClick,[Dinàmic]
NexusFlash.jsx,src/pages/admin/NexusFlash.jsx,Palette,57,OK,0,size,
NexusFlash.jsx,src/pages/admin/NexusFlash.jsx,span,57,WRAPPER_INUTIL,1,,
NexusFlash.jsx,src/pages/admin/NexusFlash.jsx,button,59,OK,5,onClick,[Dinàmic]
NexusFlash.jsx,src/pages/admin/NexusFlash.jsx,Cpu,60,OK,0,size,
NexusFlash.jsx,src/pages/admin/NexusFlash.jsx,span,60,WRAPPER_INUTIL,1,,
NexusFlash.jsx,src/pages/admin/NexusFlash.jsx,button,62,OK,5,onClick,[Dinàmic]
NexusFlash.jsx,src/pages/admin/NexusFlash.jsx,Terminal,63,OK,0,size,
NexusFlash.jsx,src/pages/admin/NexusFlash.jsx,span,63,WRAPPER_INUTIL,1,,
NexusFlash.jsx,src/pages/admin/NexusFlash.jsx,div,68,OK,9,role aria-label,nexus-main-content
NexusFlash.jsx,src/pages/admin/NexusFlash.jsx,div,70,OK,5,,nexus-dashboard fade-in
NexusFlash.jsx,src/pages/admin/NexusFlash.jsx,GlassCard,71,OK,7,,nexus-welcome-card
NexusFlash.jsx,src/pages/admin/NexusFlash.jsx,h2,72,OK,1,,
NexusFlash.jsx,src/pages/admin/NexusFlash.jsx,p,73,OK,3,,
NexusFlash.jsx,src/pages/admin/NexusFlash.jsx,b,73,OK,1,,
NexusFlash.jsx,src/pages/admin/NexusFlash.jsx,div,74,OK,7,,nexus-stats-grid
NexusFlash.jsx,src/pages/admin/NexusFlash.jsx,div,75,OK,5,,nexus-stat
NexusFlash.jsx,src/pages/admin/NexusFlash.jsx,span,76,OK,1,,stat-value
NexusFlash.jsx,src/pages/admin/NexusFlash.jsx,span,77,OK,1,,stat-label
NexusFlash.jsx,src/pages/admin/NexusFlash.jsx,div,79,OK,5,,nexus-stat
NexusFlash.jsx,src/pages/admin/NexusFlash.jsx,span,80,OK,1,,stat-value
NexusFlash.jsx,src/pages/admin/NexusFlash.jsx,span,81,OK,1,,stat-label
NexusFlash.jsx,src/pages/admin/NexusFlash.jsx,div,83,OK,5,,nexus-stat warning
NexusFlash.jsx,src/pages/admin/NexusFlash.jsx,span,84,OK,1,,stat-value
NexusFlash.jsx,src/pages/admin/NexusFlash.jsx,span,85,OK,1,,stat-label
NexusFlash.jsx,src/pages/admin/NexusFlash.jsx,div,90,OK,7,,nexus-directives-grid
NexusFlash.jsx,src/pages/admin/NexusFlash.jsx,GlassCard,91,OK,7,,directive-card
NexusFlash.jsx,src/pages/admin/NexusFlash.jsx,Shield,92,OK,0,,icon-gold
NexusFlash.jsx,src/pages/admin/NexusFlash.jsx,h3,93,OK,1,,
NexusFlash.jsx,src/pages/admin/NexusFlash.jsx,p,94,OK,1,,
NexusFlash.jsx,src/pages/admin/NexusFlash.jsx,GlassCard,96,OK,7,,directive-card
NexusFlash.jsx,src/pages/admin/NexusFlash.jsx,Eye,97,OK,0,,icon-cyan
NexusFlash.jsx,src/pages/admin/NexusFlash.jsx,h3,98,OK,1,,
NexusFlash.jsx,src/pages/admin/NexusFlash.jsx,p,99,OK,1,,
NexusFlash.jsx,src/pages/admin/NexusFlash.jsx,GlassCard,101,OK,7,,directive-card
NexusFlash.jsx,src/pages/admin/NexusFlash.jsx,Zap,102,OK,0,,icon-orange
NexusFlash.jsx,src/pages/admin/NexusFlash.jsx,h3,103,OK,1,,
NexusFlash.jsx,src/pages/admin/NexusFlash.jsx,p,104,OK,1,,
NexusFlash.jsx,src/pages/admin/NexusFlash.jsx,div,111,OK,5,,nexus-lab fade-in
NexusFlash.jsx,src/pages/admin/NexusFlash.jsx,div,112,OK,5,,lab-controls
NexusFlash.jsx,src/pages/admin/NexusFlash.jsx,h3,113,OK,1,,
NexusFlash.jsx,src/pages/admin/NexusFlash.jsx,button,114,OK,3,onClick,[Dinàmic]
NexusFlash.jsx,src/pages/admin/NexusFlash.jsx,div,119,OK,5,,lab-preview-grid
NexusFlash.jsx,src/pages/admin/NexusFlash.jsx,div,120,OK,11,,[Dinàmic]
NexusFlash.jsx,src/pages/admin/NexusFlash.jsx,h4,121,OK,1,,
NexusFlash.jsx,src/pages/admin/NexusFlash.jsx,div,122,OK,0,,preview-avatar
NexusFlash.jsx,src/pages/admin/NexusFlash.jsx,div,123,OK,0,,preview-line
NexusFlash.jsx,src/pages/admin/NexusFlash.jsx,div,124,OK,0,,preview-line short
NexusFlash.jsx,src/pages/admin/NexusFlash.jsx,button,125,OK,1,,preview-btn
NexusFlash.jsx,src/pages/admin/NexusFlash.jsx,GlassCard,128,OK,5,,lab-notes
NexusFlash.jsx,src/pages/admin/NexusFlash.jsx,h4,129,OK,1,,
NexusFlash.jsx,src/pages/admin/NexusFlash.jsx,ul,130,OK,7,,
NexusFlash.jsx,src/pages/admin/NexusFlash.jsx,li,131,OK,3,,
NexusFlash.jsx,src/pages/admin/NexusFlash.jsx,b,131,OK,1,,
NexusFlash.jsx,src/pages/admin/NexusFlash.jsx,li,132,OK,3,,
NexusFlash.jsx,src/pages/admin/NexusFlash.jsx,b,132,OK,1,,
NexusFlash.jsx,src/pages/admin/NexusFlash.jsx,li,133,OK,3,,
NexusFlash.jsx,src/pages/admin/NexusFlash.jsx,b,133,OK,1,,
NexusFlash.jsx,src/pages/admin/NexusFlash.jsx,div,141,OK,5,,nexus-ia fade-in
NexusFlash.jsx,src/pages/admin/NexusFlash.jsx,section,142,OK,7,,ia-sim-section
NexusFlash.jsx,src/pages/admin/NexusFlash.jsx,h3,143,OK,1,,
NexusFlash.jsx,src/pages/admin/NexusFlash.jsx,GlassCard,144,OK,5,,[Dinàmic]
NexusFlash.jsx,src/pages/admin/NexusFlash.jsx,div,146,OK,1,,bategat-indicator
NexusFlash.jsx,src/pages/admin/NexusFlash.jsx,div,148,OK,5,,iaia-input-group
NexusFlash.jsx,src/pages/admin/NexusFlash.jsx,input,149,OK,0,type placeholder value onChange onKeyPress disabled,
NexusFlash.jsx,src/pages/admin/NexusFlash.jsx,button,157,OK,3,onClick disabled,
NexusFlash.jsx,src/pages/admin/NexusFlash.jsx,Activity,158,OK,0,size,pulse
NexusFlash.jsx,src/pages/admin/NexusFlash.jsx,Send,158,OK,0,size,
NexusFlash.jsx,src/pages/admin/NexusFlash.jsx,section,163,OK,5,,ia-sim-section
NexusFlash.jsx,src/pages/admin/NexusFlash.jsx,h3,164,OK,1,,
NexusFlash.jsx,src/pages/admin/NexusFlash.jsx,GlassCard,165,OK,7,,pregoner-box
NexusFlash.jsx,src/pages/admin/NexusFlash.jsx,textarea,166,OK,0,placeholder value onChange disabled,
NexusFlash.jsx,src/pages/admin/NexusFlash.jsx,button,172,OK,3,onClick disabled,[Dinàmic]
NexusFlash.jsx,src/pages/admin/NexusFlash.jsx,div,176,OK,3,,pregoner-result fade-in
NexusFlash.jsx,src/pages/admin/NexusFlash.jsx,div,186,OK,5,,nexus-solatge fade-in
NexusFlash.jsx,src/pages/admin/NexusFlash.jsx,GlassCard,187,OK,5,,solatge-console
NexusFlash.jsx,src/pages/admin/NexusFlash.jsx,div,188,OK,5,,console-header
NexusFlash.jsx,src/pages/admin/NexusFlash.jsx,Terminal,189,OK,0,size,
NexusFlash.jsx,src/pages/admin/NexusFlash.jsx,span,190,WRAPPER_INUTIL,1,,
NexusFlash.jsx,src/pages/admin/NexusFlash.jsx,div,192,OK,11,,console-body
NexusFlash.jsx,src/pages/admin/NexusFlash.jsx,div,193,OK,1,,line
NexusFlash.jsx,src/pages/admin/NexusFlash.jsx,div,194,OK,1,,line
NexusFlash.jsx,src/pages/admin/NexusFlash.jsx,div,195,OK,1,,line
NexusFlash.jsx,src/pages/admin/NexusFlash.jsx,div,196,OK,1,,line
NexusFlash.jsx,src/pages/admin/NexusFlash.jsx,div,197,OK,2,,line cursor
NexusFlash.jsx,src/pages/admin/NexusFlash.jsx,div,201,OK,3,,solatge-widgets mt-6
NexusFlash.jsx,src/pages/admin/NexusFlash.jsx,div,202,OK,5,,widget-row
NexusFlash.jsx,src/pages/admin/NexusFlash.jsx,GlassCard,203,OK,5,,widget
NexusFlash.jsx,src/pages/admin/NexusFlash.jsx,span,204,OK,1,,label
NexusFlash.jsx,src/pages/admin/NexusFlash.jsx,span,205,OK,1,,value
NexusFlash.jsx,src/pages/admin/NexusFlash.jsx,GlassCard,207,OK,5,,widget
NexusFlash.jsx,src/pages/admin/NexusFlash.jsx,span,208,OK,1,,label
NexusFlash.jsx,src/pages/admin/NexusFlash.jsx,span,209,OK,1,,value
NexusFlash.jsx,src/pages/admin/NexusFlash.jsx,footer,217,OK,5,,nexus-footer
NexusFlash.jsx,src/pages/admin/NexusFlash.jsx,Shield,218,OK,0,size,
NexusFlash.jsx,src/pages/admin/NexusFlash.jsx,span,219,WRAPPER_INUTIL,1,,
PlaygroundPortal.jsx,src/pages/admin/PlaygroundPortal.jsx,div,33,OK,1,,portal-loading
PlaygroundPortal.jsx,src/pages/admin/PlaygroundPortal.jsx,div,36,OK,7,,playground-portal
PlaygroundPortal.jsx,src/pages/admin/PlaygroundPortal.jsx,div,37,OK,11,role aria-label,portal-header
PlaygroundPortal.jsx,src/pages/admin/PlaygroundPortal.jsx,img,38,OK,0,src alt,portal-logo-large
PlaygroundPortal.jsx,src/pages/admin/PlaygroundPortal.jsx,h1,39,OK,1,,portal-title
PlaygroundPortal.jsx,src/pages/admin/PlaygroundPortal.jsx,p,40,OK,3,,portal-description
PlaygroundPortal.jsx,src/pages/admin/PlaygroundPortal.jsx,br,41,FANTASMA_BUIT,0,,
PlaygroundPortal.jsx,src/pages/admin/PlaygroundPortal.jsx,div,44,OK,3,,ai-notice-simple
PlaygroundPortal.jsx,src/pages/admin/PlaygroundPortal.jsx,div,45,OK,3,,ai-notice-text
PlaygroundPortal.jsx,src/pages/admin/PlaygroundPortal.jsx,span,46,WRAPPER_INUTIL,1,,
PlaygroundPortal.jsx,src/pages/admin/PlaygroundPortal.jsx,div,49,OK,3,,portal-actions
PlaygroundPortal.jsx,src/pages/admin/PlaygroundPortal.jsx,button,50,OK,5,onClick,portal-back-btn-primary
PlaygroundPortal.jsx,src/pages/admin/PlaygroundPortal.jsx,ArrowLeft,51,OK,0,size,
PlaygroundPortal.jsx,src/pages/admin/PlaygroundPortal.jsx,span,52,WRAPPER_INUTIL,1,,
PlaygroundPortal.jsx,src/pages/admin/PlaygroundPortal.jsx,div,57,OK,3,,persona-list-container
PlaygroundPortal.jsx,src/pages/admin/PlaygroundPortal.jsx,div,59,A11Y_CLICK_SENSE_ROLE,7,key onClick,persona-list-item
PlaygroundPortal.jsx,src/pages/admin/PlaygroundPortal.jsx,div,60,OK,3,,persona-list-avatar
PlaygroundPortal.jsx,src/pages/admin/PlaygroundPortal.jsx,img,62,OK,0,src alt,persona-list-img
PlaygroundPortal.jsx,src/pages/admin/PlaygroundPortal.jsx,div,64,OK,3,,persona-list-placeholder
PlaygroundPortal.jsx,src/pages/admin/PlaygroundPortal.jsx,User,65,OK,0,size,
PlaygroundPortal.jsx,src/pages/admin/PlaygroundPortal.jsx,div,70,OK,5,,persona-list-content
PlaygroundPortal.jsx,src/pages/admin/PlaygroundPortal.jsx,div,71,OK,5,,persona-list-header
PlaygroundPortal.jsx,src/pages/admin/PlaygroundPortal.jsx,h3,72,OK,1,,persona-list-name
PlaygroundPortal.jsx,src/pages/admin/PlaygroundPortal.jsx,span,74,OK,1,,persona-list-town
PlaygroundPortal.jsx,src/pages/admin/PlaygroundPortal.jsx,div,77,OK,3,,persona-list-bottom
PlaygroundPortal.jsx,src/pages/admin/PlaygroundPortal.jsx,p,78,OK,3,,persona-list-bio-full
PlaygroundPortal.jsx,src/pages/admin/PlaygroundPortal.jsx,div,84,OK,3,,persona-list-action
PlaygroundPortal.jsx,src/pages/admin/PlaygroundPortal.jsx,button,85,OK,3,,btn-enter-mini
PlaygroundPortal.jsx,src/pages/admin/PlaygroundPortal.jsx,ArrowRight,86,OK,0,size,
PlaygroundPortal.jsx,src/pages/admin/PlaygroundPortal.jsx,footer,93,OK,3,,portal-footer
PlaygroundPortal.jsx,src/pages/admin/PlaygroundPortal.jsx,p,94,OK,1,,
SessionChronicle.jsx,src/pages/admin/SessionChronicle.jsx,div,32,OK,7,,session-chronicle-container animate-in
SessionChronicle.jsx,src/pages/admin/SessionChronicle.jsx,div,33,OK,5,role aria-label,session-header
SessionChronicle.jsx,src/pages/admin/SessionChronicle.jsx,button,34,OK,3,onClick,back-btn
SessionChronicle.jsx,src/pages/admin/SessionChronicle.jsx,ArrowLeft,35,OK,0,size,
SessionChronicle.jsx,src/pages/admin/SessionChronicle.jsx,div,37,OK,5,,header-titles
SessionChronicle.jsx,src/pages/admin/SessionChronicle.jsx,h1,38,OK,1,,
SessionChronicle.jsx,src/pages/admin/SessionChronicle.jsx,div,39,OK,5,,session-meta
SessionChronicle.jsx,src/pages/admin/SessionChronicle.jsx,Calendar,40,OK,0,size,
SessionChronicle.jsx,src/pages/admin/SessionChronicle.jsx,span,41,WRAPPER_INUTIL,1,,
SessionChronicle.jsx,src/pages/admin/SessionChronicle.jsx,div,46,OK,7,role aria-label,session-main
SessionChronicle.jsx,src/pages/admin/SessionChronicle.jsx,section,47,OK,5,,session-summary-card
SessionChronicle.jsx,src/pages/admin/SessionChronicle.jsx,h2,48,OK,1,,section-title
SessionChronicle.jsx,src/pages/admin/SessionChronicle.jsx,ul,49,OK,3,,task-list
SessionChronicle.jsx,src/pages/admin/SessionChronicle.jsx,li,51,OK,5,key,task-item
SessionChronicle.jsx,src/pages/admin/SessionChronicle.jsx,CheckCircle2,52,OK,0,size,check-icon
SessionChronicle.jsx,src/pages/admin/SessionChronicle.jsx,span,53,WRAPPER_INUTIL,1,,
SessionChronicle.jsx,src/pages/admin/SessionChronicle.jsx,section,59,OK,7,,economic-contrast-hud
SessionChronicle.jsx,src/pages/admin/SessionChronicle.jsx,div,60,OK,5,,hud-header
SessionChronicle.jsx,src/pages/admin/SessionChronicle.jsx,Zap,61,OK,0,size,
SessionChronicle.jsx,src/pages/admin/SessionChronicle.jsx,h2,62,OK,1,,
SessionChronicle.jsx,src/pages/admin/SessionChronicle.jsx,div,65,OK,5,,stats-grid
SessionChronicle.jsx,src/pages/admin/SessionChronicle.jsx,div,66,OK,5,,stat-card human
SessionChronicle.jsx,src/pages/admin/SessionChronicle.jsx,div,67,OK,1,,stat-icon
SessionChronicle.jsx,src/pages/admin/SessionChronicle.jsx,User,67,OK,0,size,
SessionChronicle.jsx,src/pages/admin/SessionChronicle.jsx,div,68,OK,7,,stat-content
SessionChronicle.jsx,src/pages/admin/SessionChronicle.jsx,p,69,OK,1,,stat-label
SessionChronicle.jsx,src/pages/admin/SessionChronicle.jsx,p,70,OK,2,,stat-value
SessionChronicle.jsx,src/pages/admin/SessionChronicle.jsx,small,71,OK,4,,
SessionChronicle.jsx,src/pages/admin/SessionChronicle.jsx,div,75,OK,5,,stat-card ai
SessionChronicle.jsx,src/pages/admin/SessionChronicle.jsx,div,76,OK,1,,stat-icon
SessionChronicle.jsx,src/pages/admin/SessionChronicle.jsx,Cpu,76,OK,0,size,
SessionChronicle.jsx,src/pages/admin/SessionChronicle.jsx,div,77,OK,7,,stat-content
SessionChronicle.jsx,src/pages/admin/SessionChronicle.jsx,p,78,OK,1,,stat-label
SessionChronicle.jsx,src/pages/admin/SessionChronicle.jsx,p,79,OK,2,,stat-value
SessionChronicle.jsx,src/pages/admin/SessionChronicle.jsx,small,80,OK,1,,
SessionChronicle.jsx,src/pages/admin/SessionChronicle.jsx,div,85,OK,5,,savings-banner
SessionChronicle.jsx,src/pages/admin/SessionChronicle.jsx,div,86,OK,5,,savings-content
SessionChronicle.jsx,src/pages/admin/SessionChronicle.jsx,TrendingDown,87,OK,0,size,
SessionChronicle.jsx,src/pages/admin/SessionChronicle.jsx,div,88,OK,5,,
SessionChronicle.jsx,src/pages/admin/SessionChronicle.jsx,p,89,OK,1,,savings-label
SessionChronicle.jsx,src/pages/admin/SessionChronicle.jsx,p,90,OK,2,,savings-value
SessionChronicle.jsx,src/pages/admin/SessionChronicle.jsx,div,93,OK,3,,efficiency-badge
SessionChronicle.jsx,src/pages/admin/SessionChronicle.jsx,div,99,OK,3,,share-actions
SessionChronicle.jsx,src/pages/admin/SessionChronicle.jsx,button,100,OK,3,onClick,btn-share
SessionChronicle.jsx,src/pages/admin/SessionChronicle.jsx,Share2,101,OK,0,size,
SessionChronicle.jsx,src/pages/admin/SessionChronicle.jsx,footer,107,OK,5,,session-footer
SessionChronicle.jsx,src/pages/admin/SessionChronicle.jsx,p,108,OK,1,,
SessionChronicle.jsx,src/pages/admin/SessionChronicle.jsx,small,109,OK,1,,
SolatgeConsole.jsx,src/pages/admin/SolatgeConsole.jsx,div,81,OK,19,,solatge-container bg-black h-full text-white animate-bategat
SolatgeConsole.jsx,src/pages/admin/SolatgeConsole.jsx,SEO,82,OK,0,title description,
SolatgeConsole.jsx,src/pages/admin/SolatgeConsole.jsx,div,84,OK,7,role aria-label,solatge-header h-20 flex items-center gap-4 px-6 bg-black border-b border-gray-900 sticky top-0 z-30
SolatgeConsole.jsx,src/pages/admin/SolatgeConsole.jsx,button,85,OK,3,onClick title,p-3 bg-white/5 hover:bg-white/10 rounded-full text-white transition-colors border border-white/10 shrink-0
SolatgeConsole.jsx,src/pages/admin/SolatgeConsole.jsx,ArrowLeft,90,OK,0,size,
SolatgeConsole.jsx,src/pages/admin/SolatgeConsole.jsx,div,92,OK,5,,brand flex-1
SolatgeConsole.jsx,src/pages/admin/SolatgeConsole.jsx,Box,93,OK,0,size,neon-pulse
SolatgeConsole.jsx,src/pages/admin/SolatgeConsole.jsx,div,94,OK,5,,
SolatgeConsole.jsx,src/pages/admin/SolatgeConsole.jsx,h1,95,OK,1,,
SolatgeConsole.jsx,src/pages/admin/SolatgeConsole.jsx,span,96,OK,1,,subtitle
SolatgeConsole.jsx,src/pages/admin/SolatgeConsole.jsx,div,99,OK,5,,[Dinàmic]
SolatgeConsole.jsx,src/pages/admin/SolatgeConsole.jsx,Wifi,100,OK,0,size,
SolatgeConsole.jsx,src/pages/admin/SolatgeConsole.jsx,WifiOff,100,OK,0,size,
SolatgeConsole.jsx,src/pages/admin/SolatgeConsole.jsx,span,101,WRAPPER_INUTIL,1,,
SolatgeConsole.jsx,src/pages/admin/SolatgeConsole.jsx,div,106,OK,11,,solatge-grid
SolatgeConsole.jsx,src/pages/admin/SolatgeConsole.jsx,div,107,OK,5,,metric-card glass-ia
SolatgeConsole.jsx,src/pages/admin/SolatgeConsole.jsx,Database,108,OK,0,,icon
SolatgeConsole.jsx,src/pages/admin/SolatgeConsole.jsx,div,109,OK,5,,data
SolatgeConsole.jsx,src/pages/admin/SolatgeConsole.jsx,span,110,OK,1,,label
SolatgeConsole.jsx,src/pages/admin/SolatgeConsole.jsx,span,111,OK,1,,value
SolatgeConsole.jsx,src/pages/admin/SolatgeConsole.jsx,div,114,OK,5,,metric-card glass-ia
SolatgeConsole.jsx,src/pages/admin/SolatgeConsole.jsx,Activity,115,OK,0,,icon neon-pulse
SolatgeConsole.jsx,src/pages/admin/SolatgeConsole.jsx,div,116,OK,5,,data
SolatgeConsole.jsx,src/pages/admin/SolatgeConsole.jsx,span,117,OK,1,,label
SolatgeConsole.jsx,src/pages/admin/SolatgeConsole.jsx,span,118,OK,1,,value
SolatgeConsole.jsx,src/pages/admin/SolatgeConsole.jsx,div,121,OK,5,,metric-card glass-ia
SolatgeConsole.jsx,src/pages/admin/SolatgeConsole.jsx,ShieldCheck,122,OK,0,,icon
SolatgeConsole.jsx,src/pages/admin/SolatgeConsole.jsx,div,123,OK,5,,data
SolatgeConsole.jsx,src/pages/admin/SolatgeConsole.jsx,span,124,OK,1,,label
SolatgeConsole.jsx,src/pages/admin/SolatgeConsole.jsx,span,125,OK,1,,value
SolatgeConsole.jsx,src/pages/admin/SolatgeConsole.jsx,div,128,OK,5,,metric-card glass-ia
SolatgeConsole.jsx,src/pages/admin/SolatgeConsole.jsx,HardDrive,129,OK,0,,icon
SolatgeConsole.jsx,src/pages/admin/SolatgeConsole.jsx,div,130,OK,5,,data
SolatgeConsole.jsx,src/pages/admin/SolatgeConsole.jsx,span,131,OK,1,,label
SolatgeConsole.jsx,src/pages/admin/SolatgeConsole.jsx,span,132,OK,1,,value
SolatgeConsole.jsx,src/pages/admin/SolatgeConsole.jsx,div,135,OK,5,,metric-card glass-ia
SolatgeConsole.jsx,src/pages/admin/SolatgeConsole.jsx,Zap,136,OK,0,,icon neon-pulse
SolatgeConsole.jsx,src/pages/admin/SolatgeConsole.jsx,div,137,OK,5,,data
SolatgeConsole.jsx,src/pages/admin/SolatgeConsole.jsx,span,138,OK,1,,label
SolatgeConsole.jsx,src/pages/admin/SolatgeConsole.jsx,span,139,OK,1,,value
SolatgeConsole.jsx,src/pages/admin/SolatgeConsole.jsx,div,145,OK,5,,command-center
SolatgeConsole.jsx,src/pages/admin/SolatgeConsole.jsx,div,146,OK,5,,console-panel
SolatgeConsole.jsx,src/pages/admin/SolatgeConsole.jsx,div,147,OK,5,,panel-header
SolatgeConsole.jsx,src/pages/admin/SolatgeConsole.jsx,Terminal,148,OK,0,size,
SolatgeConsole.jsx,src/pages/admin/SolatgeConsole.jsx,span,149,WRAPPER_INUTIL,1,,
SolatgeConsole.jsx,src/pages/admin/SolatgeConsole.jsx,div,151,OK,3,,logs
SolatgeConsole.jsx,src/pages/admin/SolatgeConsole.jsx,div,153,OK,5,key,log-entry
SolatgeConsole.jsx,src/pages/admin/SolatgeConsole.jsx,span,154,OK,3,,time
SolatgeConsole.jsx,src/pages/admin/SolatgeConsole.jsx,span,155,OK,1,,msg
SolatgeConsole.jsx,src/pages/admin/SolatgeConsole.jsx,div,161,OK,17,,actions-panel
SolatgeConsole.jsx,src/pages/admin/SolatgeConsole.jsx,div,162,OK,5,,action-wrapper
SolatgeConsole.jsx,src/pages/admin/SolatgeConsole.jsx,button,163,OK,5,onClick,action-btn primary
SolatgeConsole.jsx,src/pages/admin/SolatgeConsole.jsx,RefreshCw,170,OK,0,size,
SolatgeConsole.jsx,src/pages/admin/SolatgeConsole.jsx,span,171,WRAPPER_INUTIL,1,,
SolatgeConsole.jsx,src/pages/admin/SolatgeConsole.jsx,button,173,OK,3,onClick,info-trigger
SolatgeConsole.jsx,src/pages/admin/SolatgeConsole.jsx,Info,174,OK,0,size,
SolatgeConsole.jsx,src/pages/admin/SolatgeConsole.jsx,div,178,OK,3,,action-wrapper
SolatgeConsole.jsx,src/pages/admin/SolatgeConsole.jsx,button,179,OK,5,onClick disabled,action-btn
SolatgeConsole.jsx,src/pages/admin/SolatgeConsole.jsx,BrainCircuit,184,OK,0,size,[Dinàmic]
SolatgeConsole.jsx,src/pages/admin/SolatgeConsole.jsx,span,185,WRAPPER_INUTIL,1,,
SolatgeConsole.jsx,src/pages/admin/SolatgeConsole.jsx,div,189,OK,5,,action-wrapper
SolatgeConsole.jsx,src/pages/admin/SolatgeConsole.jsx,button,190,OK,5,onClick,action-btn secondary
SolatgeConsole.jsx,src/pages/admin/SolatgeConsole.jsx,Box,213,OK,0,size,
SolatgeConsole.jsx,src/pages/admin/SolatgeConsole.jsx,span,214,WRAPPER_INUTIL,1,,
SolatgeConsole.jsx,src/pages/admin/SolatgeConsole.jsx,button,216,OK,3,onClick,info-trigger
SolatgeConsole.jsx,src/pages/admin/SolatgeConsole.jsx,Info,217,OK,0,size,
SolatgeConsole.jsx,src/pages/admin/SolatgeConsole.jsx,div,221,OK,5,,action-wrapper
SolatgeConsole.jsx,src/pages/admin/SolatgeConsole.jsx,button,222,OK,5,onClick,action-btn secondary
SolatgeConsole.jsx,src/pages/admin/SolatgeConsole.jsx,Zap,229,OK,0,size,
SolatgeConsole.jsx,src/pages/admin/SolatgeConsole.jsx,span,230,WRAPPER_INUTIL,1,,
SolatgeConsole.jsx,src/pages/admin/SolatgeConsole.jsx,button,232,OK,3,onClick,info-trigger
SolatgeConsole.jsx,src/pages/admin/SolatgeConsole.jsx,Info,233,OK,0,size,
SolatgeConsole.jsx,src/pages/admin/SolatgeConsole.jsx,div,237,ESTILS_MESCLATS,0,style,drawer-divider
SolatgeConsole.jsx,src/pages/admin/SolatgeConsole.jsx,div,240,OK,5,,dev-tools-panel
SolatgeConsole.jsx,src/pages/admin/SolatgeConsole.jsx,div,241,OK,5,,panel-label
SolatgeConsole.jsx,src/pages/admin/SolatgeConsole.jsx,Terminal,242,OK,0,size,
SolatgeConsole.jsx,src/pages/admin/SolatgeConsole.jsx,span,243,WRAPPER_INUTIL,1,,
SolatgeConsole.jsx,src/pages/admin/SolatgeConsole.jsx,div,245,OK,7,,tools-grid
SolatgeConsole.jsx,src/pages/admin/SolatgeConsole.jsx,button,246,OK,5,onClick,tool-btn
SolatgeConsole.jsx,src/pages/admin/SolatgeConsole.jsx,Activity,250,OK,0,size,
SolatgeConsole.jsx,src/pages/admin/SolatgeConsole.jsx,span,251,WRAPPER_INUTIL,1,,
SolatgeConsole.jsx,src/pages/admin/SolatgeConsole.jsx,button,253,OK,5,onClick,tool-btn
SolatgeConsole.jsx,src/pages/admin/SolatgeConsole.jsx,Zap,257,OK,0,size,
SolatgeConsole.jsx,src/pages/admin/SolatgeConsole.jsx,span,258,WRAPPER_INUTIL,1,,
SolatgeConsole.jsx,src/pages/admin/SolatgeConsole.jsx,button,260,OK,5,onClick,tool-btn
SolatgeConsole.jsx,src/pages/admin/SolatgeConsole.jsx,Sparkles,265,OK,0,size,
SolatgeConsole.jsx,src/pages/admin/SolatgeConsole.jsx,span,266,WRAPPER_INUTIL,1,,
SolatgeConsole.jsx,src/pages/admin/SolatgeConsole.jsx,div,271,OK,5,,visual-democracy-panel
SolatgeConsole.jsx,src/pages/admin/SolatgeConsole.jsx,div,272,OK,5,,panel-label
SolatgeConsole.jsx,src/pages/admin/SolatgeConsole.jsx,Layers,273,OK,0,size,
SolatgeConsole.jsx,src/pages/admin/SolatgeConsole.jsx,span,274,WRAPPER_INUTIL,1,,
SolatgeConsole.jsx,src/pages/admin/SolatgeConsole.jsx,div,276,OK,5,,democracy-switcher
SolatgeConsole.jsx,src/pages/admin/SolatgeConsole.jsx,button,277,OK,5,onClick,[Dinàmic]
SolatgeConsole.jsx,src/pages/admin/SolatgeConsole.jsx,Layout,285,OK,0,size,
SolatgeConsole.jsx,src/pages/admin/SolatgeConsole.jsx,span,286,WRAPPER_INUTIL,1,,
SolatgeConsole.jsx,src/pages/admin/SolatgeConsole.jsx,button,288,OK,5,onClick,[Dinàmic]
SolatgeConsole.jsx,src/pages/admin/SolatgeConsole.jsx,Activity,296,OK,0,size,
SolatgeConsole.jsx,src/pages/admin/SolatgeConsole.jsx,span,297,WRAPPER_INUTIL,1,,
SolatgeConsole.jsx,src/pages/admin/SolatgeConsole.jsx,footer,305,OK,5,,solatge-footer
SolatgeConsole.jsx,src/pages/admin/SolatgeConsole.jsx,div,306,OK,5,,node-info
SolatgeConsole.jsx,src/pages/admin/SolatgeConsole.jsx,span,307,OK,3,,
SolatgeConsole.jsx,src/pages/admin/SolatgeConsole.jsx,span,308,WRAPPER_INUTIL,1,,
SolatgeConsole.jsx,src/pages/admin/SolatgeConsole.jsx,div,310,OK,1,,version-tag
Utilitats.jsx,src/pages/admin/Utilitats.jsx,PDFBategatManager,18,OK,0,onBack,
Utilitats.jsx,src/pages/admin/Utilitats.jsx,div,22,OK,5,,flex-1 bg-theme-base p-6 md:p-12 overflow-y-auto custom-scrollbar
Utilitats.jsx,src/pages/admin/Utilitats.jsx,div,23,OK,5,role aria-label,mb-16 relative
Utilitats.jsx,src/pages/admin/Utilitats.jsx,div,24,OK,0,,absolute -top-10 -left-10 w-64 h-64 bg-orange-500/10 blur-[120px] rounded-[28px] pointer-events-none
Utilitats.jsx,src/pages/admin/Utilitats.jsx,div,26,OK,5,,flex items-center gap-6 mb-4 relative z-10
Utilitats.jsx,src/pages/admin/Utilitats.jsx,div,27,OK,3,,w-16 h-16 bg-theme-panel border border-white/10 genesis-radius flex items-center justify-center backdrop-blur-xl shadow-2xl
Utilitats.jsx,src/pages/admin/Utilitats.jsx,Wrench,28,OK,0,,w-8 h-8 text-[var(--theme-accent-primary)]
Utilitats.jsx,src/pages/admin/Utilitats.jsx,div,30,OK,5,,
Utilitats.jsx,src/pages/admin/Utilitats.jsx,h1,31,OK,3,,text-5xl font-black tracking-tighter uppercase italic leading-none mb-1 font-condensed
Utilitats.jsx,src/pages/admin/Utilitats.jsx,span,32,OK,1,,text-[#0ea5e9]
Utilitats.jsx,src/pages/admin/Utilitats.jsx,p,34,OK,1,,text-white/30 font-bold tracking-widest text-[10px] uppercase font-mono
Utilitats.jsx,src/pages/admin/Utilitats.jsx,div,41,OK,7,,grid grid-cols-1 md:grid-cols-2 lg:grid-cols-3 gap-8 relative z-10
Utilitats.jsx,src/pages/admin/Utilitats.jsx,div,43,A11Y_CLICK_SENSE_ROLE | CSS_EXCESSIU,7,key onClick,group bg-white/[0.03] border border-white/10 rounded-[28px] p-8 cursor-pointer hover:bg-white/[0.06] hover:border-[#0ea5e9]/30 transition-all duration-500 relative overflow-hidden flex flex-col min-h-[320px] shadow-2xl backdrop-blur-md font-condensed
Utilitats.jsx,src/pages/admin/Utilitats.jsx,div,48,OK,3,,absolute top-0 right-0 p-8 opacity-[0.03] group-hover:opacity-10 group-hover:scale-110 transition-all duration-700 pointer-events-none
Utilitats.jsx,src/pages/admin/Utilitats.jsx,div,52,OK,3,,bg-gradient-to-br from-[#0ea5e9]/20 to-[#0ea5e9]/5 w-16 h-16 genesis-radius flex items-center justify-center mb-8 border border-[#0ea5e9]/20 shadow-inner
Utilitats.jsx,src/pages/admin/Utilitats.jsx,div,56,OK,7,,mt-auto
Utilitats.jsx,src/pages/admin/Utilitats.jsx,h3,57,OK,5,,text-2xl font-black mb-3 flex items-center gap-3 tracking-tight italic
Utilitats.jsx,src/pages/admin/Utilitats.jsx,Sparkles,59,OK,0,size,text-fuchsia-400 opacity-0 group-hover:opacity-100 transition-all duration-500 translate-y-1 group-hover:translate-y-0
Utilitats.jsx,src/pages/admin/Utilitats.jsx,p,61,OK,3,,text-white/40 text-[15px] leading-relaxed mb-10 font-medium
Utilitats.jsx,src/pages/admin/Utilitats.jsx,div,65,OK,5,,flex items-center text-[#0ea5e9] font-black text-xs gap-3 tracking-[0.2em] group-hover:gap-4 transition-all
Utilitats.jsx,src/pages/admin/Utilitats.jsx,span,66,WRAPPER_INUTIL,1,,
Utilitats.jsx,src/pages/admin/Utilitats.jsx,ArrowRight,67,OK,0,size,
Utilitats.jsx,src/pages/admin/Utilitats.jsx,div,75,CSS_EXCESSIU,5,key,bg-white/[0.01] border border-white/[0.05] border-dashed rounded-[28px] p-8 flex flex-col items-center justify-center text-white/5 italic text-sm min-h-[320px] transition-all hover:bg-white/[0.02]
Utilitats.jsx,src/pages/admin/Utilitats.jsx,div,76,OK,1,,w-12 h-12 rounded-[28px] border border-current flex items-center justify-center mb-4 opacity-30
Utilitats.jsx,src/pages/admin/Utilitats.jsx,span,77,OK,1,,font-black tracking-widest uppercase text-[10px]
Versions.jsx,src/pages/admin/Versions.jsx,UniversalPage,5,OK,0,standAlone slug,
Register.jsx,src/pages/auth/Register.jsx,div,210,OK,9,,flex flex-col md:flex-row w-full min-h-[100dvh] bg-theme-base relative overflow-hidden font-sans
Register.jsx,src/pages/auth/Register.jsx,div,213,OK,11,,hidden md:flex md:w-1/2 lg:w-[55%] bg-[var(--theme-accent-primary-faint)] relative flex-col items-center justify-center p-8 lg:p-12 border-r border-[var(--border-master)] overflow-hidden
Register.jsx,src/pages/auth/Register.jsx,div,215,ESTILS_MESCLATS,0,style,absolute inset-0 z-0 opacity-10 pointer-events-none mix-blend-multiply dark:mix-blend-screen
Register.jsx,src/pages/auth/Register.jsx,div,216,OK,3,,relative z-10 w-full max-w-xl mb-12
Register.jsx,src/pages/auth/Register.jsx,BrandLogo,217,OK,0,,w-full h-auto object-contain drop-shadow-2xl text-[var(--theme-accent-primary)]
Register.jsx,src/pages/auth/Register.jsx,div,221,CSS_EXCESSIU,5,,relative z-10 w-full max-w-xl bg-theme-base/80 backdrop-blur-xl border border-[var(--theme-accent-primary-muted)] rounded-[32px] p-8 flex gap-8 items-start shadow-2xl hover:-translate-y-1 transition-transform
Register.jsx,src/pages/auth/Register.jsx,div,222,OK,3,,w-24 h-24 shrink-0 rounded-full bg-[var(--theme-accent-primary-faint)] flex items-center justify-center shadow-inner overflow-hidden border-4 border-white dark:border-gray-800
Register.jsx,src/pages/auth/Register.jsx,img,223,OK,0,src alt,w-[110%] h-[110%] object-cover object-top
Register.jsx,src/pages/auth/Register.jsx,div,225,OK,5,,flex-1 pt-2
Register.jsx,src/pages/auth/Register.jsx,h3,226,OK,1,,font-black text-[var(--theme-accent-primary)] text-xl mb-3 uppercase tracking-tight
Register.jsx,src/pages/auth/Register.jsx,p,227,OK,3,,text-theme-text text-xl leading-relaxed font-medium
Register.jsx,src/pages/auth/Register.jsx,div,239,OK,7,,w-full md:w-1/2 lg:w-[45%] flex-1 flex flex-col relative overflow-y-auto custom-scrollbar pb-12 md:pb-0
Register.jsx,src/pages/auth/Register.jsx,div,242,OK,0,,absolute top-0 left-0 right-0 h-2 bg-gradient-to-r from-[var(--theme-accent-secondary)] to-[var(--theme-accent-primary)] opacity-80 md:hidden
Register.jsx,src/pages/auth/Register.jsx,div,244,CSS_EXCESSIU,37,,w-full flex-1 flex flex-col px-6 md:px-12 lg:px-20 pt-6 md:pt-12 pb-8 animate-in-up max-w-md md:max-w-2xl mx-auto md:justify-center relative
Register.jsx,src/pages/auth/Register.jsx,div,247,OK,3,,flex justify-center gap-1.5 mb-8 bg-theme-panel md:bg-transparent border border-[var(--border-master)] md:border-none p-1.5 md:p-0 rounded-full z-20 mx-auto
Register.jsx,src/pages/auth/Register.jsx,button,249,OK,3,key onClick,[Dinàmic]
Register.jsx,src/pages/auth/Register.jsx,div,262,OK,7,role aria-label,flex flex-col items-center pt-2 pb-6 md:pb-12 md:hidden
Register.jsx,src/pages/auth/Register.jsx,BrandLogo,263,OK,0,,w-[280px] max-w-[80vw] h-auto object-contain mb-8 transition-all text-[var(--theme-text)]
Register.jsx,src/pages/auth/Register.jsx,div,266,OK,5,,w-full bg-[var(--theme-accent-primary-faint)] border border-[var(--theme-accent-primary-muted)] rounded-2xl p-5 flex gap-5 items-start shadow-sm mt-4
Register.jsx,src/pages/auth/Register.jsx,div,267,A11Y_CLICK_SENSE_ROLE,3,onClick,w-16 h-16 shrink-0 rounded-full bg-[var(--theme-accent-primary-faint)] flex items-center justify-center shadow-inner overflow-hidden border border-[var(--theme-accent-primary-muted)]
Register.jsx,src/pages/auth/Register.jsx,img,268,OK,0,src alt,w-[110%] h-[110%] object-cover object-top
Register.jsx,src/pages/auth/Register.jsx,div,270,OK,5,,flex-1 pt-1
Register.jsx,src/pages/auth/Register.jsx,h3,271,OK,1,,font-black text-[var(--theme-accent-primary)] text-base mb-1.5 uppercase tracking-tight
Register.jsx,src/pages/auth/Register.jsx,p,272,OK,3,,text-theme-text text-[15px] leading-snug font-medium
Register.jsx,src/pages/auth/Register.jsx,div,283,OK,1,,auth-error shake
Register.jsx,src/pages/auth/Register.jsx,div,287,ESTILS_MESCLATS,5,style,mb-6 bg-blue-500/10 border border-blue-500/20 rounded-2xl p-4 flex gap-4 items-start shadow-sm mx-1 animate-in-up
Register.jsx,src/pages/auth/Register.jsx,div,288,OK,3,,w-10 h-10 shrink-0 bg-blue-500/20 rounded-full flex items-center justify-center text-blue-500
Register.jsx,src/pages/auth/Register.jsx,svg,289,OK,6,width height viewBox fill stroke strokeWidth strokeLinecap strokeLinejoin,
Register.jsx,src/pages/auth/Register.jsx,path,289,OK,0,d,
Register.jsx,src/pages/auth/Register.jsx,path,289,OK,0,d,
Register.jsx,src/pages/auth/Register.jsx,path,289,OK,0,d,
Register.jsx,src/pages/auth/Register.jsx,path,289,OK,0,d,
Register.jsx,src/pages/auth/Register.jsx,path,289,OK,0,d,
Register.jsx,src/pages/auth/Register.jsx,path,289,OK,0,d,
Register.jsx,src/pages/auth/Register.jsx,div,291,OK,7,,flex-1 pt-0.5
Register.jsx,src/pages/auth/Register.jsx,h4,292,OK,1,,font-black text-blue-600 dark:text-blue-400 text-[13px] uppercase tracking-widest mb-1
Register.jsx,src/pages/auth/Register.jsx,p,293,OK,7,,text-blue-700/80 dark:text-blue-400/80 text-[13px] font-medium leading-relaxed
Register.jsx,src/pages/auth/Register.jsx,strong,294,OK,1,,
Register.jsx,src/pages/auth/Register.jsx,strong,294,OK,1,,
Register.jsx,src/pages/auth/Register.jsx,br,295,FANTASMA_BUIT,0,,
Register.jsx,src/pages/auth/Register.jsx,div,297,OK,3,,mt-3
Register.jsx,src/pages/auth/Register.jsx,Link,298,CSS_EXCESSIU,3,to,inline-flex items-center gap-1.5 bg-[var(--theme-accent-primary)] text-white px-4 py-2 rounded-full text-xs font-black uppercase tracking-widest hover:brightness-110 transition-all shadow-sm active:scale-95 text-[10px]
Register.jsx,src/pages/auth/Register.jsx,ChevronRight,299,OK,0,size,
Register.jsx,src/pages/auth/Register.jsx,div,308,OK,5,,flex flex-col gap-6 animate-fade-in-right shrink-0 pb-8
Register.jsx,src/pages/auth/Register.jsx,button,310,OK,5,onClick disabled type,w-full h-16 bg-theme-panel border-2 border-[var(--border-master)] rounded-[20px] flex items-center justify-center gap-3 hover:bg-[var(--hover-overlay)] transition-all active:scale-[0.98] shadow-sm
Register.jsx,src/pages/auth/Register.jsx,svg,316,OK,9,width height viewBox xmlns,
Register.jsx,src/pages/auth/Register.jsx,path,317,OK,0,d fill,
Register.jsx,src/pages/auth/Register.jsx,path,318,OK,0,d fill,
Register.jsx,src/pages/auth/Register.jsx,path,319,OK,0,d fill,
Register.jsx,src/pages/auth/Register.jsx,path,320,OK,0,d fill,
Register.jsx,src/pages/auth/Register.jsx,span,322,OK,1,,font-black uppercase tracking-widest text-theme-text opacity-90 text-base
Register.jsx,src/pages/auth/Register.jsx,div,327,OK,5,,relative flex items-center justify-center py-2
Register.jsx,src/pages/auth/Register.jsx,div,328,OK,3,,absolute inset-0 flex items-center
Register.jsx,src/pages/auth/Register.jsx,div,329,OK,0,,w-full border-t border-[var(--border-master)]
Register.jsx,src/pages/auth/Register.jsx,span,331,OK,1,,relative px-4 text-xs font-black uppercase tracking-widest bg-theme-base text-gray-400
Register.jsx,src/pages/auth/Register.jsx,div,334,OK,5,,space-y-3
Register.jsx,src/pages/auth/Register.jsx,label,335,OK,1,htmlFor,text-sm font-black uppercase tracking-widest text-gray-500 ml-1
Register.jsx,src/pages/auth/Register.jsx,input,336,OK,0,name type placeholder value onChange autoComplete required,[Dinàmic]
Register.jsx,src/pages/auth/Register.jsx,div,355,OK,3,,pt-2
Register.jsx,src/pages/auth/Register.jsx,button,356,OK,3,disabled onClick,[Dinàmic]
Register.jsx,src/pages/auth/Register.jsx,span,366,OK,1,,text-lg pt-1
Register.jsx,src/pages/auth/Register.jsx,div,376,OK,5,,flex flex-col gap-6 animate-fade-in-right flex-1
Register.jsx,src/pages/auth/Register.jsx,div,377,OK,5,,space-y-3
Register.jsx,src/pages/auth/Register.jsx,label,378,OK,1,htmlFor,text-sm font-black uppercase tracking-widest text-gray-500 ml-1
Register.jsx,src/pages/auth/Register.jsx,button,381,OK,5,type onClick,w-full flex items-center justify-between px-5 py-5 bg-theme-panel border-2 border-[var(--border-master)] rounded-[20px] hover:border-[var(--theme-accent-primary)] hover:bg-[var(--theme-accent-primary-faint)] transition-all active:scale-[0.98] shadow-sm
Register.jsx,src/pages/auth/Register.jsx,div,386,OK,5,,flex items-center gap-4
Register.jsx,src/pages/auth/Register.jsx,div,387,OK,3,,w-12 h-12 bg-theme-base shadow-sm border border-[var(--border-master)] rounded-2xl flex items-center justify-center shrink-0
Register.jsx,src/pages/auth/Register.jsx,MapPin,388,OK,0,size,text-[var(--theme-accent-primary)]
Register.jsx,src/pages/auth/Register.jsx,div,390,OK,3,,flex flex-col items-start
Register.jsx,src/pages/auth/Register.jsx,span,391,OK,3,,text-xl font-bold text-theme-text
Register.jsx,src/pages/auth/Register.jsx,div,396,OK,3,,bg-[var(--hover-overlay)] p-3 rounded-2xl text-gray-400
Register.jsx,src/pages/auth/Register.jsx,ChevronRight,397,OK,0,size,
Register.jsx,src/pages/auth/Register.jsx,div,402,OK,5,,pt-4 flex gap-3
Register.jsx,src/pages/auth/Register.jsx,button,403,OK,1,onClick,h-16 px-6 rounded-[20px] font-bold text-theme-text opacity-70 bg-theme-panel border border-[var(--border-master)] hover:bg-[var(--hover-overlay)] transition-colors
Register.jsx,src/pages/auth/Register.jsx,button,406,OK,5,disabled onClick,[Dinàmic]
Register.jsx,src/pages/auth/Register.jsx,span,416,OK,1,,text-lg pt-1
Register.jsx,src/pages/auth/Register.jsx,CheckCircle2,417,OK,0,size,mt-0.5
Register.jsx,src/pages/auth/Register.jsx,form,425,OK,5,onSubmit,flex flex-col gap-6 animate-fade-in-right flex-1
Register.jsx,src/pages/auth/Register.jsx,div,426,OK,5,,space-y-3
Register.jsx,src/pages/auth/Register.jsx,label,427,OK,1,htmlFor,text-sm font-black uppercase tracking-widest text-gray-500 ml-1
Register.jsx,src/pages/auth/Register.jsx,div,428,OK,5,,relative flex items-center
Register.jsx,src/pages/auth/Register.jsx,div,429,OK,1,,absolute left-5 font-bold text-gray-400 select-none text-xl
Register.jsx,src/pages/auth/Register.jsx,input,430,OK,0,name type placeholder value onChange autoComplete inputMode required,[Dinàmic]
Register.jsx,src/pages/auth/Register.jsx,div,455,OK,5,,pt-4 flex gap-3
Register.jsx,src/pages/auth/Register.jsx,button,457,OK,1,type onClick,h-16 px-6 rounded-[20px] font-bold text-theme-text opacity-70 bg-theme-panel border border-[var(--border-master)] hover:bg-[var(--hover-overlay)] transition-colors
Register.jsx,src/pages/auth/Register.jsx,button,465,OK,3,type disabled,[Dinàmic]
Register.jsx,src/pages/auth/Register.jsx,Loader2,473,OK,0,size,animate-spin text-white
Register.jsx,src/pages/auth/Register.jsx,span,476,OK,1,,text-lg pt-1
Register.jsx,src/pages/auth/Register.jsx,Zap,477,OK,0,size fill,mt-0.5
Register.jsx,src/pages/auth/Register.jsx,form,488,OK,5,onSubmit,flex flex-col gap-6 animate-fade-in-right flex-1
Register.jsx,src/pages/auth/Register.jsx,div,492,OK,5,,space-y-4
Register.jsx,src/pages/auth/Register.jsx,div,493,OK,5,,text-center space-y-1 mb-4
Register.jsx,src/pages/auth/Register.jsx,h2,494,OK,1,,text-3xl font-black text-theme-text
Register.jsx,src/pages/auth/Register.jsx,p,495,OK,2,,text-gray-400 font-medium text-base
Register.jsx,src/pages/auth/Register.jsx,strong,495,OK,1,,text-theme-text opacity-90 tracking-wide text-lg
Register.jsx,src/pages/auth/Register.jsx,input,498,CSS_EXCESSIU,0,name type placeholder value onChange autoComplete inputMode maxLength required,w-full h-20 bg-theme-panel border-2 border-[var(--border-master)] focus:border-[var(--theme-accent-primary)] focus:bg-[var(--theme-accent-primary-faint)] rounded-[20px] text-center text-4xl font-black text-theme-text tracking-[0.5em] outline-none transition-all placeholder:text-gray-600 shadow-sm
Register.jsx,src/pages/auth/Register.jsx,div,513,OK,5,,mt-auto pt-6 space-y-4
Register.jsx,src/pages/auth/Register.jsx,button,514,OK,3,type disabled onClick,[Dinàmic]
Register.jsx,src/pages/auth/Register.jsx,Loader2,523,OK,0,size,animate-spin text-white
Register.jsx,src/pages/auth/Register.jsx,span,525,OK,1,,text-lg pt-1
Register.jsx,src/pages/auth/Register.jsx,div,529,OK,5,,text-center pt-4 pb-2 space-y-4
Register.jsx,src/pages/auth/Register.jsx,button,530,OK,3,type disabled onClick,text-base font-bold text-gray-400 hover:text-theme-text underline underline-offset-4 decoration-2 decoration-[var(--border-master)] transition-colors
Register.jsx,src/pages/auth/Register.jsx,div,542,OK,3,,
Register.jsx,src/pages/auth/Register.jsx,button,543,OK,1,type onClick,text-sm font-black text-gray-400 hover:text-[var(--theme-accent-primary)] uppercase tracking-widest transition-colors bg-theme-panel border border-[var(--border-master)] px-4 py-2 rounded-full
Register.jsx,src/pages/auth/Register.jsx,div,554,OK,7,,text-center py-12 space-y-6 animate-in-up flex-1 flex flex-col items-center justify-center
Register.jsx,src/pages/auth/Register.jsx,div,555,OK,3,,w-32 h-32 bg-green-500/20 rounded-full flex items-center justify-center mx-auto mb-6 shadow-inner animate-pulse-soft
Register.jsx,src/pages/auth/Register.jsx,CheckCircle2,556,OK,0,size strokeWidth,text-green-500
Register.jsx,src/pages/auth/Register.jsx,h2,558,OK,3,,text-4xl font-black uppercase text-theme-text italic tracking-tight relative -left-1
Register.jsx,src/pages/auth/Register.jsx,br,560,FANTASMA_BUIT,0,,
Register.jsx,src/pages/auth/Register.jsx,p,562,OK,3,,font-bold text-gray-400 text-xl text-center px-4
Register.jsx,src/pages/auth/Register.jsx,br,562,FANTASMA_BUIT,0,,
Register.jsx,src/pages/auth/Register.jsx,span,562,OK,1,,text-sm mt-2 block
Register.jsx,src/pages/auth/Register.jsx,div,566,OK,7,,mt-8
Register.jsx,src/pages/auth/Register.jsx,div,567,OK,5,,text-center text-xs text-gray-400 mb-6 font-medium leading-relaxed px-4
Register.jsx,src/pages/auth/Register.jsx,br,569,FANTASMA_BUIT,0,,
Register.jsx,src/pages/auth/Register.jsx,Link,570,OK,1,to,underline hover:text-theme-text transition-colors mt-1 inline-block
Register.jsx,src/pages/auth/Register.jsx,div,573,OK,6,,text-center text-lg bg-theme-panel rounded-2xl p-4 border border-[var(--border-master)]
Register.jsx,src/pages/auth/Register.jsx,span,574,OK,1,,text-gray-400 font-medium
Register.jsx,src/pages/auth/Register.jsx,Link,575,OK,1,to,text-[var(--theme-accent-primary)] font-black hover:underline tracking-wide ml-1
Register.jsx,src/pages/auth/Register.jsx,div,580,OK,3,,text-center mt-6 text-gray-300 font-bold text-[10px] uppercase tracking-widest
Register.jsx,src/pages/auth/Register.jsx,TownSelectorModal,585,OK,0,isOpen onClose onSelect,
AgentDirectory.jsx,src/pages/community/AgentDirectory.jsx,div,30,OK,7,,search-discover-page min-h-screen bg-theme-base overflow-y-auto
AgentDirectory.jsx,src/pages/community/AgentDirectory.jsx,SEO,31,OK,0,title description url,
AgentDirectory.jsx,src/pages/community/AgentDirectory.jsx,SearchNavBar,36,OK,0,query setQuery placeholder customIcon,
AgentDirectory.jsx,src/pages/community/AgentDirectory.jsx,Bot,40,OK,0,size,
AgentDirectory.jsx,src/pages/community/AgentDirectory.jsx,div,43,OK,3,ref,flex-1 w-full pt-4 pb-32 pb-safe animate-in fade-in slide-in-from-bottom-4 duration-500
AgentDirectory.jsx,src/pages/community/AgentDirectory.jsx,UniversalGridWrapper,44,OK,3,viewMode,
AgentDirectory.jsx,src/pages/community/AgentDirectory.jsx,div,46,OK,1,,flex flex-col items-center justify-center py-12 text-center text-theme-muted font-bold text-lg
AgentDirectory.jsx,src/pages/community/AgentDirectory.jsx,UniversalGridRow,50,OK,3,viewMode columnCount,
AgentDirectory.jsx,src/pages/community/AgentDirectory.jsx,UniversalCard,52,A11Y_CLICK_SENSE_ROLE,0,key item title subtitle avatarSrc avatarName avatarRole excerpt viewMode variant onClick,
CommunityDirectory.jsx,src/pages/community/CommunityDirectory.jsx,StatusLoader,61,OK,0,type,
CommunityDirectory.jsx,src/pages/community/CommunityDirectory.jsx,div,64,OK,11,,directory-page bg-theme-base min-h-screen
CommunityDirectory.jsx,src/pages/community/CommunityDirectory.jsx,SEO,65,OK,0,title description url,
CommunityDirectory.jsx,src/pages/community/CommunityDirectory.jsx,div,71,OK,7,role aria-label,h-16 flex items-center px-4 bg-theme-base border-b border-theme-border sticky top-0 z-30 gap-4
CommunityDirectory.jsx,src/pages/community/CommunityDirectory.jsx,button,72,OK,3,onClick aria-label,text-theme-text hover:text-orange-500 transition-colors
CommunityDirectory.jsx,src/pages/community/CommunityDirectory.jsx,ArrowLeft,73,OK,0,size,
CommunityDirectory.jsx,src/pages/community/CommunityDirectory.jsx,ConnectButton,75,FANTASMA_BUIT,0,,
CommunityDirectory.jsx,src/pages/community/CommunityDirectory.jsx,div,76,OK,5,,flex-1 border-l border-theme-border/50 pl-4
CommunityDirectory.jsx,src/pages/community/CommunityDirectory.jsx,h1,77,OK,1,,text-lg font-black text-theme-text uppercase tracking-widest m-0 leading-tight
CommunityDirectory.jsx,src/pages/community/CommunityDirectory.jsx,p,78,OK,1,,text-[10px] text-[var(--theme-accent-primary)] uppercase font-bold tracking-widest m-0 mt-0.5
CommunityDirectory.jsx,src/pages/community/CommunityDirectory.jsx,div,82,OK,3,,px-4 py-4 bg-theme-base border-b border-theme-border
CommunityDirectory.jsx,src/pages/community/CommunityDirectory.jsx,div,83,OK,5,,flex gap-2
CommunityDirectory.jsx,src/pages/community/CommunityDirectory.jsx,button,84,OK,5,onClick,[Dinàmic]
CommunityDirectory.jsx,src/pages/community/CommunityDirectory.jsx,Users,89,OK,0,size,
CommunityDirectory.jsx,src/pages/community/CommunityDirectory.jsx,button,92,OK,5,onClick,[Dinàmic]
CommunityDirectory.jsx,src/pages/community/CommunityDirectory.jsx,Building2,97,OK,0,size,
CommunityDirectory.jsx,src/pages/community/CommunityDirectory.jsx,div,103,OK,3,ref,flex-1 w-full pt-6
CommunityDirectory.jsx,src/pages/community/CommunityDirectory.jsx,UniversalGridWrapper,104,OK,3,viewMode,
CommunityDirectory.jsx,src/pages/community/CommunityDirectory.jsx,div,106,OK,5,,flex flex-col items-center justify-center p-12 opacity-50 bg-theme-panel/30 rounded-2xl border border-white/5 mx-auto max-w-sm mt-8
CommunityDirectory.jsx,src/pages/community/CommunityDirectory.jsx,Users,107,OK,0,size,mb-4 text-theme-text opacity-30
CommunityDirectory.jsx,src/pages/community/CommunityDirectory.jsx,p,108,OK,1,,font-sans text-xs font-bold tracking-[0.2em] uppercase text-center text-theme-text opacity-60
CommunityDirectory.jsx,src/pages/community/CommunityDirectory.jsx,UniversalGridRow,111,OK,3,viewMode columnCount,
CommunityDirectory.jsx,src/pages/community/CommunityDirectory.jsx,UniversalCard,113,A11Y_CLICK_SENSE_ROLE,0,key item title subtitle avatarSrc avatarName avatarRole excerpt viewMode variant onClick,
Map.jsx,src/pages/community/Map.jsx,div,45,OK,5,,flex flex-row items-center animate-bounce-slow hover:scale-110 transition-transform cursor-pointer relative -top-[40px] -left-[20px] pointer-events-auto w-max
Map.jsx,src/pages/community/Map.jsx,svg,46,OK,2,xmlns width height viewBox fill stroke strokeWidth strokeLinecap strokeLinejoin,[Dinàmic]
Map.jsx,src/pages/community/Map.jsx,path,46,OK,0,d,
Map.jsx,src/pages/community/Map.jsx,circle,46,OK,0,cx cy r fill,
Map.jsx,src/pages/community/Map.jsx,span,47,OK,1,,bg-theme-panel text-theme-text text-base lg:text-lg font-black tracking-wide px-4 py-2 rounded-[16px] shadow-[0_8px_32px_rgba(0;0;0;0.8)] ml-1 border-none whitespace-nowrap
Map.jsx,src/pages/community/Map.jsx,div,71,OK,3,,[Dinàmic]
Map.jsx,src/pages/community/Map.jsx,img,74,OK,0,src alt onError,w-full h-full rounded-[20px] object-cover bg-theme-base text-[10px]
Map.jsx,src/pages/community/Map.jsx,div,80,OK,3,,[Dinàmic]
Map.jsx,src/pages/community/Map.jsx,Icon,81,OK,0,,text-white w-3 h-3
Map.jsx,src/pages/community/Map.jsx,div,85,OK,3,,[Dinàmic]
Map.jsx,src/pages/community/Map.jsx,Icon,86,OK,0,,text-white w-5 h-5
Map.jsx,src/pages/community/Map.jsx,div,132,OK,9,,absolute bottom-6 right-6 flex flex-col gap-3 z-[10]
Map.jsx,src/pages/community/Map.jsx,div,135,OK,7,,flex flex-col gap-2 mb-2 bg-theme-panel rounded-[24px] p-2 shadow-[0_10px_40px_rgba(0;0;0;0.6)]
Map.jsx,src/pages/community/Map.jsx,button,136,OK,3,onClick title aria-label,flex items-center justify-center w-12 h-12 rounded-[18px] bg-theme-base text-theme-text hover:bg-gray-100 dark:hover:bg-gray-800 transition-transform active:scale-95
Map.jsx,src/pages/community/Map.jsx,Plus,142,OK,0,,w-8 h-8 font-black
Map.jsx,src/pages/community/Map.jsx,div,144,OK,0,,h-[1px] w-full bg-border-master opacity-30
Map.jsx,src/pages/community/Map.jsx,button,145,OK,3,onClick title aria-label,flex items-center justify-center w-12 h-12 rounded-[18px] bg-theme-base text-theme-text hover:bg-gray-100 dark:hover:bg-gray-800 transition-transform active:scale-95
Map.jsx,src/pages/community/Map.jsx,Minus,151,OK,0,,w-8 h-8 font-black
Map.jsx,src/pages/community/Map.jsx,button,156,OK,3,onClick title,[Dinàmic]
Map.jsx,src/pages/community/Map.jsx,Plus,161,OK,0,,w-7 h-7
Map.jsx,src/pages/community/Map.jsx,button,163,OK,3,onClick title,flex items-center justify-center w-14 h-14 bg-theme-panel text-theme-text/90 rounded-[24px] shadow-[0_10px_40px_rgba(0;0;0;0.6)] hover:brightness-110 transition-transform active:scale-95
Map.jsx,src/pages/community/Map.jsx,Navigation,168,OK,0,,w-6 h-6
Map.jsx,src/pages/community/Map.jsx,SystemPageLayout,277,OK,7,containerClassName header,map-page-container
Map.jsx,src/pages/community/Map.jsx,div,281,OK,3,,flex flex-col w-full
Map.jsx,src/pages/community/Map.jsx,ContextualHeader,282,OK,0,searchTerm onSearchChange viewMode onViewModeChange placeholder,
Map.jsx,src/pages/community/Map.jsx,div,293,OK,3,,map-content-area w-full max-w-[1600px] mx-auto p-0 md:p-8
Map.jsx,src/pages/community/Map.jsx,div,294,OK,17,,[Dinàmic]
Map.jsx,src/pages/community/Map.jsx,BlueprintOverlay,295,OK,0,label info color,
Map.jsx,src/pages/community/Map.jsx,div,298,OK,3,,absolute inset-0 z-0 map-container-custom
Map.jsx,src/pages/community/Map.jsx,APIProvider,300,OK,3,apiKey version libraries,
Map.jsx,src/pages/community/Map.jsx,GoogleMap,301,A11Y_CLICK_SENSE_ROLE,15,defaultCenter defaultZoom mapId disableDefaultUI gestureHandling onClick style,
Map.jsx,src/pages/community/Map.jsx,AdvancedMarker,313,A11Y_CLICK_SENSE_ROLE,1,position onClick,
Map.jsx,src/pages/community/Map.jsx,TownPin,313,OK,0,colorClass label,
Map.jsx,src/pages/community/Map.jsx,AdvancedMarker,314,A11Y_CLICK_SENSE_ROLE,1,position onClick,
Map.jsx,src/pages/community/Map.jsx,TownPin,314,OK,0,colorClass label,
Map.jsx,src/pages/community/Map.jsx,AdvancedMarker,315,A11Y_CLICK_SENSE_ROLE,1,position onClick,
Map.jsx,src/pages/community/Map.jsx,TownPin,315,OK,0,colorClass label,
Map.jsx,src/pages/community/Map.jsx,AdvancedMarker,316,A11Y_CLICK_SENSE_ROLE,1,position onClick,
Map.jsx,src/pages/community/Map.jsx,TownPin,316,OK,0,colorClass label,
Map.jsx,src/pages/community/Map.jsx,AdvancedMarker,317,A11Y_CLICK_SENSE_ROLE,1,position onClick,
Map.jsx,src/pages/community/Map.jsx,TownPin,317,OK,0,colorClass label,
Map.jsx,src/pages/community/Map.jsx,AdvancedMarker,318,A11Y_CLICK_SENSE_ROLE,1,position onClick,
Map.jsx,src/pages/community/Map.jsx,TownPin,318,OK,0,colorClass label,
Map.jsx,src/pages/community/Map.jsx,AdvancedMarker,319,A11Y_CLICK_SENSE_ROLE,1,position onClick,
Map.jsx,src/pages/community/Map.jsx,TownPin,319,OK,0,colorClass label,
Map.jsx,src/pages/community/Map.jsx,AdvancedMarker,320,A11Y_CLICK_SENSE_ROLE,1,position onClick,
Map.jsx,src/pages/community/Map.jsx,TownPin,320,OK,0,colorClass label,
Map.jsx,src/pages/community/Map.jsx,AdvancedMarker,321,A11Y_CLICK_SENSE_ROLE,1,position onClick,
Map.jsx,src/pages/community/Map.jsx,TownPin,321,OK,0,colorClass label,
Map.jsx,src/pages/community/Map.jsx,AdvancedMarker,335,A11Y_CLICK_SENSE_ROLE,3,key position onClick,
Map.jsx,src/pages/community/Map.jsx,PostPin,340,OK,0,imageUrl type category tags,
Map.jsx,src/pages/community/Map.jsx,InfoWindow,347,OK,3,position onCloseClick,
Map.jsx,src/pages/community/Map.jsx,div,351,A11Y_CLICK_SENSE_ROLE,5,onClick,text-center min-w-[140px] p-3 cursor-pointer bg-theme-panel rounded-[20px] transition-transform active:scale-95 shadow-xl border border-border-master
Map.jsx,src/pages/community/Map.jsx,h4,355,OK,3,,text-base font-black block text-theme-text line-clamp-2 leading-tight m-0 tracking-wide
Map.jsx,src/pages/community/Map.jsx,span,358,OK,2,,text-[11px] text-[#F97316] mt-2 block font-bold uppercase tracking-wider
Map.jsx,src/pages/community/Map.jsx,InteractiveControls,363,OK,0,isPlacingPost setIsPlacingPost isAccessible,
Map.jsx,src/pages/community/Map.jsx,div,367,OK,11,,w-full h-full flex flex-col items-center justify-center bg-theme-panel p-8 text-center decoration-none relative overflow-hidden
Map.jsx,src/pages/community/Map.jsx,div,368,OK,0,,absolute inset-0 bg-[radial-gradient(circle_at_center;rgba(249;115;22;0.05)_0%;transparent_70%)]
Map.jsx,src/pages/community/Map.jsx,MapIcon,369,OK,0,,w-16 h-16 mb-6 text-[#F97316] drop-shadow-[0_0_15px_rgba(249;115;22;0.5)] z-10
Map.jsx,src/pages/community/Map.jsx,h3,370,OK,1,,text-3xl font-black text-theme-text mb-3 tracking-tight z-10
Map.jsx,src/pages/community/Map.jsx,p,371,OK,3,,max-w-md text-theme-text/60 text-sm leading-relaxed mb-8 z-10 font-medium
Map.jsx,src/pages/community/Map.jsx,strong,372,OK,1,,text-theme-text
Map.jsx,src/pages/community/Map.jsx,div,374,OK,5,,bg-theme-base p-5 rounded-[24px] shadow-[0_10px_40px_rgba(0;0;0;0.8)] border border-border-master w-full max-w-sm z-10 group transition-all
Map.jsx,src/pages/community/Map.jsx,p,375,OK,1,,text-[11px] text-theme-text/50 font-mono text-left mb-2 uppercase font-bold tracking-widest
Map.jsx,src/pages/community/Map.jsx,code,376,OK,1,,block w-full text-left text-[#F97316] bg-theme-panel p-3 rounded-[16px] text-sm overflow-x-auto whitespace-nowrap shadow-inner font-mono font-medium
Map.jsx,src/pages/community/Map.jsx,div,385,CSS_EXCESSIU,1,,absolute top-6 left-1/2 transform -translate-x-1/2 bg-[#F97316] text-white font-black px-6 py-3 rounded-[20px] shadow-[0_10px_40px_rgba(249;115;22;0.4)] z-[20] animate-pulse tracking-wide text-sm whitespace-nowrap border-none
Map.jsx,src/pages/community/Map.jsx,div,391,OK,5,,absolute top-6 left-6 flex gap-2 overflow-x-auto max-w-[calc(100%-80px)] pr-6 no-scrollbar z-[10] p-1 items-center
Map.jsx,src/pages/community/Map.jsx,button,392,OK,3,onClick,flex-shrink-0 flex items-center justify-center w-10 h-10 bg-[#F97316] text-white rounded-full shadow-[0_4px_12px_rgba(249;115;22;0.4)] hover:scale-105 active:scale-95 transition-all
Map.jsx,src/pages/community/Map.jsx,Plus,396,OK,0,,w-5 h-5
Map.jsx,src/pages/community/Map.jsx,button,402,CSS_EXCESSIU,7,key onClick,flex items-center h-10 px-4 bg-white dark:bg-[#1C1C1E] rounded-full text-[14px] font-black tracking-wide text-gray-900 dark:text-gray-100 shadow-[0_4px_12px_rgba(0;0;0;0.1)] dark:shadow-[0_4px_12px_rgba(0;0;0;0.7)] border border-gray-200 dark:border-[#2C2C2E] hover:scale-105 active:scale-95 transition-all whitespace-nowrap group
Map.jsx,src/pages/community/Map.jsx,Icon,407,OK,0,,w-[18px] h-[18px] mr-2 text-[#F97316]
Map.jsx,src/pages/community/Map.jsx,X,409,OK,0,,w-4 h-4 ml-2 opacity-0 group-hover:opacity-100 text-red-500 transition-opacity
Map.jsx,src/pages/community/Map.jsx,div,417,OK,5,,fixed inset-0 z-[100] flex flex-col justify-end pointer-events-none p-4 md:p-8
Map.jsx,src/pages/community/Map.jsx,div,418,A11Y_CLICK_SENSE_ROLE,0,onClick,absolute inset-0 bg-black/40 backdrop-blur-sm pointer-events-auto
Map.jsx,src/pages/community/Map.jsx,div,419,OK,7,,relative bg-theme-panel w-full max-w-md mx-auto rounded-[32px] p-6 shadow-[0_20px_60px_rgba(0;0;0;0.6)] pointer-events-auto flex flex-col animate-slide-up-custom border border-border-master max-h-[80vh]
Map.jsx,src/pages/community/Map.jsx,div,420,OK,5,,flex justify-between items-center mb-6
Map.jsx,src/pages/community/Map.jsx,h3,421,OK,3,,text-xl font-black text-theme-text tracking-tight flex items-center gap-2
Map.jsx,src/pages/community/Map.jsx,Layers,422,OK,0,,w-6 h-6 text-[#F97316]
Map.jsx,src/pages/community/Map.jsx,button,425,OK,3,onClick,w-8 h-8 flex items-center justify-center rounded-full bg-theme-base text-theme-text hover:bg-black/10 dark:hover:bg-white/10 transition-colors
Map.jsx,src/pages/community/Map.jsx,X,426,OK,0,,w-5 h-5
Map.jsx,src/pages/community/Map.jsx,div,429,OK,5,,flex-1 overflow-y-auto custom-scrollbar pb-4 space-y-2 pr-2
Map.jsx,src/pages/community/Map.jsx,div,430,OK,5,,flex gap-2 mb-4
Map.jsx,src/pages/community/Map.jsx,button,431,OK,1,onClick,flex-1 bg-theme-base hover:bg-theme-base/80 text-theme-text text-[15px] font-black py-2.5 rounded-[12px] border border-border-master transition-colors
Map.jsx,src/pages/community/Map.jsx,button,437,OK,1,onClick,flex-1 bg-theme-base hover:bg-theme-base/80 text-theme-text text-[15px] font-black py-2.5 rounded-[12px] border border-border-master transition-colors
Map.jsx,src/pages/community/Map.jsx,button,448,OK,5,key onClick,[Dinàmic]
Map.jsx,src/pages/community/Map.jsx,div,457,OK,5,,flex items-center gap-3
Map.jsx,src/pages/community/Map.jsx,div,458,OK,3,,[Dinàmic]
Map.jsx,src/pages/community/Map.jsx,Icon,459,OK,0,,w-4 h-4
Map.jsx,src/pages/community/Map.jsx,span,461,OK,3,,[Dinàmic]
Map.jsx,src/pages/community/Map.jsx,div,465,OK,3,,[Dinàmic]
Map.jsx,src/pages/community/Map.jsx,Check,466,OK,0,,w-3 h-3 text-white
Map.jsx,src/pages/community/Map.jsx,div,472,OK,3,,pt-4 border-t border-border-master
Map.jsx,src/pages/community/Map.jsx,button,473,OK,1,onClick,w-full bg-[#F97316] text-white font-black rounded-[20px] py-3 shadow-[0_8px_24px_rgba(249;115;22;0.4)] active:scale-95 transition-transform uppercase tracking-wider text-sm
Map.jsx,src/pages/community/Map.jsx,div,487,OK,5,,unified-feed-container w-full max-w-[1600px] mx-auto mt-6 px-4 md:px-8 bg-transparent
Map.jsx,src/pages/community/Map.jsx,div,488,OK,5,,py-4 flex items-center justify-between mb-2
Map.jsx,src/pages/community/Map.jsx,h2,489,OK,3,,text-2xl font-black flex items-center gap-3 text-theme-text tracking-tight
Map.jsx,src/pages/community/Map.jsx,Activity,490,OK,0,size,text-[#F97316]
Map.jsx,src/pages/community/Map.jsx,span,493,OK,3,,px-4 py-1.5 bg-theme-panel rounded-[12px] text-xs font-black text-theme-muted tracking-wider uppercase border border-border-master shadow-sm
Map.jsx,src/pages/community/Map.jsx,div,499,OK,3,,flex justify-center p-12
Map.jsx,src/pages/community/Map.jsx,span,500,OK,1,,animate-pulse text-[#F97316] font-bold tracking-widest text-sm uppercase
Map.jsx,src/pages/community/Map.jsx,div,503,OK,3,,bg-transparent pb-24
Map.jsx,src/pages/community/Map.jsx,Feed,504,OK,0,hideHeader customPosts externalViewMode,
MasterCalendar.jsx,src/pages/community/MasterCalendar.jsx,SystemPageLayout,232,OK,5,containerClassName mainClassName header,calendar-master-page animate-in
MasterCalendar.jsx,src/pages/community/MasterCalendar.jsx,ContextualHeader,237,OK,0,searchTerm onSearchChange viewMode onViewModeChange placeholder,
MasterCalendar.jsx,src/pages/community/MasterCalendar.jsx,SEO,246,OK,0,title description image url,
MasterCalendar.jsx,src/pages/community/MasterCalendar.jsx,div,253,OK,9,,flex-1 flex flex-col w-full h-full min-h-0
MasterCalendar.jsx,src/pages/community/MasterCalendar.jsx,CalendarManagerModal,254,OK,0,isOpen onClose calendars selectedCalIds toggleCalendar hostCalId toggleHost token login logout internalCalendars selectedInternalCalIds toggleInternalCalendar,
MasterCalendar.jsx,src/pages/community/MasterCalendar.jsx,div,270,OK,3,,flex-1 min-h-[600px] relative w-full mb-8 pt-2 max-w-[1500px] mx-auto px-0 md:px-8
MasterCalendar.jsx,src/pages/community/MasterCalendar.jsx,FullCalendar,271,OK,0,ref locale plugins initialView views headerToolbar customButtons datesSet events editable droppable selectable selectMirror dayMaxEvents height contentHeight eventContent eventClick eventDrop,
MasterCalendar.jsx,src/pages/community/MasterCalendar.jsx,div,301,OK,5,role tabIndex aria-label,[Dinàmic]
MasterCalendar.jsx,src/pages/community/MasterCalendar.jsx,img,308,OK,0,src alt aria-hidden,w-4 h-4 rounded-full object-cover shrink-0
MasterCalendar.jsx,src/pages/community/MasterCalendar.jsx,span,310,OK,3,aria-hidden,emoji flex items-center justify-center shrink-0
MasterCalendar.jsx,src/pages/community/MasterCalendar.jsx,span,314,OK,1,,truncate
MasterCalendar.jsx,src/pages/community/MasterCalendar.jsx,div,330,OK,13,,unified-feed-container w-full max-w-[1600px] mx-auto mt-6 px-4 md:px-8 bg-transparent relative
MasterCalendar.jsx,src/pages/community/MasterCalendar.jsx,div,331,OK,5,,py-4 flex items-center justify-between mb-2
MasterCalendar.jsx,src/pages/community/MasterCalendar.jsx,h2,332,OK,3,,text-2xl font-black flex items-center gap-3 text-theme-text tracking-tight
MasterCalendar.jsx,src/pages/community/MasterCalendar.jsx,Activity,333,OK,0,size,text-[#F97316]
MasterCalendar.jsx,src/pages/community/MasterCalendar.jsx,span,336,OK,3,,px-4 py-1.5 bg-theme-panel rounded-[12px] text-xs font-black text-theme-muted tracking-wider uppercase border border-border-master shadow-sm
MasterCalendar.jsx,src/pages/community/MasterCalendar.jsx,div,342,OK,5,,flex gap-2 overflow-x-auto w-full no-scrollbar z-[10] pb-4 mb-2 items-center
MasterCalendar.jsx,src/pages/community/MasterCalendar.jsx,button,343,OK,3,onClick,flex-shrink-0 flex items-center justify-center w-10 h-10 bg-[#F97316] text-white rounded-full shadow-[0_4px_12px_rgba(249;115;22;0.4)] hover:scale-105 active:scale-95 transition-all
MasterCalendar.jsx,src/pages/community/MasterCalendar.jsx,Plus,347,OK,0,,w-5 h-5
MasterCalendar.jsx,src/pages/community/MasterCalendar.jsx,button,353,CSS_EXCESSIU,7,key onClick,flex items-center h-10 px-4 bg-white dark:bg-[#1C1C1E] rounded-full text-[14px] font-black tracking-wide text-gray-900 dark:text-gray-100 shadow-[0_4px_12px_rgba(0;0;0;0.1)] dark:shadow-[0_4px_12px_rgba(0;0;0;0.7)] border border-gray-200 dark:border-[#2C2C2E] hover:scale-105 active:scale-95 transition-all whitespace-nowrap group
MasterCalendar.jsx,src/pages/community/MasterCalendar.jsx,Icon,358,OK,0,,w-[18px] h-[18px] mr-2 text-[#F97316]
MasterCalendar.jsx,src/pages/community/MasterCalendar.jsx,X,360,OK,0,,w-4 h-4 ml-2 opacity-0 group-hover:opacity-100 text-red-500 transition-opacity
MasterCalendar.jsx,src/pages/community/MasterCalendar.jsx,div,368,OK,5,,fixed inset-0 z-[100] flex flex-col justify-end pointer-events-none p-4 md:p-8
MasterCalendar.jsx,src/pages/community/MasterCalendar.jsx,div,369,A11Y_CLICK_SENSE_ROLE,0,onClick,absolute inset-0 bg-black/40 backdrop-blur-sm pointer-events-auto
MasterCalendar.jsx,src/pages/community/MasterCalendar.jsx,div,370,OK,7,,relative bg-theme-panel w-full max-w-md mx-auto rounded-[32px] p-6 shadow-[0_20px_60px_rgba(0;0;0;0.6)] pointer-events-auto flex flex-col animate-slide-up-custom border border-border-master max-h-[80vh]
MasterCalendar.jsx,src/pages/community/MasterCalendar.jsx,div,371,OK,5,,flex justify-between items-center mb-6
MasterCalendar.jsx,src/pages/community/MasterCalendar.jsx,h3,372,OK,3,,text-xl font-black text-theme-text tracking-tight flex items-center gap-2
MasterCalendar.jsx,src/pages/community/MasterCalendar.jsx,Layers,373,OK,0,,w-6 h-6 text-[#F97316]
MasterCalendar.jsx,src/pages/community/MasterCalendar.jsx,button,376,OK,3,onClick,w-8 h-8 flex items-center justify-center rounded-full bg-theme-base text-theme-text hover:bg-black/10 dark:hover:bg-white/10 transition-colors
MasterCalendar.jsx,src/pages/community/MasterCalendar.jsx,X,377,OK,0,,w-5 h-5
MasterCalendar.jsx,src/pages/community/MasterCalendar.jsx,div,380,OK,5,,flex-1 overflow-y-auto custom-scrollbar pb-4 space-y-2 pr-2
MasterCalendar.jsx,src/pages/community/MasterCalendar.jsx,div,381,OK,5,,flex gap-2 mb-4
MasterCalendar.jsx,src/pages/community/MasterCalendar.jsx,button,382,OK,1,onClick,flex-1 bg-theme-base hover:bg-theme-base/80 text-theme-text text-[15px] font-black py-2.5 rounded-[12px] border border-border-master transition-colors
MasterCalendar.jsx,src/pages/community/MasterCalendar.jsx,button,388,OK,1,onClick,flex-1 bg-theme-base hover:bg-theme-base/80 text-theme-text text-[15px] font-black py-2.5 rounded-[12px] border border-border-master transition-colors
MasterCalendar.jsx,src/pages/community/MasterCalendar.jsx,button,399,OK,5,key onClick,[Dinàmic]
MasterCalendar.jsx,src/pages/community/MasterCalendar.jsx,div,408,OK,5,,flex items-center gap-3
MasterCalendar.jsx,src/pages/community/MasterCalendar.jsx,div,409,OK,3,,[Dinàmic]
MasterCalendar.jsx,src/pages/community/MasterCalendar.jsx,Icon,410,OK,0,,w-4 h-4
MasterCalendar.jsx,src/pages/community/MasterCalendar.jsx,span,412,OK,3,,[Dinàmic]
MasterCalendar.jsx,src/pages/community/MasterCalendar.jsx,div,416,OK,3,,[Dinàmic]
MasterCalendar.jsx,src/pages/community/MasterCalendar.jsx,Check,417,OK,0,,w-3 h-3 text-white
MasterCalendar.jsx,src/pages/community/MasterCalendar.jsx,div,423,OK,3,,pt-4 border-t border-border-master
MasterCalendar.jsx,src/pages/community/MasterCalendar.jsx,button,424,OK,1,onClick,w-full bg-[#F97316] text-white font-black rounded-[20px] py-3 shadow-[0_8px_24px_rgba(249;115;22;0.4)] active:scale-95 transition-transform uppercase tracking-wider text-sm
MasterCalendar.jsx,src/pages/community/MasterCalendar.jsx,div,436,OK,3,,flex justify-center p-12
MasterCalendar.jsx,src/pages/community/MasterCalendar.jsx,span,437,OK,1,,animate-pulse text-[#F97316] font-bold tracking-widest text-sm uppercase
MasterCalendar.jsx,src/pages/community/MasterCalendar.jsx,div,440,OK,3,,bg-transparent pb-24
MasterCalendar.jsx,src/pages/community/MasterCalendar.jsx,Feed,441,OK,0,hideHeader customPosts externalViewMode,
MasterCalendar.jsx,src/pages/community/MasterCalendar.jsx,GlobalErrorBoundary,456,OK,3,,
MasterCalendar.jsx,src/pages/community/MasterCalendar.jsx,GoogleOAuthProvider,457,OK,3,clientId,
MasterCalendar.jsx,src/pages/community/MasterCalendar.jsx,MasterCalendarContent,458,FANTASMA_BUIT,0,,
ProfileView.jsx,src/pages/community/ProfileView.jsx,div,429,OK,5,,[Dinàmic]
ProfileView.jsx,src/pages/community/ProfileView.jsx,Loader2,430,OK,0,size,animate-spin text-orange-500 mb-4
ProfileView.jsx,src/pages/community/ProfileView.jsx,span,431,OK,1,,font-black uppercase tracking-[0.3em] text-[10px]
ProfileView.jsx,src/pages/community/ProfileView.jsx,div,436,OK,9,,[Dinàmic]
ProfileView.jsx,src/pages/community/ProfileView.jsx,AlertCircle,437,OK,0,size,text-red-500 mb-6
ProfileView.jsx,src/pages/community/ProfileView.jsx,h2,438,OK,1,,font-black text-2xl lg:text-3xl mb-4 text-center
ProfileView.jsx,src/pages/community/ProfileView.jsx,div,439,OK,1,,[Dinàmic]
ProfileView.jsx,src/pages/community/ProfileView.jsx,p,439,OK,1,,
ProfileView.jsx,src/pages/community/ProfileView.jsx,button,440,OK,1,onClick,[Dinàmic]
ProfileView.jsx,src/pages/community/ProfileView.jsx,div,479,OK,15,,flex flex-col w-full h-screen bg-theme-base overflow-hidden
ProfileView.jsx,src/pages/community/ProfileView.jsx,SEO,480,OK,0,title description image type,
ProfileView.jsx,src/pages/community/ProfileView.jsx,div,487,OK,3,ref onScroll,flex-1 w-full relative z-10 p-0 m-0 overflow-y-auto
ProfileView.jsx,src/pages/community/ProfileView.jsx,EntityProfile,489,OK,0,entity isOwner onSettingsClick,
ProfileView.jsx,src/pages/community/ProfileView.jsx,ChatDetail,498,OK,0,isOverlay overlayChatId overlayContact onClose themeColor,
ProfileView.jsx,src/pages/community/ProfileView.jsx,button,510,CSS_EXCESSIU,3,onClick title,fixed bottom-24 right-6 md:bottom-10 md:right-10 w-12 h-12 md:w-14 md:h-14 bg-[var(--theme-accent-primary)] hover:bg-[var(--theme-accent-primary-hover)] text-white rounded-full flex items-center justify-center shadow-[0_10px_30px_rgba(255;107;0;0.5)] transition-all animate-in fade-in zoom-in z-overlay
ProfileView.jsx,src/pages/community/ProfileView.jsx,ArrowUp,515,OK,0,size strokeWidth,
ProfileView.jsx,src/pages/community/ProfileView.jsx,ProfileStudioModal,518,OK,0,isOpen onClose profile isUploading uploadType onFileSelect onReposition onCaptureComplete,
ProfileView.jsx,src/pages/community/ProfileView.jsx,ProfileSettingsModal,532,OK,0,isOpen onClose profile onProfileUpdate,
Towns.jsx,src/pages/community/Towns.jsx,div,55,ESTILS_MESCLATS,3,style,flex items-center justify-center w-full h-full
Towns.jsx,src/pages/community/Towns.jsx,MapIcon,63,OK,0,size style,
Towns.jsx,src/pages/community/Towns.jsx,img,72,ESTILS_MESCLATS,0,src alt style onError,town-logo-img
Towns.jsx,src/pages/community/Towns.jsx,div,209,OK,3,,towns-container
Towns.jsx,src/pages/community/Towns.jsx,StatusLoader,210,OK,0,type message,
Towns.jsx,src/pages/community/Towns.jsx,div,217,OK,3,,towns-container
Towns.jsx,src/pages/community/Towns.jsx,StatusLoader,218,OK,0,type,
Towns.jsx,src/pages/community/Towns.jsx,div,224,OK,15,,flex-1 flex flex-col w-full min-h-0 towns-page-container
Towns.jsx,src/pages/community/Towns.jsx,SEO,225,OK,0,title description image structuredData,
Towns.jsx,src/pages/community/Towns.jsx,h1,248,OK,3,,sr-only
Towns.jsx,src/pages/community/Towns.jsx,div,254,OK,3,,flex-none w-full z-50 shadow-md bg-theme-base
Towns.jsx,src/pages/community/Towns.jsx,ContextualHeader,255,OK,0,ref searchTerm onSearchChange viewMode onViewModeChange placeholder,
Towns.jsx,src/pages/community/Towns.jsx,div,273,OK,5,,flex-none w-full bg-[#FF6D23]/10 dark:bg-[#FF6D23]/15 border-b border-[#FF6D23]/20 px-3 py-2 flex items-center justify-between gap-3 shadow-inner z-40
Towns.jsx,src/pages/community/Towns.jsx,div,274,OK,5,,flex items-center gap-2 flex-1 min-w-0 md:max-w-4xl mx-auto
Towns.jsx,src/pages/community/Towns.jsx,Info,275,OK,0,size,text-[#FF6D23] flex-shrink-0
Towns.jsx,src/pages/community/Towns.jsx,p,276,OK,9,,text-[11px] sm:text-xs text-gray-800 dark:text-gray-200 leading-tight md:whitespace-normal mb-0
Towns.jsx,src/pages/community/Towns.jsx,span,277,OK,1,,font-black mr-1 hidden sm:inline
Towns.jsx,src/pages/community/Towns.jsx,a,278,OK,1,href target rel,text-[#FF6D23] hover:underline font-bold
Towns.jsx,src/pages/community/Towns.jsx,a,278,OK,1,href target rel,text-[#FF6D23] hover:underline font-bold
Towns.jsx,src/pages/community/Towns.jsx,a,278,OK,1,href target rel,underline
Towns.jsx,src/pages/community/Towns.jsx,button,281,OK,3,onClick aria-label title,flex-shrink-0 text-gray-500 hover:text-[#FF6D23] transition-colors bg-white/50 dark:bg-black/20 rounded-lg p-1 animate-pulse hover:animate-none border border-black/5 dark:border-white/5
Towns.jsx,src/pages/community/Towns.jsx,X,287,OK,0,size strokeWidth,
Towns.jsx,src/pages/community/Towns.jsx,div,292,OK,7,ref,flex-1 overflow-y-scroll custom-scrollbar towns-content-area
Towns.jsx,src/pages/community/Towns.jsx,UniversalGridWrapper,294,OK,3,viewMode,
Towns.jsx,src/pages/community/Towns.jsx,UniversalGridRow,295,OK,3,viewMode columnCount,pb-8
Towns.jsx,src/pages/community/Towns.jsx,TownLocalEnricher,312,OK,3,key town winningProposal,
Towns.jsx,src/pages/community/Towns.jsx,UniversalCard,314,OK,3,item subtitle avatarSrc avatarName excerpt image mode isBating viewMode onNavigate,[Dinàmic]
Towns.jsx,src/pages/community/Towns.jsx,div,335,OK,3,,mt-3 mb-1 w-full flex justify-center
Towns.jsx,src/pages/community/Towns.jsx,a,336,OK,1,href target rel onClick,text-[14px] md:text-[15px] font-black text-[var(--theme-accent-primary)] hover:underline transition-opacity text-center
Towns.jsx,src/pages/community/Towns.jsx,div,353,OK,5,,col-span-full py-20 text-center opacity-50 font-black uppercase tracking-widest
Towns.jsx,src/pages/community/Towns.jsx,p,354,OK,1,,
Towns.jsx,src/pages/community/Towns.jsx,button,355,OK,1,onClick,mt-4 px-6 py-2 border border-white/20 hover:bg-white/10 transition-colors
Towns.jsx,src/pages/community/Towns.jsx,div,368,OK,5,,events-container
Towns.jsx,src/pages/community/Towns.jsx,div,369,OK,7,,calendar-widget-wrapper mb-6 bg-theme-panel p-4 md:p-6 rounded-[28px] border border-white/5 shadow-sm
Towns.jsx,src/pages/community/Towns.jsx,div,370,OK,7,,flex items-center justify-between mb-6 px-2
Towns.jsx,src/pages/community/Towns.jsx,button,371,OK,1,,p-3 hover:bg-gray-100 dark:hover:bg-white/5 rounded-full transition-colors
Towns.jsx,src/pages/community/Towns.jsx,ChevronLeft,371,OK,0,size,
Towns.jsx,src/pages/community/Towns.jsx,span,372,OK,1,,font-black tracking-widest text-[16px] md:text-[18px]
Towns.jsx,src/pages/community/Towns.jsx,button,373,OK,1,,p-3 hover:bg-gray-100 dark:hover:bg-white/5 rounded-full transition-colors
Towns.jsx,src/pages/community/Towns.jsx,ChevronRight,373,OK,0,size,
Towns.jsx,src/pages/community/Towns.jsx,div,376,OK,3,,grid grid-cols-7 gap-1 md:gap-2 text-center mb-3
Towns.jsx,src/pages/community/Towns.jsx,div,378,OK,1,key,text-[12px] md:text-[14px] font-black opacity-50 mb-2
Towns.jsx,src/pages/community/Towns.jsx,div,382,OK,9,,grid grid-cols-7 gap-1 md:gap-2 text-center
Towns.jsx,src/pages/community/Towns.jsx,div,384,OK,0,key,p-2 md:p-3
Towns.jsx,src/pages/community/Towns.jsx,button,393,OK,5,key,[Dinàmic]
Towns.jsx,src/pages/community/Towns.jsx,div,401,OK,0,,absolute bottom-1 w-1.5 h-1.5 rounded-full bg-[var(--theme-accent-primary)]
Towns.jsx,src/pages/community/Towns.jsx,div,409,OK,5,,empty-state-full py-10 text-center opacity-50
Towns.jsx,src/pages/community/Towns.jsx,h3,410,OK,1,,
Towns.jsx,src/pages/community/Towns.jsx,p,411,OK,1,,
Towns.jsx,src/pages/community/Towns.jsx,UniversalGridWrapper,414,OK,3,viewMode,pt-6
Towns.jsx,src/pages/community/Towns.jsx,UniversalGridRow,415,OK,3,viewMode columnCount,pb-8
Towns.jsx,src/pages/community/Towns.jsx,UniversalCard,417,OK,5,key item title subtitle avatarSrc avatarName image mode viewMode,event-card animate-in-up w-full
Towns.jsx,src/pages/community/Towns.jsx,div,432,ESTILS_MESCLATS,3,style,event-description text-sm opacity-90
Towns.jsx,src/pages/community/Towns.jsx,div,438,OK,3,,event-tags flex gap-2 flex-wrap mt-2
Towns.jsx,src/pages/community/Towns.jsx,span,440,ESTILS_MESCLATS,3,key style,tag-pill
Towns.jsx,src/pages/community/Towns.jsx,div,464,OK,5,,rhizome-essences animate-in
Towns.jsx,src/pages/community/Towns.jsx,section,465,OK,5,,essence-hero py-6 text-center border-b border-white/10 mb-8
Towns.jsx,src/pages/community/Towns.jsx,h2,466,OK,1,,text-2xl font-black text-primary
Towns.jsx,src/pages/community/Towns.jsx,p,469,OK,1,,opacity-70 text-sm
Towns.jsx,src/pages/community/Towns.jsx,UniversalGridWrapper,474,OK,3,viewMode,
Towns.jsx,src/pages/community/Towns.jsx,UniversalGridRow,475,OK,9,viewMode columnCount,pb-6
Towns.jsx,src/pages/community/Towns.jsx,UniversalCard,477,OK,5,title subtitle headerTheme image footer,essence-card w-full
Towns.jsx,src/pages/community/Towns.jsx,div,484,OK,5,,px-4 py-3 flex justify-between items-center bg-black/20
Towns.jsx,src/pages/community/Towns.jsx,span,485,OK,1,,text-xs font-bold text-success
Towns.jsx,src/pages/community/Towns.jsx,button,488,OK,1,onClick,text-xs font-black text-primary
Towns.jsx,src/pages/community/Towns.jsx,p,500,OK,7,,text-sm opacity-90 py-2
Towns.jsx,src/pages/community/Towns.jsx,strong,502,OK,1,,
Towns.jsx,src/pages/community/Towns.jsx,em,503,OK,1,,
Towns.jsx,src/pages/community/Towns.jsx,em,504,OK,1,,
Towns.jsx,src/pages/community/Towns.jsx,div,506,OK,5,,specs-box mt-2 p-3 bg-white/5 border border-white/10 rounded flex justify-between
Towns.jsx,src/pages/community/Towns.jsx,div,507,OK,3,,spec text-xs
Towns.jsx,src/pages/community/Towns.jsx,strong,508,OK,1,,
Towns.jsx,src/pages/community/Towns.jsx,div,510,OK,3,,spec text-xs
Towns.jsx,src/pages/community/Towns.jsx,strong,511,OK,1,,
Towns.jsx,src/pages/community/Towns.jsx,UniversalCard,517,OK,5,title subtitle headerTheme image footer,essence-card w-full
Towns.jsx,src/pages/community/Towns.jsx,div,524,OK,5,,px-4 py-3 flex justify-between items-center bg-black/20
Towns.jsx,src/pages/community/Towns.jsx,span,525,OK,1,,text-xs font-bold
Towns.jsx,src/pages/community/Towns.jsx,button,528,OK,1,onClick,text-xs font-black text-primary
Towns.jsx,src/pages/community/Towns.jsx,p,540,OK,1,,text-sm opacity-90 py-2
Towns.jsx,src/pages/community/Towns.jsx,div,543,OK,3,,stops-list flex flex-wrap gap-2 mt-2
Towns.jsx,src/pages/community/Towns.jsx,span,546,OK,3,key,px-2 py-1 bg-white/5 text-[10px] rounded border border-white/10
UsersDirectory.jsx,src/pages/community/UsersDirectory.jsx,StatusLoader,66,OK,0,type,
UsersDirectory.jsx,src/pages/community/UsersDirectory.jsx,div,69,OK,11,,directory-page bg-theme-base min-h-screen pb-20
UsersDirectory.jsx,src/pages/community/UsersDirectory.jsx,SEO,70,OK,0,title description url,
UsersDirectory.jsx,src/pages/community/UsersDirectory.jsx,div,76,OK,5,role aria-label,h-16 flex items-center px-4 bg-theme-base border-b border-[var(--border-master)] sticky top-0 z-30
UsersDirectory.jsx,src/pages/community/UsersDirectory.jsx,button,77,OK,3,onClick,text-[var(--theme-text)] mr-4 hover:text-[var(--theme-accent-primary)] transition-colors
UsersDirectory.jsx,src/pages/community/UsersDirectory.jsx,ArrowLeft,78,OK,0,size,
UsersDirectory.jsx,src/pages/community/UsersDirectory.jsx,div,80,OK,5,,flex-1
UsersDirectory.jsx,src/pages/community/UsersDirectory.jsx,h1,81,OK,1,,text-lg font-black text-[var(--theme-accent-primary)] uppercase tracking-widest m-0
UsersDirectory.jsx,src/pages/community/UsersDirectory.jsx,p,82,OK,1,,text-[10px] text-theme-muted uppercase font-bold tracking-tighter m-0
UsersDirectory.jsx,src/pages/community/UsersDirectory.jsx,div,86,OK,3,,px-4 py-4 bg-theme-base border-b border-theme-border
UsersDirectory.jsx,src/pages/community/UsersDirectory.jsx,div,87,OK,5,,flex items-center gap-2 p-3 bg-surface-var border border-theme-border/50 rounded-2xl
UsersDirectory.jsx,src/pages/community/UsersDirectory.jsx,Users,88,OK,0,size,text-[var(--theme-accent-primary)]
UsersDirectory.jsx,src/pages/community/UsersDirectory.jsx,span,89,OK,5,,font-bold text-xs uppercase tracking-widest text-[var(--theme-text)]
UsersDirectory.jsx,src/pages/community/UsersDirectory.jsx,div,95,OK,3,ref,flex-1 w-full pt-6
UsersDirectory.jsx,src/pages/community/UsersDirectory.jsx,UniversalGridWrapper,96,OK,3,viewMode,
UsersDirectory.jsx,src/pages/community/UsersDirectory.jsx,div,98,OK,5,,flex flex-col items-center justify-center p-12 opacity-50 bg-theme-panel/30 rounded-2xl border border-white/5 mx-auto max-w-sm mt-8
UsersDirectory.jsx,src/pages/community/UsersDirectory.jsx,Users,99,OK,0,size,mb-4 text-theme-text opacity-30
UsersDirectory.jsx,src/pages/community/UsersDirectory.jsx,p,100,OK,1,,font-sans text-xs font-bold tracking-[0.2em] uppercase text-center text-theme-text opacity-60
UsersDirectory.jsx,src/pages/community/UsersDirectory.jsx,UniversalGridRow,103,OK,3,viewMode columnCount,
UsersDirectory.jsx,src/pages/community/UsersDirectory.jsx,UniversalCard,105,A11Y_CLICK_SENSE_ROLE,0,key item title subtitle avatarSrc avatarName avatarRole excerpt viewMode variant onClick,
Archive.jsx,src/pages/features/Archive.jsx,Library,27,OK,0,size,
Archive.jsx,src/pages/features/Archive.jsx,History,28,OK,0,size,
Archive.jsx,src/pages/features/Archive.jsx,Landmark,29,OK,0,size,
Archive.jsx,src/pages/features/Archive.jsx,Zap,30,OK,0,size,
Archive.jsx,src/pages/features/Archive.jsx,Store,31,OK,0,size,
Archive.jsx,src/pages/features/Archive.jsx,Sparkles,32,OK,0,size,
Archive.jsx,src/pages/features/Archive.jsx,FileText,65,OK,0,size,
Archive.jsx,src/pages/features/Archive.jsx,History,77,OK,0,size,
Archive.jsx,src/pages/features/Archive.jsx,Store,89,OK,0,size,
Archive.jsx,src/pages/features/Archive.jsx,Box,101,OK,0,size,
Archive.jsx,src/pages/features/Archive.jsx,StatusLoader,132,OK,0,message,
Archive.jsx,src/pages/features/Archive.jsx,div,135,OK,9,,[Dinàmic]
Archive.jsx,src/pages/features/Archive.jsx,aside,137,OK,7,,w-full md:w-72 bg-black border-r border-gray-900 flex flex-col sticky top-0 md:h-screen overflow-y-auto
Archive.jsx,src/pages/features/Archive.jsx,div,138,OK,7,role aria-label,p-6 border-b border-gray-900
Archive.jsx,src/pages/features/Archive.jsx,div,139,OK,5,,flex items-center gap-4 mb-4
Archive.jsx,src/pages/features/Archive.jsx,button,140,OK,3,onClick aria-label,text-gray-400 hover:text-[var(--theme-accent-primary)] transition-colors
Archive.jsx,src/pages/features/Archive.jsx,ArrowLeft,141,OK,0,size,
Archive.jsx,src/pages/features/Archive.jsx,ConnectButton,143,FANTASMA_BUIT,0,,
Archive.jsx,src/pages/features/Archive.jsx,h1,145,OK,1,,text-xl font-black uppercase tracking-tighter mb-2
Archive.jsx,src/pages/features/Archive.jsx,div,146,OK,3,,text-[10px] text-gray-500 uppercase font-bold tracking-widest flex items-center gap-2
Archive.jsx,src/pages/features/Archive.jsx,ShieldCheck,147,OK,0,size,text-green-500
Archive.jsx,src/pages/features/Archive.jsx,div,152,OK,5,,flex-1 p-4 space-y-6
Archive.jsx,src/pages/features/Archive.jsx,div,153,OK,5,,
Archive.jsx,src/pages/features/Archive.jsx,h3,154,OK,1,,text-[10px] text-gray-500 uppercase font-black tracking-widest mb-4 px-2
Archive.jsx,src/pages/features/Archive.jsx,nav,155,OK,3,,space-y-1
Archive.jsx,src/pages/features/Archive.jsx,button,157,OK,5,key onClick,[Dinàmic]
Archive.jsx,src/pages/features/Archive.jsx,div,169,OK,5,,flex items-center gap-3
Archive.jsx,src/pages/features/Archive.jsx,span,170,OK,3,style,[Dinàmic]
Archive.jsx,src/pages/features/Archive.jsx,span,173,OK,1,,text-xs font-bold uppercase tracking-tight
Archive.jsx,src/pages/features/Archive.jsx,span,175,OK,3,,[Dinàmic]
Archive.jsx,src/pages/features/Archive.jsx,div,183,OK,5,,
Archive.jsx,src/pages/features/Archive.jsx,h3,184,OK,1,,text-[10px] text-gray-500 uppercase font-black tracking-widest mb-4 px-2
Archive.jsx,src/pages/features/Archive.jsx,div,185,OK,3,,flex flex-wrap gap-2 px-2
Archive.jsx,src/pages/features/Archive.jsx,button,187,OK,3,key,text-[10px] font-black uppercase bg-gray-900 text-gray-400 border border-gray-800 px-2 py-1 hover:text-white hover:border-gray-600 transition-all
Archive.jsx,src/pages/features/Archive.jsx,footer,195,OK,3,,p-6 border-t border-gray-900 bg-black/50 backdrop-blur
Archive.jsx,src/pages/features/Archive.jsx,div,196,OK,5,,flex items-center gap-3 text-gray-500
Archive.jsx,src/pages/features/Archive.jsx,Database,197,OK,0,size,
Archive.jsx,src/pages/features/Archive.jsx,div,198,OK,5,,text-[10px] font-bold uppercase leading-none
Archive.jsx,src/pages/features/Archive.jsx,br,199,FANTASMA_BUIT,0,,
Archive.jsx,src/pages/features/Archive.jsx,span,200,OK,1,,text-gray-700
Archive.jsx,src/pages/features/Archive.jsx,div,207,OK,5,role aria-label,flex-1 flex flex-col bg-black
Archive.jsx,src/pages/features/Archive.jsx,div,208,OK,5,role aria-label,h-20 flex items-center justify-between px-6 border-b border-gray-900 bg-black/80 backdrop-blur sticky top-0 z-30
Archive.jsx,src/pages/features/Archive.jsx,div,209,OK,5,,flex-1 max-w-2xl relative
Archive.jsx,src/pages/features/Archive.jsx,Search,210,OK,0,size,absolute left-4 top-1/2 -translate-y-1/2 text-gray-500
Archive.jsx,src/pages/features/Archive.jsx,input,211,OK,0,type placeholder value onChange,w-full bg-gray-900 border-none text-white text-sm font-bold pl-12 pr-4 py-3 focus:ring-1 focus:ring-white transition-all rounded-none
Archive.jsx,src/pages/features/Archive.jsx,div,220,OK,7,,flex items-center gap-2 ml-4
Archive.jsx,src/pages/features/Archive.jsx,button,221,OK,3,onClick,[Dinàmic]
Archive.jsx,src/pages/features/Archive.jsx,LayoutGrid,225,OK,0,size,
Archive.jsx,src/pages/features/Archive.jsx,button,227,OK,3,onClick,[Dinàmic]
Archive.jsx,src/pages/features/Archive.jsx,List,231,OK,0,size,
Archive.jsx,src/pages/features/Archive.jsx,button,233,CSS_EXCESSIU,3,,ml-4 bg-white text-black px-4 py-2.5 text-[10px] font-black uppercase tracking-widest flex items-center gap-2 border border-white hover:bg-transparent hover:text-white transition-all
Archive.jsx,src/pages/features/Archive.jsx,Plus,234,OK,0,size,
Archive.jsx,src/pages/features/Archive.jsx,div,240,OK,3,ref,flex-1 overflow-y-auto
Archive.jsx,src/pages/features/Archive.jsx,UniversalGridWrapper,241,OK,3,viewMode,
Archive.jsx,src/pages/features/Archive.jsx,UniversalGridRow,242,OK,3,viewMode columnCount,pt-6
Archive.jsx,src/pages/features/Archive.jsx,div,245,OK,3,key,flex-isolated w-full h-full min-w-0 min-h-0
Archive.jsx,src/pages/features/Archive.jsx,UniversalCard,246,OK,0,item viewMode variant title subtitle image excerpt onNavigate,
Archive.jsx,src/pages/features/Archive.jsx,div,259,OK,5,,col-span-full h-96 flex flex-col items-center justify-center text-gray-700 bg-gray-900/20 border-2 border-dashed border-gray-900
Archive.jsx,src/pages/features/Archive.jsx,Box,260,OK,0,size strokeWidth,mb-4 opacity-20
Archive.jsx,src/pages/features/Archive.jsx,p,261,OK,1,,text-xs font-black uppercase tracking-widest opacity-40
BuscadorAjudes.jsx,src/pages/features/BuscadorAjudes.jsx,div,99,OK,25,,subsidies-page animate-in
BuscadorAjudes.jsx,src/pages/features/BuscadorAjudes.jsx,div,101,OK,7,role aria-label,sub-header glass-premium
BuscadorAjudes.jsx,src/pages/features/BuscadorAjudes.jsx,button,102,OK,3,onClick,btn-back
BuscadorAjudes.jsx,src/pages/features/BuscadorAjudes.jsx,ArrowLeft,103,OK,0,size,
BuscadorAjudes.jsx,src/pages/features/BuscadorAjudes.jsx,div,105,OK,5,,title-group
BuscadorAjudes.jsx,src/pages/features/BuscadorAjudes.jsx,h1,106,OK,1,,
BuscadorAjudes.jsx,src/pages/features/BuscadorAjudes.jsx,p,107,OK,1,,
BuscadorAjudes.jsx,src/pages/features/BuscadorAjudes.jsx,div,109,OK,5,,badge-identity
BuscadorAjudes.jsx,src/pages/features/BuscadorAjudes.jsx,Shield,110,OK,0,size,
BuscadorAjudes.jsx,src/pages/features/BuscadorAjudes.jsx,span,110,WRAPPER_INUTIL,1,,
BuscadorAjudes.jsx,src/pages/features/BuscadorAjudes.jsx,div,115,OK,5,,search-controls glass-premium
BuscadorAjudes.jsx,src/pages/features/BuscadorAjudes.jsx,div,116,OK,5,,search-input-wrapper
BuscadorAjudes.jsx,src/pages/features/BuscadorAjudes.jsx,Search,117,OK,0,size,search-icon
BuscadorAjudes.jsx,src/pages/features/BuscadorAjudes.jsx,input,118,OK,0,type placeholder value onChange,
BuscadorAjudes.jsx,src/pages/features/BuscadorAjudes.jsx,div,125,OK,5,,filter-group
BuscadorAjudes.jsx,src/pages/features/BuscadorAjudes.jsx,Filter,126,OK,0,size,
BuscadorAjudes.jsx,src/pages/features/BuscadorAjudes.jsx,select,127,OK,3,value onChange,
BuscadorAjudes.jsx,src/pages/features/BuscadorAjudes.jsx,option,129,OK,1,key value,
BuscadorAjudes.jsx,src/pages/features/BuscadorAjudes.jsx,section,136,OK,5,,prompts-library-section glass-premium animate-in
BuscadorAjudes.jsx,src/pages/features/BuscadorAjudes.jsx,div,137,OK,5,role aria-label,section-header
BuscadorAjudes.jsx,src/pages/features/BuscadorAjudes.jsx,div,138,OK,5,,title-area
BuscadorAjudes.jsx,src/pages/features/BuscadorAjudes.jsx,Sparkles,139,OK,0,size,text-accent
BuscadorAjudes.jsx,src/pages/features/BuscadorAjudes.jsx,h3,140,OK,1,,
BuscadorAjudes.jsx,src/pages/features/BuscadorAjudes.jsx,button,142,OK,3,onClick,btn-notes-link
BuscadorAjudes.jsx,src/pages/features/BuscadorAjudes.jsx,FileText,143,OK,0,size,
BuscadorAjudes.jsx,src/pages/features/BuscadorAjudes.jsx,div,146,OK,5,,prompts-scroll
BuscadorAjudes.jsx,src/pages/features/BuscadorAjudes.jsx,div,147,A11Y_CLICK_SENSE_ROLE,7,onClick,prompt-card mini-bento
BuscadorAjudes.jsx,src/pages/features/BuscadorAjudes.jsx,div,148,OK,5,,prompt-header
BuscadorAjudes.jsx,src/pages/features/BuscadorAjudes.jsx,span,149,OK,1,,platform-tag
BuscadorAjudes.jsx,src/pages/features/BuscadorAjudes.jsx,span,150,OK,1,,category-tag
BuscadorAjudes.jsx,src/pages/features/BuscadorAjudes.jsx,h4,152,OK,1,,
BuscadorAjudes.jsx,src/pages/features/BuscadorAjudes.jsx,p,153,OK,1,,prompt-preview
BuscadorAjudes.jsx,src/pages/features/BuscadorAjudes.jsx,div,155,OK,7,,prompt-card mini-bento disabled
BuscadorAjudes.jsx,src/pages/features/BuscadorAjudes.jsx,div,156,OK,5,,prompt-header
BuscadorAjudes.jsx,src/pages/features/BuscadorAjudes.jsx,span,157,OK,1,,platform-tag
BuscadorAjudes.jsx,src/pages/features/BuscadorAjudes.jsx,span,158,OK,1,,category-tag
BuscadorAjudes.jsx,src/pages/features/BuscadorAjudes.jsx,h4,160,OK,1,,
BuscadorAjudes.jsx,src/pages/features/BuscadorAjudes.jsx,p,161,OK,1,,prompt-preview
BuscadorAjudes.jsx,src/pages/features/BuscadorAjudes.jsx,div,167,OK,3,role aria-label,sub-grid
BuscadorAjudes.jsx,src/pages/features/BuscadorAjudes.jsx,article,169,OK,7,key,sub-card glass-premium animate-in
BuscadorAjudes.jsx,src/pages/features/BuscadorAjudes.jsx,div,170,OK,5,role aria-label,card-header
BuscadorAjudes.jsx,src/pages/features/BuscadorAjudes.jsx,span,171,OK,1,,[Dinàmic]
BuscadorAjudes.jsx,src/pages/features/BuscadorAjudes.jsx,span,172,OK,1,,sector-tag
BuscadorAjudes.jsx,src/pages/features/BuscadorAjudes.jsx,div,175,OK,9,,card-body
BuscadorAjudes.jsx,src/pages/features/BuscadorAjudes.jsx,h3,176,OK,1,,
BuscadorAjudes.jsx,src/pages/features/BuscadorAjudes.jsx,div,177,OK,1,,amount-highlight
BuscadorAjudes.jsx,src/pages/features/BuscadorAjudes.jsx,p,178,OK,1,,description
BuscadorAjudes.jsx,src/pages/features/BuscadorAjudes.jsx,div,180,OK,5,,deadline-info
BuscadorAjudes.jsx,src/pages/features/BuscadorAjudes.jsx,strong,181,OK,1,,
BuscadorAjudes.jsx,src/pages/features/BuscadorAjudes.jsx,div,185,OK,5,,card-actions
BuscadorAjudes.jsx,src/pages/features/BuscadorAjudes.jsx,button,186,OK,3,onClick,btn-iaia-ask
BuscadorAjudes.jsx,src/pages/features/BuscadorAjudes.jsx,Bot,187,OK,0,size,
BuscadorAjudes.jsx,src/pages/features/BuscadorAjudes.jsx,a,189,OK,3,href target rel,btn-official
BuscadorAjudes.jsx,src/pages/features/BuscadorAjudes.jsx,ExternalLink,190,OK,0,size,
BuscadorAjudes.jsx,src/pages/features/BuscadorAjudes.jsx,div,199,A11Y_CLICK_SENSE_ROLE,3,onClick,modal-overlay
BuscadorAjudes.jsx,src/pages/features/BuscadorAjudes.jsx,div,200,A11Y_CLICK_SENSE_ROLE,5,onClick,modal-content glass-premium animate-in
BuscadorAjudes.jsx,src/pages/features/BuscadorAjudes.jsx,div,201,OK,7,role aria-label,modal-header
BuscadorAjudes.jsx,src/pages/features/BuscadorAjudes.jsx,Bot,202,OK,0,,text-iaia
BuscadorAjudes.jsx,src/pages/features/BuscadorAjudes.jsx,h2,203,OK,1,,
BuscadorAjudes.jsx,src/pages/features/BuscadorAjudes.jsx,button,204,OK,1,onClick,btn-close
BuscadorAjudes.jsx,src/pages/features/BuscadorAjudes.jsx,div,207,OK,3,,modal-body
BuscadorAjudes.jsx,src/pages/features/BuscadorAjudes.jsx,div,208,OK,5,,loading-iaia
BuscadorAjudes.jsx,src/pages/features/BuscadorAjudes.jsx,Sparkles,209,OK,0,,animate-spin
BuscadorAjudes.jsx,src/pages/features/BuscadorAjudes.jsx,p,210,OK,1,,
BuscadorAjudes.jsx,src/pages/features/BuscadorAjudes.jsx,div,217,A11Y_CLICK_SENSE_ROLE,3,onClick,advice-modal-overlay animate-in
BuscadorAjudes.jsx,src/pages/features/BuscadorAjudes.jsx,div,218,A11Y_CLICK_SENSE_ROLE,7,onClick,advice-modal glass-premium shadow-2xl
BuscadorAjudes.jsx,src/pages/features/BuscadorAjudes.jsx,div,219,OK,5,role aria-label,advice-header
BuscadorAjudes.jsx,src/pages/features/BuscadorAjudes.jsx,div,220,OK,5,,header-main
BuscadorAjudes.jsx,src/pages/features/BuscadorAjudes.jsx,Bot,221,OK,0,size,text-accent animate-pulse
BuscadorAjudes.jsx,src/pages/features/BuscadorAjudes.jsx,div,222,OK,5,,
BuscadorAjudes.jsx,src/pages/features/BuscadorAjudes.jsx,h2,223,OK,1,,
BuscadorAjudes.jsx,src/pages/features/BuscadorAjudes.jsx,p,224,OK,2,,subtitle
BuscadorAjudes.jsx,src/pages/features/BuscadorAjudes.jsx,button,227,OK,1,onClick,close-btn
BuscadorAjudes.jsx,src/pages/features/BuscadorAjudes.jsx,ArrowLeft,227,OK,0,size,
BuscadorAjudes.jsx,src/pages/features/BuscadorAjudes.jsx,div,230,OK,7,,advice-body scrollbar-hide
BuscadorAjudes.jsx,src/pages/features/BuscadorAjudes.jsx,div,231,OK,3,,advice-box shadow-inner
BuscadorAjudes.jsx,src/pages/features/BuscadorAjudes.jsx,div,232,OK,3,,advice-content whitespace-pre-wrap
BuscadorAjudes.jsx,src/pages/features/BuscadorAjudes.jsx,div,238,OK,5,,advice-link-highlight glass-premium
BuscadorAjudes.jsx,src/pages/features/BuscadorAjudes.jsx,div,239,OK,5,,link-info
BuscadorAjudes.jsx,src/pages/features/BuscadorAjudes.jsx,ExternalLink,240,OK,0,size,text-accent
BuscadorAjudes.jsx,src/pages/features/BuscadorAjudes.jsx,div,241,OK,5,,
BuscadorAjudes.jsx,src/pages/features/BuscadorAjudes.jsx,h4,242,OK,1,,
BuscadorAjudes.jsx,src/pages/features/BuscadorAjudes.jsx,p,243,OK,1,,
BuscadorAjudes.jsx,src/pages/features/BuscadorAjudes.jsx,a,246,OK,1,href target rel,master-button-canonic
BuscadorAjudes.jsx,src/pages/features/BuscadorAjudes.jsx,div,257,OK,5,,export-section
BuscadorAjudes.jsx,src/pages/features/BuscadorAjudes.jsx,h4,258,OK,1,,
BuscadorAjudes.jsx,src/pages/features/BuscadorAjudes.jsx,div,259,OK,5,,export-grid
BuscadorAjudes.jsx,src/pages/features/BuscadorAjudes.jsx,button,260,OK,3,onClick,btn-view-doc master-button-canonic bg-accent-orange text-black font-black
BuscadorAjudes.jsx,src/pages/features/BuscadorAjudes.jsx,FileText,312,OK,0,size,
BuscadorAjudes.jsx,src/pages/features/BuscadorAjudes.jsx,button,315,OK,3,onClick,
BuscadorAjudes.jsx,src/pages/features/BuscadorAjudes.jsx,Sparkles,316,OK,0,size,
BuscadorAjudes.jsx,src/pages/features/BuscadorAjudes.jsx,footer,322,OK,3,,advice-footer
BuscadorAjudes.jsx,src/pages/features/BuscadorAjudes.jsx,button,323,OK,1,onClick,done-btn
BuscadorAjudes.jsx,src/pages/features/BuscadorAjudes.jsx,DocumentViewer,330,OK,0,document onClose onSave,
CercaPage.jsx,src/pages/features/CercaPage.jsx,span,23,OK,3,,
CercaPage.jsx,src/pages/features/CercaPage.jsx,span,26,OK,1,key,bg-[var(--theme-accent-primary)] text-white dark:bg-yellow-500 dark:text-black font-bold px-0.5 rounded-sm
CercaPage.jsx,src/pages/features/CercaPage.jsx,span,27,OK,1,key,
CercaPage.jsx,src/pages/features/CercaPage.jsx,Sparkles,151,OK,0,size,
CercaPage.jsx,src/pages/features/CercaPage.jsx,Users,152,OK,0,size,
CercaPage.jsx,src/pages/features/CercaPage.jsx,MapPin,153,OK,0,size,
CercaPage.jsx,src/pages/features/CercaPage.jsx,Sparkles,154,OK,0,size,
CercaPage.jsx,src/pages/features/CercaPage.jsx,Building,155,OK,0,size,
CercaPage.jsx,src/pages/features/CercaPage.jsx,Link2,156,OK,0,size,
CercaPage.jsx,src/pages/features/CercaPage.jsx,div,163,OK,9,,search-discover-page min-h-screen bg-theme-bg flex flex-col
CercaPage.jsx,src/pages/features/CercaPage.jsx,SEO,164,OK,0,title description keywords,
CercaPage.jsx,src/pages/features/CercaPage.jsx,SearchNavBar,170,OK,0,query setQuery placeholder onClear customIcon inputRef,
CercaPage.jsx,src/pages/features/CercaPage.jsx,Search,175,OK,0,size,text-[var(--theme-accent-primary)]
CercaPage.jsx,src/pages/features/CercaPage.jsx,div,179,OK,3,,filter-chips-container w-full overflow-x-auto no-scrollbar border-b border-[var(--theme-border)] bg-theme-bg sticky top-[60px] z-20 shadow-sm
CercaPage.jsx,src/pages/features/CercaPage.jsx,div,180,OK,3,,flex px-4 py-3 gap-2 min-w-full justify-start sm:justify-center w-max mx-auto
CercaPage.jsx,src/pages/features/CercaPage.jsx,button,183,OK,5,onClick,[Dinàmic]
CercaPage.jsx,src/pages/features/CercaPage.jsx,div,190,OK,0,,w-[2px] h-6 bg-[var(--theme-border)] mx-1 self-center opacity-50 shrink-0
CercaPage.jsx,src/pages/features/CercaPage.jsx,div,196,OK,7,,search-content pt-4 flex-1 w-full max-w-4xl mx-auto px-4 pb-20
CercaPage.jsx,src/pages/features/CercaPage.jsx,div,198,OK,5,,search-loading flex flex-col items-center justify-center p-12 text-theme-muted
CercaPage.jsx,src/pages/features/CercaPage.jsx,Loader2,199,OK,0,size,animate-spin mb-4
CercaPage.jsx,src/pages/features/CercaPage.jsx,p,200,OK,1,,
CercaPage.jsx,src/pages/features/CercaPage.jsx,div,206,OK,3,,intent-router-suggestion animate-in fade-in slide-in-from-top-4 mb-4
CercaPage.jsx,src/pages/features/CercaPage.jsx,div,208,A11Y_CLICK_SENSE_ROLE | CSS_EXCESSIU,7,onClick,universal-card bg-gradient-to-r from-orange-50 to-orange-100 dark:from-orange-900/30 dark:to-orange-800/30 border border-orange-200 dark:border-orange-800 p-4 rounded-3xl flex items-center gap-4 cursor-pointer hover:shadow-md transition-shadow
CercaPage.jsx,src/pages/features/CercaPage.jsx,div,209,OK,3,,w-12 h-12 rounded-full bg-orange-500/20 flex items-center justify-center shrink-0
CercaPage.jsx,src/pages/features/CercaPage.jsx,Sparkles,210,OK,0,size,text-orange-600 dark:text-orange-400
CercaPage.jsx,src/pages/features/CercaPage.jsx,div,212,OK,5,,flex-1
CercaPage.jsx,src/pages/features/CercaPage.jsx,h4,213,OK,1,,font-bold text-orange-900 dark:text-orange-100
CercaPage.jsx,src/pages/features/CercaPage.jsx,p,214,OK,1,,text-sm text-orange-800 dark:text-orange-300
CercaPage.jsx,src/pages/features/CercaPage.jsx,ChevronRight,216,OK,0,,text-orange-500
CercaPage.jsx,src/pages/features/CercaPage.jsx,div,219,A11Y_CLICK_SENSE_ROLE | CSS_EXCESSIU,7,onClick,universal-card bg-gradient-to-r from-blue-50 to-blue-100 dark:from-blue-900/30 dark:to-blue-800/30 border border-blue-200 dark:border-blue-800 p-4 rounded-3xl flex items-center gap-4 cursor-pointer hover:shadow-md transition-shadow
CercaPage.jsx,src/pages/features/CercaPage.jsx,div,220,OK,3,,w-12 h-12 rounded-full bg-blue-500/20 flex items-center justify-center shrink-0
CercaPage.jsx,src/pages/features/CercaPage.jsx,Sparkles,221,OK,0,size,text-blue-600 dark:text-blue-400
CercaPage.jsx,src/pages/features/CercaPage.jsx,div,223,OK,5,,flex-1
CercaPage.jsx,src/pages/features/CercaPage.jsx,h4,224,OK,1,,font-bold text-blue-900 dark:text-blue-100
CercaPage.jsx,src/pages/features/CercaPage.jsx,p,225,OK,1,,text-sm text-blue-800 dark:text-blue-300
CercaPage.jsx,src/pages/features/CercaPage.jsx,ChevronRight,227,OK,0,,text-blue-500
CercaPage.jsx,src/pages/features/CercaPage.jsx,div,230,A11Y_CLICK_SENSE_ROLE | CSS_EXCESSIU,7,onClick,universal-card bg-gradient-to-r from-emerald-50 to-emerald-100 dark:from-emerald-900/30 dark:to-emerald-800/30 border border-emerald-200 dark:border-emerald-800 p-4 rounded-3xl flex items-center gap-4 cursor-pointer hover:shadow-md transition-shadow
CercaPage.jsx,src/pages/features/CercaPage.jsx,div,231,OK,3,,w-12 h-12 rounded-full bg-emerald-500/20 flex items-center justify-center shrink-0
CercaPage.jsx,src/pages/features/CercaPage.jsx,Sparkles,232,OK,0,size,text-emerald-600 dark:text-emerald-400
CercaPage.jsx,src/pages/features/CercaPage.jsx,div,234,OK,5,,flex-1
CercaPage.jsx,src/pages/features/CercaPage.jsx,h4,235,OK,1,,font-bold text-emerald-900 dark:text-emerald-100
CercaPage.jsx,src/pages/features/CercaPage.jsx,p,236,OK,1,,text-sm text-emerald-800 dark:text-emerald-300
CercaPage.jsx,src/pages/features/CercaPage.jsx,ChevronRight,238,OK,0,,text-emerald-500
CercaPage.jsx,src/pages/features/CercaPage.jsx,div,246,OK,5,,semantic-insight-card bg-theme-panel rounded-[32px] p-5 shadow-sm border border-[var(--theme-border)] mb-6 animate-in fade-in slide-in-from-bottom-4
CercaPage.jsx,src/pages/features/CercaPage.jsx,div,247,OK,5,,flex items-center gap-3 mb-3
CercaPage.jsx,src/pages/features/CercaPage.jsx,div,248,OK,3,,w-10 h-10 rounded-full overflow-hidden shrink-0 border-2 border-yellow-400 shadow-[0_0_10px_rgba(250;204;21;0.5)]
CercaPage.jsx,src/pages/features/CercaPage.jsx,img,249,OK,0,src alt,w-full h-full object-cover
CercaPage.jsx,src/pages/features/CercaPage.jsx,div,251,OK,5,,flex-1
CercaPage.jsx,src/pages/features/CercaPage.jsx,h4,252,OK,1,,font-black text-theme-text text-sm uppercase tracking-wide
CercaPage.jsx,src/pages/features/CercaPage.jsx,div,253,OK,1,,text-[10px] bg-yellow-100 text-yellow-800 dark:bg-yellow-900/50 dark:text-yellow-400 font-bold px-2 py-0.5 rounded-full inline-block mt-0.5
CercaPage.jsx,src/pages/features/CercaPage.jsx,p,256,OK,3,,text-[15px] leading-relaxed text-theme-text italic font-medium
CercaPage.jsx,src/pages/features/CercaPage.jsx,div,262,OK,3,,search-results-container flex flex-col gap-6
CercaPage.jsx,src/pages/features/CercaPage.jsx,div,273,A11Y_CLICK_SENSE_ROLE,5,onClick,bg-theme-card rounded-[24px] p-3 flex items-center gap-4 active:scale-[0.98] transition-transform select-none cursor-pointer shadow-sm hover:shadow-md border border-[var(--theme-border)]
CercaPage.jsx,src/pages/features/CercaPage.jsx,Avatar,274,OK,0,src role name size,
CercaPage.jsx,src/pages/features/CercaPage.jsx,div,275,OK,5,,flex flex-col flex-1 min-w-0
CercaPage.jsx,src/pages/features/CercaPage.jsx,span,276,OK,1,,text-[17px] font-bold text-theme-text truncate
CercaPage.jsx,src/pages/features/CercaPage.jsx,HighlightText,276,OK,0,text highlight,
CercaPage.jsx,src/pages/features/CercaPage.jsx,span,277,OK,3,,text-[14px] text-theme-muted font-medium truncate
CercaPage.jsx,src/pages/features/CercaPage.jsx,HighlightText,277,OK,0,text highlight,
CercaPage.jsx,src/pages/features/CercaPage.jsx,span,277,OK,2,,
CercaPage.jsx,src/pages/features/CercaPage.jsx,HighlightText,277,OK,0,text highlight,
CercaPage.jsx,src/pages/features/CercaPage.jsx,div,285,A11Y_CLICK_SENSE_ROLE,5,onClick,bg-theme-card rounded-[24px] p-3 flex items-center gap-4 active:scale-[0.98] transition-transform select-none cursor-pointer shadow-sm hover:shadow-md border border-[var(--theme-border)]
CercaPage.jsx,src/pages/features/CercaPage.jsx,Avatar,286,OK,0,src role name size,
CercaPage.jsx,src/pages/features/CercaPage.jsx,div,287,OK,5,,flex flex-col flex-1 min-w-0
CercaPage.jsx,src/pages/features/CercaPage.jsx,span,288,OK,1,,text-[17px] font-bold text-theme-text truncate
CercaPage.jsx,src/pages/features/CercaPage.jsx,HighlightText,288,OK,0,text highlight,
CercaPage.jsx,src/pages/features/CercaPage.jsx,span,289,OK,3,,text-[14px] text-theme-muted font-medium truncate
CercaPage.jsx,src/pages/features/CercaPage.jsx,HighlightText,289,OK,0,text highlight,
CercaPage.jsx,src/pages/features/CercaPage.jsx,span,289,OK,2,,
CercaPage.jsx,src/pages/features/CercaPage.jsx,HighlightText,289,OK,0,text highlight,
CercaPage.jsx,src/pages/features/CercaPage.jsx,div,297,A11Y_CLICK_SENSE_ROLE,5,onClick,bg-[var(--color-terracotta)] text-white rounded-[24px] p-4 flex items-center gap-4 active:scale-[0.98] transition-transform select-none cursor-pointer shadow-sm hover:shadow-md hover:brightness-110
CercaPage.jsx,src/pages/features/CercaPage.jsx,div,298,OK,3,,w-[48px] h-[48px] rounded-full bg-white/20 flex items-center justify-center shrink-0
CercaPage.jsx,src/pages/features/CercaPage.jsx,Sparkles,299,OK,0,size,text-white
CercaPage.jsx,src/pages/features/CercaPage.jsx,div,301,OK,5,,flex flex-col flex-1 min-w-0
CercaPage.jsx,src/pages/features/CercaPage.jsx,span,302,OK,1,,text-[17px] font-bold text-white truncate
CercaPage.jsx,src/pages/features/CercaPage.jsx,HighlightText,302,OK,0,text highlight,
CercaPage.jsx,src/pages/features/CercaPage.jsx,span,303,OK,3,,text-[14px] text-white/80 font-medium truncate
CercaPage.jsx,src/pages/features/CercaPage.jsx,HighlightText,303,OK,0,text highlight,
CercaPage.jsx,src/pages/features/CercaPage.jsx,div,311,A11Y_CLICK_SENSE_ROLE,5,onClick,bg-theme-card rounded-[24px] p-3 flex items-center gap-4 active:scale-[0.98] transition-transform select-none cursor-pointer shadow-sm hover:shadow-md border border-[var(--theme-border)]
CercaPage.jsx,src/pages/features/CercaPage.jsx,Avatar,312,OK,0,src role name size,
CercaPage.jsx,src/pages/features/CercaPage.jsx,div,313,OK,5,,flex flex-col flex-1 min-w-0
CercaPage.jsx,src/pages/features/CercaPage.jsx,span,314,OK,1,,text-[17px] font-bold text-theme-text truncate
CercaPage.jsx,src/pages/features/CercaPage.jsx,HighlightText,314,OK,0,text highlight,
CercaPage.jsx,src/pages/features/CercaPage.jsx,span,315,OK,3,,text-[14px] text-theme-muted font-medium truncate capitalize
CercaPage.jsx,src/pages/features/CercaPage.jsx,div,323,A11Y_CLICK_SENSE_ROLE,5,onClick,bg-theme-panel rounded-[24px] p-4 flex items-start gap-4 active:scale-[0.98] transition-transform select-none cursor-pointer shadow-sm hover:shadow-md border border-[var(--theme-border)]
CercaPage.jsx,src/pages/features/CercaPage.jsx,div,324,OK,3,,w-12 h-12 rounded-full bg-[var(--color-orange-vibrant)]/10 text-[var(--color-orange-vibrant)] flex items-center justify-center shrink-0
CercaPage.jsx,src/pages/features/CercaPage.jsx,Link2,325,OK,0,size,
CercaPage.jsx,src/pages/features/CercaPage.jsx,div,327,OK,5,,flex flex-col flex-1 min-w-0 pt-1
CercaPage.jsx,src/pages/features/CercaPage.jsx,span,328,OK,1,,text-[16px] font-bold text-theme-text line-clamp-2 leading-tight mb-1
CercaPage.jsx,src/pages/features/CercaPage.jsx,HighlightText,328,OK,0,text highlight,
CercaPage.jsx,src/pages/features/CercaPage.jsx,span,329,OK,1,,text-[13px] text-theme-muted font-medium line-clamp-2
CercaPage.jsx,src/pages/features/CercaPage.jsx,HighlightText,329,OK,0,text highlight,
CercaPage.jsx,src/pages/features/CercaPage.jsx,section,341,OK,5,key,animate-in fade-in slide-in-from-bottom-4
CercaPage.jsx,src/pages/features/CercaPage.jsx,div,342,OK,5,,flex items-center justify-between mb-3 px-2
CercaPage.jsx,src/pages/features/CercaPage.jsx,h3,343,OK,5,,font-black text-lg text-theme-text flex items-center gap-2
CercaPage.jsx,src/pages/features/CercaPage.jsx,span,347,OK,1,,bg-theme-surface text-theme-muted text-xs font-bold px-2.5 py-1 rounded-full
CercaPage.jsx,src/pages/features/CercaPage.jsx,div,349,OK,3,,flex flex-col gap-2
CercaPage.jsx,src/pages/features/CercaPage.jsx,RenderItem,351,OK,0,key item,
CercaPage.jsx,src/pages/features/CercaPage.jsx,div,359,OK,9,,flex flex-col items-center justify-center text-center p-12 bg-theme-panel rounded-[32px] border border-[var(--theme-border)] mt-8 animate-in fade-in
CercaPage.jsx,src/pages/features/CercaPage.jsx,Search,360,OK,0,size,text-theme-muted opacity-50 mb-4
CercaPage.jsx,src/pages/features/CercaPage.jsx,h3,361,OK,1,,text-xl font-bold text-theme-text mb-2
CercaPage.jsx,src/pages/features/CercaPage.jsx,p,362,OK,5,,text-theme-muted
CercaPage.jsx,src/pages/features/CercaPage.jsx,strong,362,OK,1,,text-theme-text
CercaPage.jsx,src/pages/features/CercaPage.jsx,button,364,OK,1,onClick,mt-6 px-6 py-2 bg-[var(--theme-accent-primary)] text-white rounded-full font-bold shadow-md hover:bg-orange-600 transition-colors
CercaPage.jsx,src/pages/features/CercaPage.jsx,div,375,OK,5,,empty-state-suggestions mt-8 pb-12 animate-in fade-in slide-in-from-bottom-4 duration-500
CercaPage.jsx,src/pages/features/CercaPage.jsx,div,376,OK,5,,mb-8
CercaPage.jsx,src/pages/features/CercaPage.jsx,h4,377,OK,1,,text-sm font-black text-theme-muted uppercase tracking-wider mb-4 px-2
CercaPage.jsx,src/pages/features/CercaPage.jsx,div,378,OK,3,,flex flex-wrap gap-2
CercaPage.jsx,src/pages/features/CercaPage.jsx,button,380,CSS_EXCESSIU,5,key onClick,flex items-center gap-2 px-4 py-2 rounded-full bg-theme-panel border border-[var(--theme-border)] text-sm font-medium text-theme-text hover:bg-[var(--theme-surface)] hover:scale-105 transition-all shadow-sm
CercaPage.jsx,src/pages/features/CercaPage.jsx,Search,381,OK,0,size,text-theme-muted
CercaPage.jsx,src/pages/features/CercaPage.jsx,div,388,OK,5,,grid grid-cols-1 md:grid-cols-2 gap-4
CercaPage.jsx,src/pages/features/CercaPage.jsx,button,389,OK,7,onClick,universal-card text-left p-6 flex flex-col items-center sm:flex-row sm:items-start gap-5 hover:shadow-lg transition-all group overflow-hidden relative
CercaPage.jsx,src/pages/features/CercaPage.jsx,div,393,OK,0,,absolute inset-0 translate-x-[-100%] group-hover:animate-[shimmer_2s_infinite] bg-gradient-to-r from-transparent via-[var(--theme-text)]/5 to-transparent skew-x-12
CercaPage.jsx,src/pages/features/CercaPage.jsx,div,394,OK,3,,w-20 h-20 sm:w-24 sm:h-24 rounded-full flex-shrink-0 relative shadow-md group-hover:scale-105 transition-transform duration-500 overflow-hidden bg-theme-surface
CercaPage.jsx,src/pages/features/CercaPage.jsx,img,395,OK,0,src alt,w-full h-full object-cover
CercaPage.jsx,src/pages/features/CercaPage.jsx,div,397,OK,5,,flex-1 min-w-0
CercaPage.jsx,src/pages/features/CercaPage.jsx,h3,398,OK,1,,font-black text-xl sm:text-2xl text-theme-text mb-2 group-hover:text-[var(--theme-accent-primary)] transition-colors
CercaPage.jsx,src/pages/features/CercaPage.jsx,p,401,OK,1,,text-theme-muted text-sm leading-relaxed
CercaPage.jsx,src/pages/features/CercaPage.jsx,button,405,OK,7,onClick,universal-card text-left p-6 flex flex-col items-center sm:flex-row sm:items-start gap-5 hover:shadow-lg transition-all group overflow-hidden relative
CercaPage.jsx,src/pages/features/CercaPage.jsx,div,409,OK,0,,absolute inset-0 translate-x-[-100%] group-hover:animate-[shimmer_2s_infinite] bg-gradient-to-r from-transparent via-[var(--theme-text)]/5 to-transparent skew-x-12
CercaPage.jsx,src/pages/features/CercaPage.jsx,div,410,CSS_EXCESSIU,3,,w-20 h-20 sm:w-24 sm:h-24 rounded-full flex-shrink-0 relative shadow-md bg-gradient-to-br from-blue-500 to-indigo-600 flex items-center justify-center text-white group-hover:scale-105 transition-transform duration-500
CercaPage.jsx,src/pages/features/CercaPage.jsx,Sparkles,411,OK,0,size,
CercaPage.jsx,src/pages/features/CercaPage.jsx,div,413,OK,5,,flex-1 min-w-0
CercaPage.jsx,src/pages/features/CercaPage.jsx,h3,414,OK,1,,font-black text-xl sm:text-2xl text-theme-text mb-2 group-hover:text-blue-500 transition-colors
CercaPage.jsx,src/pages/features/CercaPage.jsx,p,417,OK,1,,text-theme-muted text-sm leading-relaxed
ConnectarPage.jsx,src/pages/features/ConnectarPage.jsx,div,49,OK,7,,flex flex-col h-full w-full bg-theme-base animate-in fade-in relative z-10
ConnectarPage.jsx,src/pages/features/ConnectarPage.jsx,div,51,OK,5,,relative z-10 bg-[var(--theme-accent-primary)] w-full h-[56px] min-h-[56px] flex items-center px-4 shadow-md text-white
ConnectarPage.jsx,src/pages/features/ConnectarPage.jsx,button,52,OK,3,onClick,p-2 -ml-2 rounded-full hover:bg-white/20 active:scale-95 transition-all
ConnectarPage.jsx,src/pages/features/ConnectarPage.jsx,ArrowLeft,56,OK,0,size strokeWidth,
ConnectarPage.jsx,src/pages/features/ConnectarPage.jsx,h1,58,OK,3,,ml-2 font-bold text-lg uppercase tracking-wider
ConnectarPage.jsx,src/pages/features/ConnectarPage.jsx,div,63,OK,25,,flex-1 overflow-y-auto no-scrollbar w-full max-w-3xl mx-auto px-4 md:px-8 pt-6 pb-32
ConnectarPage.jsx,src/pages/features/ConnectarPage.jsx,div,67,OK,5,,mb-8 p-4 bg-[#F97316]/10 border-2 border-[#F97316]/30 rounded-[20px] flex items-start gap-4 animate-pulse-subtle
ConnectarPage.jsx,src/pages/features/ConnectarPage.jsx,div,68,OK,3,,bg-[#F97316] p-2 rounded-full text-white shrink-0 mt-1
ConnectarPage.jsx,src/pages/features/ConnectarPage.jsx,AlertTriangle,69,OK,0,size,
ConnectarPage.jsx,src/pages/features/ConnectarPage.jsx,div,71,OK,5,,
ConnectarPage.jsx,src/pages/features/ConnectarPage.jsx,h3,72,OK,1,,font-black text-[#F97316] tracking-wide uppercase text-sm mb-1
ConnectarPage.jsx,src/pages/features/ConnectarPage.jsx,p,73,OK,1,,text-sm opacity-80 leading-relaxed
ConnectarPage.jsx,src/pages/features/ConnectarPage.jsx,div,81,OK,7,,text-center mb-10 mt-4
ConnectarPage.jsx,src/pages/features/ConnectarPage.jsx,div,82,OK,3,,inline-flex items-center justify-center w-20 h-20 bg-[var(--theme-accent-primary)]/10 text-[var(--theme-accent-primary)] rounded-[28px] mb-6 shadow-[-4px_4px_15px_rgba(255;107;0;0.2)]
ConnectarPage.jsx,src/pages/features/ConnectarPage.jsx,Layers,83,OK,0,size,
ConnectarPage.jsx,src/pages/features/ConnectarPage.jsx,h1,85,OK,1,,text-3xl md:text-4xl font-black mb-3
ConnectarPage.jsx,src/pages/features/ConnectarPage.jsx,p,86,OK,3,,text-lg opacity-60
ConnectarPage.jsx,src/pages/features/ConnectarPage.jsx,span,88,OK,1,,block mt-1 font-mono text-xs opacity-50
ConnectarPage.jsx,src/pages/features/ConnectarPage.jsx,section,93,OK,7,,mb-10
ConnectarPage.jsx,src/pages/features/ConnectarPage.jsx,h2,94,OK,1,,text-lg font-black tracking-widest uppercase opacity-80 mx-2 mb-4
ConnectarPage.jsx,src/pages/features/ConnectarPage.jsx,div,95,OK,13,,bg-white/5 dark:bg-black/20 p-1.5 rounded-[24px] border border-white/10 flex items-center relative overflow-hidden shadow-inner
ConnectarPage.jsx,src/pages/features/ConnectarPage.jsx,div,97,ESTILS_MESCLATS,0,style,absolute top-1.5 bottom-1.5 w-[calc(50%-6px)] bg-[var(--theme-accent-primary)] rounded-[20px] transition-transform duration-300 ease-out-expo shadow-[0_2px_10px_rgba(249;115;22;0.4)]
ConnectarPage.jsx,src/pages/features/ConnectarPage.jsx,button,103,OK,3,onClick,[Dinàmic]
ConnectarPage.jsx,src/pages/features/ConnectarPage.jsx,Lock,107,OK,0,size,
ConnectarPage.jsx,src/pages/features/ConnectarPage.jsx,button,112,OK,3,onClick,[Dinàmic]
ConnectarPage.jsx,src/pages/features/ConnectarPage.jsx,Globe,116,OK,0,size,
ConnectarPage.jsx,src/pages/features/ConnectarPage.jsx,p,120,OK,3,,text-center mt-4 text-sm opacity-60 px-4 font-medium h-6
ConnectarPage.jsx,src/pages/features/ConnectarPage.jsx,section,128,OK,5,,mb-10
ConnectarPage.jsx,src/pages/features/ConnectarPage.jsx,div,129,OK,5,,flex items-center justify-between mx-2 mb-4
ConnectarPage.jsx,src/pages/features/ConnectarPage.jsx,h2,130,OK,1,,text-lg font-black tracking-widest uppercase opacity-80
ConnectarPage.jsx,src/pages/features/ConnectarPage.jsx,button,131,OK,3,,flex items-center gap-1.5 text-xs font-bold text-[var(--theme-accent-primary)] hover:opacity-80 transition-opacity
ConnectarPage.jsx,src/pages/features/ConnectarPage.jsx,FolderPlus,132,OK,0,size,
ConnectarPage.jsx,src/pages/features/ConnectarPage.jsx,div,136,OK,3,,grid grid-cols-2 lg:grid-cols-4 gap-3 md:gap-4
ConnectarPage.jsx,src/pages/features/ConnectarPage.jsx,button,138,OK,7,key onClick,[Dinàmic]
ConnectarPage.jsx,src/pages/features/ConnectarPage.jsx,span,148,OK,1,,text-5xl md:text-6xl filter drop-shadow-md group-hover:scale-110 group-hover:-translate-y-1 transition-all duration-300 mb-2
ConnectarPage.jsx,src/pages/features/ConnectarPage.jsx,div,149,OK,5,,text-center
ConnectarPage.jsx,src/pages/features/ConnectarPage.jsx,h3,150,OK,1,,font-bold text-[14px] md:text-[15px] leading-tight mb-1
ConnectarPage.jsx,src/pages/features/ConnectarPage.jsx,span,151,OK,2,,text-xs opacity-50 font-medium
ConnectarPage.jsx,src/pages/features/ConnectarPage.jsx,div,154,OK,3,,absolute top-3 right-3 text-[var(--theme-accent-primary)] animate-in zoom-in duration-300
ConnectarPage.jsx,src/pages/features/ConnectarPage.jsx,CheckCircle2,155,OK,0,size,fill-current bg-white rounded-full
ConnectarPage.jsx,src/pages/features/ConnectarPage.jsx,section,164,OK,9,,mb-10 bg-theme-panel p-6 md:p-8 rounded-[32px] border border-white/5 shadow-sm
ConnectarPage.jsx,src/pages/features/ConnectarPage.jsx,div,165,OK,5,,flex items-start gap-4 mb-6
ConnectarPage.jsx,src/pages/features/ConnectarPage.jsx,div,166,OK,3,,bg-[#E44BCA] p-2.5 rounded-[12px] text-white shadow-[-2px_2px_10px_rgba(228;75;202;0.3)]
ConnectarPage.jsx,src/pages/features/ConnectarPage.jsx,Sparkles,167,OK,0,size,
ConnectarPage.jsx,src/pages/features/ConnectarPage.jsx,div,169,OK,5,,flex-1
ConnectarPage.jsx,src/pages/features/ConnectarPage.jsx,h2,170,OK,1,,text-lg font-black tracking-widest uppercase mb-1
ConnectarPage.jsx,src/pages/features/ConnectarPage.jsx,p,171,OK,1,,text-sm opacity-60
ConnectarPage.jsx,src/pages/features/ConnectarPage.jsx,div,175,OK,3,,flex flex-wrap gap-2 mb-6
ConnectarPage.jsx,src/pages/features/ConnectarPage.jsx,button,177,OK,5,key onClick,[Dinàmic]
ConnectarPage.jsx,src/pages/features/ConnectarPage.jsx,span,186,OK,1,,mr-1.5 opacity-80
ConnectarPage.jsx,src/pages/features/ConnectarPage.jsx,div,192,OK,7,,flex items-center gap-3 bg-white/5 dark:bg-black/20 p-2 pl-4 rounded-full border border-white/10 focus-within:border-[var(--theme-accent-primary)]/50 transition-colors
ConnectarPage.jsx,src/pages/features/ConnectarPage.jsx,Tag,193,OK,0,size,opacity-40
ConnectarPage.jsx,src/pages/features/ConnectarPage.jsx,input,194,OK,0,name type value onChange onKeyDown placeholder,bg-transparent border-none outline-none flex-1 text-sm font-medium h-8
ConnectarPage.jsx,src/pages/features/ConnectarPage.jsx,button,204,OK,1,onClick disabled,bg-[var(--theme-accent-primary)] text-white px-5 py-2 h-10 rounded-full text-sm font-bold uppercase tracking-widest disabled:opacity-30 disabled:grayscale transition-all
ConnectarPage.jsx,src/pages/features/ConnectarPage.jsx,div,214,OK,3,,mt-4 pt-4 border-t border-white/5 flex flex-wrap gap-2
ConnectarPage.jsx,src/pages/features/ConnectarPage.jsx,div,216,OK,5,key,flex items-center gap-2 bg-[var(--theme-accent-primary)]/10 text-[var(--theme-accent-primary)] px-3 py-1.5 rounded-full text-sm font-bold
ConnectarPage.jsx,src/pages/features/ConnectarPage.jsx,button,218,OK,1,onClick,opacity-50 hover:opacity-100
ConnectarPage.jsx,src/pages/features/ConnectarPage.jsx,div,228,OK,5,,flex flex-col items-center justify-center pt-4
ConnectarPage.jsx,src/pages/features/ConnectarPage.jsx,button,229,OK,5,onClick disabled,[Dinàmic]
ConnectarPage.jsx,src/pages/features/ConnectarPage.jsx,span,242,OK,3,,relative z-10 flex items-center justify-center gap-3
ConnectarPage.jsx,src/pages/features/ConnectarPage.jsx,Sparkles,245,OK,0,size,animate-spin
ConnectarPage.jsx,src/pages/features/ConnectarPage.jsx,CheckCircle2,250,OK,0,size,fill-current text-green-500 bg-white rounded-full
ConnectarPage.jsx,src/pages/features/ConnectarPage.jsx,Save,255,OK,0,size,
ConnectarPage.jsx,src/pages/features/ConnectarPage.jsx,div,262,OK,0,,absolute inset-0 bg-white/20 translate-y-full group-hover:translate-y-0 transition-transform duration-300 ease-out-expo
ConnectarPage.jsx,src/pages/features/ConnectarPage.jsx,p,266,OK,1,,mt-4 text-xs font-bold uppercase tracking-widest opacity-40 text-center
DesignSystem.jsx,src/pages/features/DesignSystem.jsx,UniversalPage,26,OK,3,standAlone forcedTitle forcedSubtitle forcedHeroImage,
DesignSystem.jsx,src/pages/features/DesignSystem.jsx,div,32,OK,293,,universal-content w-full sosp-design-system max-w-5xl mx-auto p-6 pb-24
DesignSystem.jsx,src/pages/features/DesignSystem.jsx,div,34,OK,5,,sosp-alert sosp-alert-info mb-8
DesignSystem.jsx,src/pages/features/DesignSystem.jsx,span,35,OK,1,,sosp-alert-icon
DesignSystem.jsx,src/pages/features/DesignSystem.jsx,div,36,OK,5,,
DesignSystem.jsx,src/pages/features/DesignSystem.jsx,p,37,OK,1,,font-bold m-0
DesignSystem.jsx,src/pages/features/DesignSystem.jsx,p,38,OK,1,,text-sm m-0
DesignSystem.jsx,src/pages/features/DesignSystem.jsx,div,42,OK,9,,mb-12 flex gap-4 text-sm text-stone-500 border-b-2 border-stone-300 pb-6 justify-center
DesignSystem.jsx,src/pages/features/DesignSystem.jsx,span,43,WRAPPER_INUTIL,1,,
DesignSystem.jsx,src/pages/features/DesignSystem.jsx,span,44,WRAPPER_INUTIL,1,,
DesignSystem.jsx,src/pages/features/DesignSystem.jsx,span,45,WRAPPER_INUTIL,1,,
DesignSystem.jsx,src/pages/features/DesignSystem.jsx,span,46,WRAPPER_INUTIL,1,,
DesignSystem.jsx,src/pages/features/DesignSystem.jsx,section,52,OK,17,,mb-16
DesignSystem.jsx,src/pages/features/DesignSystem.jsx,h2,53,OK,1,,sosp-h2 mb-6
DesignSystem.jsx,src/pages/features/DesignSystem.jsx,h3,55,OK,1,,
DesignSystem.jsx,src/pages/features/DesignSystem.jsx,p,56,OK,1,,text-sm text-stone-600 mb-4
DesignSystem.jsx,src/pages/features/DesignSystem.jsx,div,58,OK,17,,grid grid-cols-1 sm:grid-cols-2 lg:grid-cols-4 gap-6 my-8 notranslate
DesignSystem.jsx,src/pages/features/DesignSystem.jsx,div,60,OK,5,,flex flex-col gap-2
DesignSystem.jsx,src/pages/features/DesignSystem.jsx,div,61,OK,5,,bg-[#f97316] text-white rounded-3xl p-5 flex flex-col items-center justify-center text-center h-40 shadow-sm border border-black/5
DesignSystem.jsx,src/pages/features/DesignSystem.jsx,span,62,OK,1,,font-bold text-lg
DesignSystem.jsx,src/pages/features/DesignSystem.jsx,span,63,OK,1,,opacity-90 font-mono text-xs mt-2
DesignSystem.jsx,src/pages/features/DesignSystem.jsx,div,65,OK,3,,flex w-full h-8 rounded-full overflow-hidden border border-black/5
DesignSystem.jsx,src/pages/features/DesignSystem.jsx,div,67,OK,0,key,[Dinàmic]
DesignSystem.jsx,src/pages/features/DesignSystem.jsx,div,73,OK,5,,flex flex-col gap-2
DesignSystem.jsx,src/pages/features/DesignSystem.jsx,div,74,OK,5,,bg-[#0984E3] text-white rounded-3xl p-5 flex flex-col items-center justify-center text-center h-40 shadow-sm border border-black/5
DesignSystem.jsx,src/pages/features/DesignSystem.jsx,span,75,OK,1,,font-bold text-lg
DesignSystem.jsx,src/pages/features/DesignSystem.jsx,span,76,OK,1,,opacity-90 font-mono text-xs mt-2
DesignSystem.jsx,src/pages/features/DesignSystem.jsx,div,78,OK,3,,flex w-full h-8 rounded-full overflow-hidden border border-black/5
DesignSystem.jsx,src/pages/features/DesignSystem.jsx,div,80,OK,0,key,[Dinàmic]
DesignSystem.jsx,src/pages/features/DesignSystem.jsx,div,86,OK,5,,flex flex-col gap-2
DesignSystem.jsx,src/pages/features/DesignSystem.jsx,div,87,OK,5,,bg-[#ffffff] text-[#0e0e10] rounded-3xl p-5 flex flex-col items-center justify-center text-center h-40 shadow-sm border border-black/10
DesignSystem.jsx,src/pages/features/DesignSystem.jsx,span,88,OK,1,,font-bold text-lg
DesignSystem.jsx,src/pages/features/DesignSystem.jsx,span,89,OK,1,,opacity-90 font-mono text-xs mt-2
DesignSystem.jsx,src/pages/features/DesignSystem.jsx,div,91,OK,3,,flex w-full h-8 rounded-full overflow-hidden border border-black/10
DesignSystem.jsx,src/pages/features/DesignSystem.jsx,div,93,OK,0,key,[Dinàmic]
DesignSystem.jsx,src/pages/features/DesignSystem.jsx,div,99,OK,5,,flex flex-col gap-2
DesignSystem.jsx,src/pages/features/DesignSystem.jsx,div,100,OK,5,,bg-[#0e0e10] text-white rounded-3xl p-5 flex flex-col items-center justify-center text-center h-40 shadow-sm border border-white/10
DesignSystem.jsx,src/pages/features/DesignSystem.jsx,span,101,OK,1,,font-bold text-lg
DesignSystem.jsx,src/pages/features/DesignSystem.jsx,span,102,OK,1,,opacity-90 font-mono text-xs mt-2
DesignSystem.jsx,src/pages/features/DesignSystem.jsx,div,104,OK,3,,flex w-full h-8 rounded-full overflow-hidden border border-white/20
DesignSystem.jsx,src/pages/features/DesignSystem.jsx,div,106,OK,0,key,[Dinàmic]
DesignSystem.jsx,src/pages/features/DesignSystem.jsx,h3,112,OK,1,,sosp-h3 mb-4 mt-12
DesignSystem.jsx,src/pages/features/DesignSystem.jsx,div,113,OK,9,,grid grid-cols-2 md:grid-cols-4 gap-4 mb-8
DesignSystem.jsx,src/pages/features/DesignSystem.jsx,div,114,OK,5,,sosp-card overflow-hidden
DesignSystem.jsx,src/pages/features/DesignSystem.jsx,div,115,OK,0,,h-20 bg-[#87CEEB] rounded-t
DesignSystem.jsx,src/pages/features/DesignSystem.jsx,div,116,OK,7,,p-3 bg-white border-t-0 rounded-b
DesignSystem.jsx,src/pages/features/DesignSystem.jsx,p,117,OK,1,,font-bold text-sm
DesignSystem.jsx,src/pages/features/DesignSystem.jsx,p,118,OK,1,,text-xs text-gray-500
DesignSystem.jsx,src/pages/features/DesignSystem.jsx,p,119,OK,1,,text-xs font-mono mt-1
DesignSystem.jsx,src/pages/features/DesignSystem.jsx,div,122,OK,5,,sosp-card overflow-hidden
DesignSystem.jsx,src/pages/features/DesignSystem.jsx,div,123,OK,0,,h-20 bg-[#DC2626] rounded-t
DesignSystem.jsx,src/pages/features/DesignSystem.jsx,div,124,OK,7,,p-3 bg-white border-t-0 rounded-b
DesignSystem.jsx,src/pages/features/DesignSystem.jsx,p,125,OK,1,,font-bold text-sm
DesignSystem.jsx,src/pages/features/DesignSystem.jsx,p,126,OK,1,,text-xs text-gray-500
DesignSystem.jsx,src/pages/features/DesignSystem.jsx,p,127,OK,1,,text-xs font-mono mt-1
DesignSystem.jsx,src/pages/features/DesignSystem.jsx,div,130,OK,5,,sosp-card overflow-hidden
DesignSystem.jsx,src/pages/features/DesignSystem.jsx,div,131,OK,0,,h-20 bg-[#F59E0B] rounded-t
DesignSystem.jsx,src/pages/features/DesignSystem.jsx,div,132,OK,7,,p-3 bg-white border-t-0 rounded-b
DesignSystem.jsx,src/pages/features/DesignSystem.jsx,p,133,OK,1,,font-bold text-sm
DesignSystem.jsx,src/pages/features/DesignSystem.jsx,p,134,OK,1,,text-xs text-gray-500
DesignSystem.jsx,src/pages/features/DesignSystem.jsx,p,135,OK,1,,text-xs font-mono mt-1
DesignSystem.jsx,src/pages/features/DesignSystem.jsx,div,138,OK,5,,sosp-card overflow-hidden
DesignSystem.jsx,src/pages/features/DesignSystem.jsx,div,139,OK,0,,h-20 bg-[#16A34A] rounded-t
DesignSystem.jsx,src/pages/features/DesignSystem.jsx,div,140,OK,7,,p-3 bg-white border-t-0 rounded-b
DesignSystem.jsx,src/pages/features/DesignSystem.jsx,p,141,OK,1,,font-bold text-sm
DesignSystem.jsx,src/pages/features/DesignSystem.jsx,p,142,OK,1,,text-xs text-gray-500
DesignSystem.jsx,src/pages/features/DesignSystem.jsx,p,143,OK,1,,text-xs font-mono mt-1
DesignSystem.jsx,src/pages/features/DesignSystem.jsx,h3,148,OK,1,,sosp-h3 mb-4
DesignSystem.jsx,src/pages/features/DesignSystem.jsx,div,149,OK,3,,grid grid-cols-2 md:grid-cols-4 gap-4 mb-8
DesignSystem.jsx,src/pages/features/DesignSystem.jsx,div,163,OK,5,key,sosp-card overflow-hidden border border-gray-200
DesignSystem.jsx,src/pages/features/DesignSystem.jsx,div,164,OK,0,,[Dinàmic]
DesignSystem.jsx,src/pages/features/DesignSystem.jsx,div,165,OK,5,,p-3 bg-white border-t-0 rounded-b
DesignSystem.jsx,src/pages/features/DesignSystem.jsx,p,166,OK,1,,font-bold text-sm
DesignSystem.jsx,src/pages/features/DesignSystem.jsx,p,167,OK,1,,text-xs text-gray-500 font-mono mt-1
DesignSystem.jsx,src/pages/features/DesignSystem.jsx,section,177,OK,5,,mb-16
DesignSystem.jsx,src/pages/features/DesignSystem.jsx,h2,178,OK,1,,sosp-h2 mb-6
DesignSystem.jsx,src/pages/features/DesignSystem.jsx,div,180,OK,5,,sosp-card p-6 mb-6 bg-white
DesignSystem.jsx,src/pages/features/DesignSystem.jsx,p,181,OK,3,,text-sm text-gray-500 mb-4
DesignSystem.jsx,src/pages/features/DesignSystem.jsx,code,181,OK,1,,
DesignSystem.jsx,src/pages/features/DesignSystem.jsx,div,183,OK,33,,app-cms-content border border-stone-200 p-8 rounded-xl bg-[var(--bg-panel)] relative overflow-hidden
DesignSystem.jsx,src/pages/features/DesignSystem.jsx,span,184,OK,1,,absolute top-2 right-4 text-[10px] font-bold text-gray-400 uppercase tracking-widest
DesignSystem.jsx,src/pages/features/DesignSystem.jsx,h1,186,OK,1,,
DesignSystem.jsx,src/pages/features/DesignSystem.jsx,p,188,OK,5,,lead
DesignSystem.jsx,src/pages/features/DesignSystem.jsx,strong,189,OK,1,,
DesignSystem.jsx,src/pages/features/DesignSystem.jsx,em,189,OK,1,,
DesignSystem.jsx,src/pages/features/DesignSystem.jsx,h2,192,OK,1,,
DesignSystem.jsx,src/pages/features/DesignSystem.jsx,p,193,OK,1,,
DesignSystem.jsx,src/pages/features/DesignSystem.jsx,h3,197,OK,1,,
DesignSystem.jsx,src/pages/features/DesignSystem.jsx,p,198,OK,1,,
DesignSystem.jsx,src/pages/features/DesignSystem.jsx,ul,199,OK,7,,
DesignSystem.jsx,src/pages/features/DesignSystem.jsx,li,200,OK,1,,
DesignSystem.jsx,src/pages/features/DesignSystem.jsx,li,201,OK,1,,
DesignSystem.jsx,src/pages/features/DesignSystem.jsx,li,202,OK,1,,
DesignSystem.jsx,src/pages/features/DesignSystem.jsx,h4,205,OK,1,,
DesignSystem.jsx,src/pages/features/DesignSystem.jsx,p,206,OK,1,,
DesignSystem.jsx,src/pages/features/DesignSystem.jsx,blockquote,208,OK,3,,
DesignSystem.jsx,src/pages/features/DesignSystem.jsx,p,209,OK,1,,
DesignSystem.jsx,src/pages/features/DesignSystem.jsx,h5,212,OK,1,,
DesignSystem.jsx,src/pages/features/DesignSystem.jsx,ol,213,OK,7,,
DesignSystem.jsx,src/pages/features/DesignSystem.jsx,li,214,OK,1,,
DesignSystem.jsx,src/pages/features/DesignSystem.jsx,li,215,OK,1,,
DesignSystem.jsx,src/pages/features/DesignSystem.jsx,li,216,OK,1,,
DesignSystem.jsx,src/pages/features/DesignSystem.jsx,h6,219,OK,1,,
DesignSystem.jsx,src/pages/features/DesignSystem.jsx,p,220,OK,1,,
DesignSystem.jsx,src/pages/features/DesignSystem.jsx,pre,222,OK,1,,
DesignSystem.jsx,src/pages/features/DesignSystem.jsx,code,222,OK,1,,
DesignSystem.jsx,src/pages/features/DesignSystem.jsx,section,232,OK,11,,mb-16
DesignSystem.jsx,src/pages/features/DesignSystem.jsx,h2,233,OK,1,,sosp-h2 mb-6
DesignSystem.jsx,src/pages/features/DesignSystem.jsx,h3,235,OK,1,,sosp-h3 mb-4
DesignSystem.jsx,src/pages/features/DesignSystem.jsx,div,236,OK,3,,sosp-card p-6 mb-6
DesignSystem.jsx,src/pages/features/DesignSystem.jsx,div,237,OK,3,,space-y-3
DesignSystem.jsx,src/pages/features/DesignSystem.jsx,div,239,OK,5,key,flex items-center gap-4
DesignSystem.jsx,src/pages/features/DesignSystem.jsx,div,240,ESTILS_MESCLATS,0,style,h-4 bg-[#f97316] rounded
DesignSystem.jsx,src/pages/features/DesignSystem.jsx,span,241,OK,4,,text-sm text-gray-600 font-mono
DesignSystem.jsx,src/pages/features/DesignSystem.jsx,h3,247,OK,1,,sosp-h3 mb-4
DesignSystem.jsx,src/pages/features/DesignSystem.jsx,div,248,OK,7,,grid grid-cols-1 md:grid-cols-2 lg:grid-cols-3 gap-4 mb-6
DesignSystem.jsx,src/pages/features/DesignSystem.jsx,div,249,OK,1,,bg-stone-200 p-4 rounded text-center text-sm text-stone-600
DesignSystem.jsx,src/pages/features/DesignSystem.jsx,div,250,OK,1,,bg-stone-200 p-4 rounded text-center text-sm text-stone-600
DesignSystem.jsx,src/pages/features/DesignSystem.jsx,div,251,OK,1,,bg-stone-200 p-4 rounded text-center text-sm text-stone-600
DesignSystem.jsx,src/pages/features/DesignSystem.jsx,section,258,OK,19,,mb-16
DesignSystem.jsx,src/pages/features/DesignSystem.jsx,h2,259,OK,1,,sosp-h2 mb-6
DesignSystem.jsx,src/pages/features/DesignSystem.jsx,h3,261,OK,1,,sosp-h3 mb-4
DesignSystem.jsx,src/pages/features/DesignSystem.jsx,div,262,OK,15,,flex flex-wrap gap-4 mb-8
DesignSystem.jsx,src/pages/features/DesignSystem.jsx,button,263,OK,1,,sosp-btn sosp-btn-primari
DesignSystem.jsx,src/pages/features/DesignSystem.jsx,button,264,OK,1,,sosp-btn sosp-btn-secundari
DesignSystem.jsx,src/pages/features/DesignSystem.jsx,button,265,OK,1,,sosp-btn sosp-btn-terciari
DesignSystem.jsx,src/pages/features/DesignSystem.jsx,button,266,OK,1,,sosp-btn sosp-btn-neutral
DesignSystem.jsx,src/pages/features/DesignSystem.jsx,button,267,OK,1,,sosp-btn sosp-btn-perill
DesignSystem.jsx,src/pages/features/DesignSystem.jsx,button,268,OK,1,,sosp-btn sosp-btn-fantasma
DesignSystem.jsx,src/pages/features/DesignSystem.jsx,button,269,OK,1,,sosp-btn sosp-btn-enllac
DesignSystem.jsx,src/pages/features/DesignSystem.jsx,h3,272,OK,1,,sosp-h3 mb-4
DesignSystem.jsx,src/pages/features/DesignSystem.jsx,div,273,OK,7,,flex flex-wrap items-center gap-4 mb-8
DesignSystem.jsx,src/pages/features/DesignSystem.jsx,button,274,OK,1,,sosp-btn sosp-btn-primari sosp-btn-sm
DesignSystem.jsx,src/pages/features/DesignSystem.jsx,button,275,OK,1,,sosp-btn sosp-btn-primari
DesignSystem.jsx,src/pages/features/DesignSystem.jsx,button,276,OK,1,,sosp-btn sosp-btn-primari sosp-btn-lg
DesignSystem.jsx,src/pages/features/DesignSystem.jsx,h3,279,OK,1,,sosp-h3 mb-4
DesignSystem.jsx,src/pages/features/DesignSystem.jsx,div,280,OK,7,,flex flex-wrap gap-4 mb-8
DesignSystem.jsx,src/pages/features/DesignSystem.jsx,button,281,OK,1,,sosp-btn sosp-btn-primari
DesignSystem.jsx,src/pages/features/DesignSystem.jsx,button,282,OK,1,disabled,sosp-btn sosp-btn-primari
DesignSystem.jsx,src/pages/features/DesignSystem.jsx,button,283,OK,3,,sosp-btn sosp-btn-primari
DesignSystem.jsx,src/pages/features/DesignSystem.jsx,div,284,ESTILS_MESCLATS,0,style,sosp-spinner sosp-spinner-sm
DesignSystem.jsx,src/pages/features/DesignSystem.jsx,h3,289,OK,1,,sosp-h3 mb-4
DesignSystem.jsx,src/pages/features/DesignSystem.jsx,div,290,OK,5,,flex flex-wrap gap-4
DesignSystem.jsx,src/pages/features/DesignSystem.jsx,button,291,OK,3,,sosp-btn sosp-btn-primari
DesignSystem.jsx,src/pages/features/DesignSystem.jsx,span,292,WRAPPER_INUTIL,1,,
DesignSystem.jsx,src/pages/features/DesignSystem.jsx,button,294,OK,3,,sosp-btn sosp-btn-secundari
DesignSystem.jsx,src/pages/features/DesignSystem.jsx,span,295,WRAPPER_INUTIL,1,,
DesignSystem.jsx,src/pages/features/DesignSystem.jsx,section,303,OK,5,,mb-16
DesignSystem.jsx,src/pages/features/DesignSystem.jsx,h2,304,OK,1,,sosp-h2 mb-6
DesignSystem.jsx,src/pages/features/DesignSystem.jsx,div,306,OK,15,,sosp-card p-6 space-y-6 max-w-xl
DesignSystem.jsx,src/pages/features/DesignSystem.jsx,div,307,OK,5,,
DesignSystem.jsx,src/pages/features/DesignSystem.jsx,label,308,OK,1,htmlFor,sosp-label
DesignSystem.jsx,src/pages/features/DesignSystem.jsx,input,309,OK,0,type placeholder,sosp-input
DesignSystem.jsx,src/pages/features/DesignSystem.jsx,div,317,OK,5,,
DesignSystem.jsx,src/pages/features/DesignSystem.jsx,label,318,OK,1,htmlFor,sosp-label
DesignSystem.jsx,src/pages/features/DesignSystem.jsx,select,319,OK,7,aria-label,sosp-select
DesignSystem.jsx,src/pages/features/DesignSystem.jsx,option,320,OK,1,,
DesignSystem.jsx,src/pages/features/DesignSystem.jsx,option,321,OK,1,,
DesignSystem.jsx,src/pages/features/DesignSystem.jsx,option,322,OK,1,,
DesignSystem.jsx,src/pages/features/DesignSystem.jsx,div,326,OK,5,,
DesignSystem.jsx,src/pages/features/DesignSystem.jsx,label,327,OK,1,htmlFor,sosp-label
DesignSystem.jsx,src/pages/features/DesignSystem.jsx,textarea,328,OK,0,rows placeholder,sosp-textarea
DesignSystem.jsx,src/pages/features/DesignSystem.jsx,div,336,OK,5,,flex items-start gap-2
DesignSystem.jsx,src/pages/features/DesignSystem.jsx,input,337,OK,0,type,mt-1
DesignSystem.jsx,src/pages/features/DesignSystem.jsx,label,338,OK,1,htmlFor,text-sm text-stone-700 cursor-pointer
DesignSystem.jsx,src/pages/features/DesignSystem.jsx,div,343,OK,5,,flex items-center gap-4
DesignSystem.jsx,src/pages/features/DesignSystem.jsx,label,344,OK,5,,flex items-center gap-2 cursor-pointer
DesignSystem.jsx,src/pages/features/DesignSystem.jsx,input,345,OK,0,type name defaultChecked,
DesignSystem.jsx,src/pages/features/DesignSystem.jsx,span,346,OK,1,,text-sm text-stone-700
DesignSystem.jsx,src/pages/features/DesignSystem.jsx,label,348,OK,5,,flex items-center gap-2 cursor-pointer
DesignSystem.jsx,src/pages/features/DesignSystem.jsx,input,349,OK,0,type name,
DesignSystem.jsx,src/pages/features/DesignSystem.jsx,span,350,OK,1,,text-sm text-stone-700
DesignSystem.jsx,src/pages/features/DesignSystem.jsx,div,354,OK,7,,
DesignSystem.jsx,src/pages/features/DesignSystem.jsx,label,355,OK,1,,sosp-label
DesignSystem.jsx,src/pages/features/DesignSystem.jsx,input,356,OK,0,type defaultValue,sosp-input sosp-input-error
DesignSystem.jsx,src/pages/features/DesignSystem.jsx,p,361,OK,1,,sosp-text-error mt-1
DesignSystem.jsx,src/pages/features/DesignSystem.jsx,div,364,OK,5,,
DesignSystem.jsx,src/pages/features/DesignSystem.jsx,label,365,OK,1,,sosp-label
DesignSystem.jsx,src/pages/features/DesignSystem.jsx,input,366,OK,0,type disabled defaultValue,sosp-input
DesignSystem.jsx,src/pages/features/DesignSystem.jsx,section,379,OK,5,,mb-16
DesignSystem.jsx,src/pages/features/DesignSystem.jsx,h2,380,OK,1,,sosp-h2 mb-6
DesignSystem.jsx,src/pages/features/DesignSystem.jsx,div,382,OK,17,,grid grid-cols-1 md:grid-cols-2 gap-6 mb-8
DesignSystem.jsx,src/pages/features/DesignSystem.jsx,article,384,OK,3,,sosp-card
DesignSystem.jsx,src/pages/features/DesignSystem.jsx,div,385,OK,5,,p-6
DesignSystem.jsx,src/pages/features/DesignSystem.jsx,h3,386,OK,1,,text-lg font-bold text-stone-900 mb-2
DesignSystem.jsx,src/pages/features/DesignSystem.jsx,p,387,OK,1,,text-stone-600
DesignSystem.jsx,src/pages/features/DesignSystem.jsx,article,395,OK,5,,sosp-card overflow-hidden
DesignSystem.jsx,src/pages/features/DesignSystem.jsx,div,396,OK,3,,bg-[#f97316] p-4
DesignSystem.jsx,src/pages/features/DesignSystem.jsx,h3,397,OK,1,,text-lg font-bold text-white m-0
DesignSystem.jsx,src/pages/features/DesignSystem.jsx,div,399,OK,3,,p-6
DesignSystem.jsx,src/pages/features/DesignSystem.jsx,p,400,OK,1,,text-stone-600
DesignSystem.jsx,src/pages/features/DesignSystem.jsx,article,407,OK,5,,sosp-card
DesignSystem.jsx,src/pages/features/DesignSystem.jsx,div,408,OK,5,,p-6
DesignSystem.jsx,src/pages/features/DesignSystem.jsx,h3,409,OK,1,,text-lg font-bold text-stone-900 mb-2
DesignSystem.jsx,src/pages/features/DesignSystem.jsx,p,410,OK,1,,text-stone-600 mb-4
DesignSystem.jsx,src/pages/features/DesignSystem.jsx,div,414,OK,5,,p-4 border-t border-stone-200 flex gap-2 justify-end
DesignSystem.jsx,src/pages/features/DesignSystem.jsx,button,415,OK,1,,sosp-btn sosp-btn-fantasma
DesignSystem.jsx,src/pages/features/DesignSystem.jsx,button,416,OK,1,,sosp-btn sosp-btn-primari
DesignSystem.jsx,src/pages/features/DesignSystem.jsx,article,421,OK,3,,sosp-card border-l-4 border-l-[#16A34A]
DesignSystem.jsx,src/pages/features/DesignSystem.jsx,div,422,OK,5,,p-6
DesignSystem.jsx,src/pages/features/DesignSystem.jsx,div,423,OK,5,,flex items-center gap-2 mb-2
DesignSystem.jsx,src/pages/features/DesignSystem.jsx,span,424,OK,1,,text-[#16A34A]
DesignSystem.jsx,src/pages/features/DesignSystem.jsx,h3,425,OK,1,,text-lg font-bold text-stone-900 m-0
DesignSystem.jsx,src/pages/features/DesignSystem.jsx,p,427,OK,1,,text-stone-600
DesignSystem.jsx,src/pages/features/DesignSystem.jsx,section,439,OK,5,,mb-16
DesignSystem.jsx,src/pages/features/DesignSystem.jsx,h2,440,OK,1,,sosp-h2 mb-6
DesignSystem.jsx,src/pages/features/DesignSystem.jsx,div,442,OK,9,,space-y-4 mb-8
DesignSystem.jsx,src/pages/features/DesignSystem.jsx,div,443,OK,5,,sosp-alert sosp-alert-info
DesignSystem.jsx,src/pages/features/DesignSystem.jsx,span,444,OK,1,,sosp-alert-icon
DesignSystem.jsx,src/pages/features/DesignSystem.jsx,div,445,OK,5,,
DesignSystem.jsx,src/pages/features/DesignSystem.jsx,p,446,OK,1,,font-bold m-0
DesignSystem.jsx,src/pages/features/DesignSystem.jsx,p,447,OK,1,,text-sm m-0
DesignSystem.jsx,src/pages/features/DesignSystem.jsx,div,451,OK,5,,sosp-alert sosp-alert-success
DesignSystem.jsx,src/pages/features/DesignSystem.jsx,span,452,OK,1,,sosp-alert-icon
DesignSystem.jsx,src/pages/features/DesignSystem.jsx,div,453,OK,5,,
DesignSystem.jsx,src/pages/features/DesignSystem.jsx,p,454,OK,1,,font-bold m-0
DesignSystem.jsx,src/pages/features/DesignSystem.jsx,p,455,OK,1,,text-sm m-0
DesignSystem.jsx,src/pages/features/DesignSystem.jsx,div,459,OK,5,,sosp-alert sosp-alert-warning
DesignSystem.jsx,src/pages/features/DesignSystem.jsx,span,460,OK,1,,sosp-alert-icon
DesignSystem.jsx,src/pages/features/DesignSystem.jsx,div,461,OK,5,,
DesignSystem.jsx,src/pages/features/DesignSystem.jsx,p,462,OK,1,,font-bold m-0
DesignSystem.jsx,src/pages/features/DesignSystem.jsx,p,463,OK,1,,text-sm m-0
DesignSystem.jsx,src/pages/features/DesignSystem.jsx,div,467,OK,5,,sosp-alert sosp-alert-error
DesignSystem.jsx,src/pages/features/DesignSystem.jsx,span,468,OK,1,,sosp-alert-icon
DesignSystem.jsx,src/pages/features/DesignSystem.jsx,div,469,OK,5,,
DesignSystem.jsx,src/pages/features/DesignSystem.jsx,p,470,OK,1,,font-bold m-0
DesignSystem.jsx,src/pages/features/DesignSystem.jsx,p,471,OK,1,,text-sm m-0
DesignSystem.jsx,src/pages/features/DesignSystem.jsx,section,480,OK,9,,mb-16
DesignSystem.jsx,src/pages/features/DesignSystem.jsx,h2,481,OK,1,,sosp-h2 mb-6
DesignSystem.jsx,src/pages/features/DesignSystem.jsx,div,483,OK,13,,flex flex-wrap gap-3 mb-8
DesignSystem.jsx,src/pages/features/DesignSystem.jsx,span,484,OK,1,,sosp-badge sosp-badge-default
DesignSystem.jsx,src/pages/features/DesignSystem.jsx,span,485,OK,1,,sosp-badge sosp-badge-primari
DesignSystem.jsx,src/pages/features/DesignSystem.jsx,span,486,OK,1,,sosp-badge sosp-badge-exit
DesignSystem.jsx,src/pages/features/DesignSystem.jsx,span,487,OK,1,,sosp-badge sosp-badge-avis
DesignSystem.jsx,src/pages/features/DesignSystem.jsx,span,488,OK,1,,sosp-badge sosp-badge-perill
DesignSystem.jsx,src/pages/features/DesignSystem.jsx,span,489,OK,1,,sosp-badge sosp-badge-info
DesignSystem.jsx,src/pages/features/DesignSystem.jsx,h3,492,OK,1,,sosp-h3 mb-4
DesignSystem.jsx,src/pages/features/DesignSystem.jsx,div,493,OK,11,,flex flex-wrap gap-2
DesignSystem.jsx,src/pages/features/DesignSystem.jsx,span,494,OK,1,,sosp-tag
DesignSystem.jsx,src/pages/features/DesignSystem.jsx,span,495,OK,1,,sosp-tag
DesignSystem.jsx,src/pages/features/DesignSystem.jsx,span,496,OK,1,,sosp-tag
DesignSystem.jsx,src/pages/features/DesignSystem.jsx,span,497,OK,1,,sosp-tag
DesignSystem.jsx,src/pages/features/DesignSystem.jsx,span,498,OK,1,,sosp-tag
DesignSystem.jsx,src/pages/features/DesignSystem.jsx,section,505,OK,9,,mb-16
DesignSystem.jsx,src/pages/features/DesignSystem.jsx,h2,506,OK,1,,sosp-h2 mb-6
DesignSystem.jsx,src/pages/features/DesignSystem.jsx,div,508,OK,3,,overflow-x-auto
DesignSystem.jsx,src/pages/features/DesignSystem.jsx,table,509,OK,5,,sosp-table
DesignSystem.jsx,src/pages/features/DesignSystem.jsx,thead,510,OK,3,,
DesignSystem.jsx,src/pages/features/DesignSystem.jsx,tr,511,OK,11,,
DesignSystem.jsx,src/pages/features/DesignSystem.jsx,th,512,OK,1,,
DesignSystem.jsx,src/pages/features/DesignSystem.jsx,th,513,OK,1,,
DesignSystem.jsx,src/pages/features/DesignSystem.jsx,th,514,OK,1,,
DesignSystem.jsx,src/pages/features/DesignSystem.jsx,th,515,OK,1,,
DesignSystem.jsx,src/pages/features/DesignSystem.jsx,th,516,OK,1,,
DesignSystem.jsx,src/pages/features/DesignSystem.jsx,tbody,519,OK,7,,
DesignSystem.jsx,src/pages/features/DesignSystem.jsx,tr,520,OK,11,,
DesignSystem.jsx,src/pages/features/DesignSystem.jsx,td,521,OK,1,,font-medium
DesignSystem.jsx,src/pages/features/DesignSystem.jsx,td,522,OK,1,,
DesignSystem.jsx,src/pages/features/DesignSystem.jsx,td,523,OK,1,,
DesignSystem.jsx,src/pages/features/DesignSystem.jsx,td,524,OK,1,,
DesignSystem.jsx,src/pages/features/DesignSystem.jsx,span,524,OK,1,,sosp-badge sosp-badge-exit
DesignSystem.jsx,src/pages/features/DesignSystem.jsx,td,525,OK,3,,
DesignSystem.jsx,src/pages/features/DesignSystem.jsx,button,526,OK,1,,sosp-btn sosp-btn-enllac sosp-btn-sm
DesignSystem.jsx,src/pages/features/DesignSystem.jsx,tr,529,OK,11,,
DesignSystem.jsx,src/pages/features/DesignSystem.jsx,td,530,OK,1,,font-medium
DesignSystem.jsx,src/pages/features/DesignSystem.jsx,td,531,OK,1,,
DesignSystem.jsx,src/pages/features/DesignSystem.jsx,td,532,OK,1,,
DesignSystem.jsx,src/pages/features/DesignSystem.jsx,td,533,OK,1,,
DesignSystem.jsx,src/pages/features/DesignSystem.jsx,span,533,OK,1,,sosp-badge sosp-badge-primari
DesignSystem.jsx,src/pages/features/DesignSystem.jsx,td,534,OK,3,,
DesignSystem.jsx,src/pages/features/DesignSystem.jsx,button,535,OK,1,,sosp-btn sosp-btn-enllac sosp-btn-sm
DesignSystem.jsx,src/pages/features/DesignSystem.jsx,tr,538,OK,11,,
DesignSystem.jsx,src/pages/features/DesignSystem.jsx,td,539,OK,1,,font-medium
DesignSystem.jsx,src/pages/features/DesignSystem.jsx,td,540,OK,1,,
DesignSystem.jsx,src/pages/features/DesignSystem.jsx,td,541,OK,1,,
DesignSystem.jsx,src/pages/features/DesignSystem.jsx,td,542,OK,1,,
DesignSystem.jsx,src/pages/features/DesignSystem.jsx,span,542,OK,1,,sosp-badge sosp-badge-avis
DesignSystem.jsx,src/pages/features/DesignSystem.jsx,td,543,OK,3,,
DesignSystem.jsx,src/pages/features/DesignSystem.jsx,button,544,OK,1,,sosp-btn sosp-btn-enllac sosp-btn-sm
DesignSystem.jsx,src/pages/features/DesignSystem.jsx,h3,551,OK,1,,sosp-h3 mb-4 mt-8
DesignSystem.jsx,src/pages/features/DesignSystem.jsx,div,552,OK,3,,overflow-x-auto
DesignSystem.jsx,src/pages/features/DesignSystem.jsx,table,553,OK,5,,sosp-table sosp-table-zebra
DesignSystem.jsx,src/pages/features/DesignSystem.jsx,thead,554,OK,3,,
DesignSystem.jsx,src/pages/features/DesignSystem.jsx,tr,555,OK,7,,
DesignSystem.jsx,src/pages/features/DesignSystem.jsx,th,556,OK,1,,
DesignSystem.jsx,src/pages/features/DesignSystem.jsx,th,557,OK,1,,
DesignSystem.jsx,src/pages/features/DesignSystem.jsx,th,558,OK,1,,
DesignSystem.jsx,src/pages/features/DesignSystem.jsx,tbody,561,OK,7,,
DesignSystem.jsx,src/pages/features/DesignSystem.jsx,tr,562,OK,3,,
DesignSystem.jsx,src/pages/features/DesignSystem.jsx,td,562,OK,1,,
DesignSystem.jsx,src/pages/features/DesignSystem.jsx,td,562,OK,1,,
DesignSystem.jsx,src/pages/features/DesignSystem.jsx,td,562,OK,1,,
DesignSystem.jsx,src/pages/features/DesignSystem.jsx,tr,563,OK,3,,
DesignSystem.jsx,src/pages/features/DesignSystem.jsx,td,563,OK,1,,
DesignSystem.jsx,src/pages/features/DesignSystem.jsx,td,563,OK,1,,
DesignSystem.jsx,src/pages/features/DesignSystem.jsx,td,563,OK,1,,
DesignSystem.jsx,src/pages/features/DesignSystem.jsx,tr,564,OK,3,,
DesignSystem.jsx,src/pages/features/DesignSystem.jsx,td,564,OK,1,,
DesignSystem.jsx,src/pages/features/DesignSystem.jsx,td,564,OK,1,,
DesignSystem.jsx,src/pages/features/DesignSystem.jsx,td,564,OK,1,,
DesignSystem.jsx,src/pages/features/DesignSystem.jsx,section,573,OK,11,,mb-16
DesignSystem.jsx,src/pages/features/DesignSystem.jsx,h2,574,OK,1,,sosp-h2 mb-6
DesignSystem.jsx,src/pages/features/DesignSystem.jsx,h3,576,OK,1,,sosp-h3 mb-4
DesignSystem.jsx,src/pages/features/DesignSystem.jsx,nav,577,OK,3,,sosp-navbar mb-8
DesignSystem.jsx,src/pages/features/DesignSystem.jsx,div,578,OK,3,,flex items-center justify-between
DesignSystem.jsx,src/pages/features/DesignSystem.jsx,div,579,OK,5,,flex items-center gap-6
DesignSystem.jsx,src/pages/features/DesignSystem.jsx,a,580,OK,1,href,sosp-nav-logo
DesignSystem.jsx,src/pages/features/DesignSystem.jsx,div,581,OK,7,,flex gap-4
DesignSystem.jsx,src/pages/features/DesignSystem.jsx,a,582,OK,1,href,sosp-nav-link sosp-nav-link-active
DesignSystem.jsx,src/pages/features/DesignSystem.jsx,a,583,OK,1,href,sosp-nav-link
DesignSystem.jsx,src/pages/features/DesignSystem.jsx,a,584,OK,1,href,sosp-nav-link
DesignSystem.jsx,src/pages/features/DesignSystem.jsx,h3,590,OK,1,,sosp-h3 mb-4
DesignSystem.jsx,src/pages/features/DesignSystem.jsx,nav,591,OK,15,aria-label,sosp-pagination
DesignSystem.jsx,src/pages/features/DesignSystem.jsx,button,592,OK,1,disabled,sosp-pagination-btn
DesignSystem.jsx,src/pages/features/DesignSystem.jsx,button,593,OK,1,,sosp-pagination-btn sosp-pagination-active
DesignSystem.jsx,src/pages/features/DesignSystem.jsx,button,594,OK,1,,sosp-pagination-btn
DesignSystem.jsx,src/pages/features/DesignSystem.jsx,button,595,OK,1,,sosp-pagination-btn
DesignSystem.jsx,src/pages/features/DesignSystem.jsx,span,596,OK,1,,px-2
DesignSystem.jsx,src/pages/features/DesignSystem.jsx,button,597,OK,1,,sosp-pagination-btn
DesignSystem.jsx,src/pages/features/DesignSystem.jsx,button,598,OK,1,,sosp-pagination-btn
DesignSystem.jsx,src/pages/features/DesignSystem.jsx,section,605,OK,5,,mb-16
DesignSystem.jsx,src/pages/features/DesignSystem.jsx,h2,606,OK,1,,sosp-h2 mb-6
DesignSystem.jsx,src/pages/features/DesignSystem.jsx,div,608,OK,5,,relative h-64 bg-stone-200 rounded p-4 mb-8
DesignSystem.jsx,src/pages/features/DesignSystem.jsx,div,610,OK,3,,absolute inset-0 flex items-center justify-center bg-black/50 rounded overflow-hidden
DesignSystem.jsx,src/pages/features/DesignSystem.jsx,div,611,OK,3,,bg-white rounded-lg shadow-xl max-w-md w-full mx-4
DesignSystem.jsx,src/pages/features/DesignSystem.jsx,div,612,OK,7,,p-6
DesignSystem.jsx,src/pages/features/DesignSystem.jsx,h3,613,OK,1,,text-xl font-bold text-stone-900 mb-2 mt-0
DesignSystem.jsx,src/pages/features/DesignSystem.jsx,p,616,OK,1,,text-stone-600 mb-6 mt-0
DesignSystem.jsx,src/pages/features/DesignSystem.jsx,div,619,OK,5,,flex gap-3 justify-end
DesignSystem.jsx,src/pages/features/DesignSystem.jsx,button,620,OK,1,,sosp-btn sosp-btn-fantasma
DesignSystem.jsx,src/pages/features/DesignSystem.jsx,button,621,OK,1,,sosp-btn sosp-btn-perill
DesignSystem.jsx,src/pages/features/DesignSystem.jsx,section,632,OK,9,,mb-16
DesignSystem.jsx,src/pages/features/DesignSystem.jsx,h2,633,OK,1,,sosp-h2 mb-6
DesignSystem.jsx,src/pages/features/DesignSystem.jsx,div,635,OK,7,,flex flex-wrap gap-8 items-center mb-8
DesignSystem.jsx,src/pages/features/DesignSystem.jsx,div,636,OK,5,,text-center
DesignSystem.jsx,src/pages/features/DesignSystem.jsx,div,637,OK,0,,sosp-spinner sosp-spinner-sm
DesignSystem.jsx,src/pages/features/DesignSystem.jsx,p,638,OK,1,,text-xs text-gray-500 mt-2
DesignSystem.jsx,src/pages/features/DesignSystem.jsx,div,640,OK,5,,text-center
DesignSystem.jsx,src/pages/features/DesignSystem.jsx,div,641,OK,0,,sosp-spinner
DesignSystem.jsx,src/pages/features/DesignSystem.jsx,p,642,OK,1,,text-xs text-gray-500 mt-2
DesignSystem.jsx,src/pages/features/DesignSystem.jsx,div,644,OK,5,,text-center
DesignSystem.jsx,src/pages/features/DesignSystem.jsx,div,645,OK,0,,sosp-spinner sosp-spinner-lg
DesignSystem.jsx,src/pages/features/DesignSystem.jsx,p,646,OK,1,,text-xs text-gray-500 mt-2
DesignSystem.jsx,src/pages/features/DesignSystem.jsx,h3,650,OK,1,,sosp-h3 mb-4
DesignSystem.jsx,src/pages/features/DesignSystem.jsx,div,651,OK,9,,sosp-card p-6 max-w-sm
DesignSystem.jsx,src/pages/features/DesignSystem.jsx,div,652,OK,0,,sosp-skeleton sosp-skeleton-circle w-12 h-12 mb-4
DesignSystem.jsx,src/pages/features/DesignSystem.jsx,div,653,OK,0,,sosp-skeleton w-3/4 h-4 mb-2
DesignSystem.jsx,src/pages/features/DesignSystem.jsx,div,654,OK,0,,sosp-skeleton w-full h-3 mb-2
DesignSystem.jsx,src/pages/features/DesignSystem.jsx,div,655,OK,0,,sosp-skeleton w-5/6 h-3
DesignSystem.jsx,src/pages/features/DesignSystem.jsx,section,662,OK,5,,mb-16
DesignSystem.jsx,src/pages/features/DesignSystem.jsx,h2,663,OK,1,,sosp-h2 mb-6
DesignSystem.jsx,src/pages/features/DesignSystem.jsx,div,665,OK,11,,flex flex-wrap gap-6 items-end mb-8
DesignSystem.jsx,src/pages/features/DesignSystem.jsx,div,666,OK,5,,text-center
DesignSystem.jsx,src/pages/features/DesignSystem.jsx,div,667,OK,1,,sosp-avatar sosp-avatar-xs
DesignSystem.jsx,src/pages/features/DesignSystem.jsx,p,668,OK,1,,text-xs text-gray-500 mt-1
DesignSystem.jsx,src/pages/features/DesignSystem.jsx,div,670,OK,5,,text-center
DesignSystem.jsx,src/pages/features/DesignSystem.jsx,div,671,OK,1,,sosp-avatar sosp-avatar-sm
DesignSystem.jsx,src/pages/features/DesignSystem.jsx,p,672,OK,1,,text-xs text-gray-500 mt-1
DesignSystem.jsx,src/pages/features/DesignSystem.jsx,div,674,OK,5,,text-center
DesignSystem.jsx,src/pages/features/DesignSystem.jsx,div,675,OK,1,,sosp-avatar sosp-avatar-md
DesignSystem.jsx,src/pages/features/DesignSystem.jsx,p,676,OK,1,,text-xs text-gray-500 mt-1
DesignSystem.jsx,src/pages/features/DesignSystem.jsx,div,678,OK,5,,text-center
DesignSystem.jsx,src/pages/features/DesignSystem.jsx,div,679,OK,1,,sosp-avatar sosp-avatar-lg
DesignSystem.jsx,src/pages/features/DesignSystem.jsx,p,680,OK,1,,text-xs text-gray-500 mt-1
DesignSystem.jsx,src/pages/features/DesignSystem.jsx,div,682,OK,5,,text-center
DesignSystem.jsx,src/pages/features/DesignSystem.jsx,div,683,OK,1,,sosp-avatar sosp-avatar-xl
DesignSystem.jsx,src/pages/features/DesignSystem.jsx,p,684,OK,1,,text-xs text-gray-500 mt-1
DesignSystem.jsx,src/pages/features/DesignSystem.jsx,section,692,OK,5,,mb-16
DesignSystem.jsx,src/pages/features/DesignSystem.jsx,h2,693,OK,1,,sosp-h2 mb-6
DesignSystem.jsx,src/pages/features/DesignSystem.jsx,div,695,OK,5,,sosp-card divide-y divide-stone-200
DesignSystem.jsx,src/pages/features/DesignSystem.jsx,details,696,OK,5,,group p-4
DesignSystem.jsx,src/pages/features/DesignSystem.jsx,summary,697,OK,5,,flex justify-between items-center cursor-pointer list-none font-semibold text-stone-800
DesignSystem.jsx,src/pages/features/DesignSystem.jsx,span,698,WRAPPER_INUTIL,1,,
DesignSystem.jsx,src/pages/features/DesignSystem.jsx,span,699,OK,1,,transition-transform group-open:rotate-180
DesignSystem.jsx,src/pages/features/DesignSystem.jsx,p,701,OK,1,,mt-3 text-stone-600 text-sm
DesignSystem.jsx,src/pages/features/DesignSystem.jsx,details,706,OK,5,,group p-4
DesignSystem.jsx,src/pages/features/DesignSystem.jsx,summary,707,OK,5,,flex justify-between items-center cursor-pointer list-none font-semibold text-stone-800
DesignSystem.jsx,src/pages/features/DesignSystem.jsx,span,708,WRAPPER_INUTIL,1,,
DesignSystem.jsx,src/pages/features/DesignSystem.jsx,span,709,OK,1,,transition-transform group-open:rotate-180
DesignSystem.jsx,src/pages/features/DesignSystem.jsx,p,711,OK,1,,mt-3 text-stone-600 text-sm
DesignSystem.jsx,src/pages/features/DesignSystem.jsx,section,722,OK,5,,mb-16
DesignSystem.jsx,src/pages/features/DesignSystem.jsx,h2,723,OK,1,,sosp-h2 mb-6
DesignSystem.jsx,src/pages/features/DesignSystem.jsx,div,725,OK,5,,sosp-card overflow-hidden
DesignSystem.jsx,src/pages/features/DesignSystem.jsx,div,726,OK,9,,flex border-b border-stone-200 overflow-x-auto
DesignSystem.jsx,src/pages/features/DesignSystem.jsx,button,727,OK,1,,sosp-tab sosp-tab-active
DesignSystem.jsx,src/pages/features/DesignSystem.jsx,button,728,OK,1,,sosp-tab
DesignSystem.jsx,src/pages/features/DesignSystem.jsx,button,729,OK,1,,sosp-tab
DesignSystem.jsx,src/pages/features/DesignSystem.jsx,button,730,OK,1,,sosp-tab
DesignSystem.jsx,src/pages/features/DesignSystem.jsx,div,732,OK,3,,p-6
DesignSystem.jsx,src/pages/features/DesignSystem.jsx,p,733,OK,1,,text-stone-600
DesignSystem.jsx,src/pages/features/DesignSystem.jsx,section,744,OK,5,,mb-16
DesignSystem.jsx,src/pages/features/DesignSystem.jsx,h2,745,OK,1,,sosp-h2 mb-6
DesignSystem.jsx,src/pages/features/DesignSystem.jsx,div,747,OK,5,,space-y-6 max-w-xl
DesignSystem.jsx,src/pages/features/DesignSystem.jsx,div,748,OK,5,,
DesignSystem.jsx,src/pages/features/DesignSystem.jsx,div,749,OK,5,,flex justify-between mb-1
DesignSystem.jsx,src/pages/features/DesignSystem.jsx,span,750,OK,1,,text-sm text-stone-700
DesignSystem.jsx,src/pages/features/DesignSystem.jsx,span,751,OK,1,,text-sm text-stone-500
DesignSystem.jsx,src/pages/features/DesignSystem.jsx,div,753,OK,3,,sosp-progress-bar
DesignSystem.jsx,src/pages/features/DesignSystem.jsx,div,754,ESTILS_MESCLATS,0,style,sosp-progress-fill
DesignSystem.jsx,src/pages/features/DesignSystem.jsx,div,757,OK,5,,
DesignSystem.jsx,src/pages/features/DesignSystem.jsx,div,758,OK,5,,flex justify-between mb-1
DesignSystem.jsx,src/pages/features/DesignSystem.jsx,span,759,OK,1,,text-sm text-stone-700
DesignSystem.jsx,src/pages/features/DesignSystem.jsx,span,760,OK,1,,text-sm text-stone-500
DesignSystem.jsx,src/pages/features/DesignSystem.jsx,div,762,OK,3,,sosp-progress-bar
DesignSystem.jsx,src/pages/features/DesignSystem.jsx,div,763,ESTILS_MESCLATS,0,style,sosp-progress-fill bg-[#2D5A3D]
DesignSystem.jsx,src/pages/features/DesignSystem.jsx,section,772,OK,5,,mb-16
DesignSystem.jsx,src/pages/features/DesignSystem.jsx,h2,773,OK,1,,sosp-h2 mb-6
DesignSystem.jsx,src/pages/features/DesignSystem.jsx,div,775,OK,5,,flex gap-8 items-center h-24
DesignSystem.jsx,src/pages/features/DesignSystem.jsx,div,776,OK,5,,sosp-tooltip-container
DesignSystem.jsx,src/pages/features/DesignSystem.jsx,button,777,OK,1,,sosp-btn sosp-btn-primari
DesignSystem.jsx,src/pages/features/DesignSystem.jsx,span,778,OK,1,,sosp-tooltip
DesignSystem.jsx,src/pages/features/DesignSystem.jsx,div,780,OK,5,,sosp-tooltip-container
DesignSystem.jsx,src/pages/features/DesignSystem.jsx,span,781,OK,1,,text-stone-600 border-b border-dotted border-stone-400 cursor-help
DesignSystem.jsx,src/pages/features/DesignSystem.jsx,span,784,OK,1,,sosp-tooltip
DesignSystem.jsx,src/pages/features/DesignSystem.jsx,section,792,OK,5,,mb-16
DesignSystem.jsx,src/pages/features/DesignSystem.jsx,h2,793,OK,1,,sosp-h2 mb-6
DesignSystem.jsx,src/pages/features/DesignSystem.jsx,div,795,OK,5,,grid grid-cols-1 md:grid-cols-2 gap-8
DesignSystem.jsx,src/pages/features/DesignSystem.jsx,div,796,OK,5,,
DesignSystem.jsx,src/pages/features/DesignSystem.jsx,h3,797,OK,1,,sosp-h3 mb-4
DesignSystem.jsx,src/pages/features/DesignSystem.jsx,ol,798,OK,9,,sosp-list-ordered
DesignSystem.jsx,src/pages/features/DesignSystem.jsx,li,799,OK,1,,
DesignSystem.jsx,src/pages/features/DesignSystem.jsx,li,800,OK,1,,
DesignSystem.jsx,src/pages/features/DesignSystem.jsx,li,801,OK,1,,
DesignSystem.jsx,src/pages/features/DesignSystem.jsx,li,802,OK,1,,
DesignSystem.jsx,src/pages/features/DesignSystem.jsx,div,805,OK,5,,
DesignSystem.jsx,src/pages/features/DesignSystem.jsx,h3,806,OK,1,,sosp-h3 mb-4
DesignSystem.jsx,src/pages/features/DesignSystem.jsx,ul,807,OK,7,,sosp-list-unordered
DesignSystem.jsx,src/pages/features/DesignSystem.jsx,li,808,OK,1,,
DesignSystem.jsx,src/pages/features/DesignSystem.jsx,li,809,OK,1,,
DesignSystem.jsx,src/pages/features/DesignSystem.jsx,li,810,OK,1,,
DesignSystem.jsx,src/pages/features/DesignSystem.jsx,section,819,OK,5,,mb-16
DesignSystem.jsx,src/pages/features/DesignSystem.jsx,h2,820,OK,1,,sosp-h2 mb-6
DesignSystem.jsx,src/pages/features/DesignSystem.jsx,div,822,OK,11,,space-y-8
DesignSystem.jsx,src/pages/features/DesignSystem.jsx,div,823,OK,5,,
DesignSystem.jsx,src/pages/features/DesignSystem.jsx,p,824,OK,1,,text-sm text-gray-500 mb-2
DesignSystem.jsx,src/pages/features/DesignSystem.jsx,hr,825,OK,0,,sosp-divisor
DesignSystem.jsx,src/pages/features/DesignSystem.jsx,div,827,OK,5,,
DesignSystem.jsx,src/pages/features/DesignSystem.jsx,p,828,OK,1,,text-sm text-gray-500 mb-2
DesignSystem.jsx,src/pages/features/DesignSystem.jsx,div,829,OK,7,,sosp-divisor-amb-etiqueta
DesignSystem.jsx,src/pages/features/DesignSystem.jsx,hr,830,FANTASMA_BUIT,0,,
DesignSystem.jsx,src/pages/features/DesignSystem.jsx,span,831,WRAPPER_INUTIL,1,,
DesignSystem.jsx,src/pages/features/DesignSystem.jsx,hr,832,FANTASMA_BUIT,0,,
DesignSystem.jsx,src/pages/features/DesignSystem.jsx,div,835,OK,5,,
DesignSystem.jsx,src/pages/features/DesignSystem.jsx,p,836,OK,1,,text-sm text-gray-500 mb-2
DesignSystem.jsx,src/pages/features/DesignSystem.jsx,hr,837,OK,0,,sosp-divisor-seccio
DesignSystem.jsx,src/pages/features/DesignSystem.jsx,div,839,OK,5,,
DesignSystem.jsx,src/pages/features/DesignSystem.jsx,p,840,OK,1,,text-sm text-gray-500 mb-2
DesignSystem.jsx,src/pages/features/DesignSystem.jsx,hr,841,OK,0,,sosp-divisor-puntejat
DesignSystem.jsx,src/pages/features/DesignSystem.jsx,div,843,OK,5,,
DesignSystem.jsx,src/pages/features/DesignSystem.jsx,p,844,OK,1,,text-sm text-gray-500 mb-2
DesignSystem.jsx,src/pages/features/DesignSystem.jsx,div,845,OK,0,role aria-label,sosp-salt-pagina
DesignSystem.jsx,src/pages/features/DesignSystem.jsx,section,853,OK,5,,mb-16
DesignSystem.jsx,src/pages/features/DesignSystem.jsx,h2,854,OK,1,,sosp-h2 mb-6
DesignSystem.jsx,src/pages/features/DesignSystem.jsx,div,856,OK,11,,space-y-8 max-w-xl
DesignSystem.jsx,src/pages/features/DesignSystem.jsx,div,857,OK,5,,
DesignSystem.jsx,src/pages/features/DesignSystem.jsx,p,858,OK,1,,text-sm text-gray-500 mb-2
DesignSystem.jsx,src/pages/features/DesignSystem.jsx,div,859,OK,3,role aria-valuenow aria-valuemin aria-valuemax,sosp-progres
DesignSystem.jsx,src/pages/features/DesignSystem.jsx,div,860,ESTILS_MESCLATS,0,style,sosp-progres-barra
DesignSystem.jsx,src/pages/features/DesignSystem.jsx,div,864,OK,5,,
DesignSystem.jsx,src/pages/features/DesignSystem.jsx,p,865,OK,1,,text-sm text-gray-500 mb-2
DesignSystem.jsx,src/pages/features/DesignSystem.jsx,div,866,OK,5,,sosp-progres sosp-progres-amb-etiqueta
DesignSystem.jsx,src/pages/features/DesignSystem.jsx,div,867,OK,5,,sosp-progres-cap
DesignSystem.jsx,src/pages/features/DesignSystem.jsx,span,868,WRAPPER_INUTIL,1,,
DesignSystem.jsx,src/pages/features/DesignSystem.jsx,span,869,WRAPPER_INUTIL,1,,
DesignSystem.jsx,src/pages/features/DesignSystem.jsx,div,871,OK,3,,sosp-progres-barra-fons
DesignSystem.jsx,src/pages/features/DesignSystem.jsx,div,872,ESTILS_MESCLATS,0,style,sosp-progres-barra
DesignSystem.jsx,src/pages/features/DesignSystem.jsx,div,877,OK,5,,
DesignSystem.jsx,src/pages/features/DesignSystem.jsx,p,878,OK,1,,text-sm text-gray-500 mb-2
DesignSystem.jsx,src/pages/features/DesignSystem.jsx,div,879,OK,11,aria-label,sosp-progres-pasos
DesignSystem.jsx,src/pages/features/DesignSystem.jsx,div,880,OK,5,,sosp-pas sosp-pas-completat
DesignSystem.jsx,src/pages/features/DesignSystem.jsx,span,881,OK,1,,sosp-pas-numero
DesignSystem.jsx,src/pages/features/DesignSystem.jsx,span,882,OK,1,,sosp-pas-titol
DesignSystem.jsx,src/pages/features/DesignSystem.jsx,div,884,OK,0,,sosp-pas-connector sosp-pas-connector-completat
DesignSystem.jsx,src/pages/features/DesignSystem.jsx,div,885,OK,5,,sosp-pas sosp-pas-completat
DesignSystem.jsx,src/pages/features/DesignSystem.jsx,span,886,OK,1,,sosp-pas-numero
DesignSystem.jsx,src/pages/features/DesignSystem.jsx,span,887,OK,1,,sosp-pas-titol
DesignSystem.jsx,src/pages/features/DesignSystem.jsx,div,889,OK,0,,sosp-pas-connector
DesignSystem.jsx,src/pages/features/DesignSystem.jsx,div,890,OK,5,aria-current,sosp-pas sosp-pas-actiu
DesignSystem.jsx,src/pages/features/DesignSystem.jsx,span,891,OK,1,,sosp-pas-numero
DesignSystem.jsx,src/pages/features/DesignSystem.jsx,span,892,OK,1,,sosp-pas-titol
DesignSystem.jsx,src/pages/features/DesignSystem.jsx,div,897,OK,5,,
DesignSystem.jsx,src/pages/features/DesignSystem.jsx,p,898,OK,1,,text-sm text-gray-500 mb-2
DesignSystem.jsx,src/pages/features/DesignSystem.jsx,div,899,OK,3,role aria-label,sosp-spinner
DesignSystem.jsx,src/pages/features/DesignSystem.jsx,div,900,OK,0,,sosp-spinner-cercle
DesignSystem.jsx,src/pages/features/DesignSystem.jsx,div,904,OK,5,,
DesignSystem.jsx,src/pages/features/DesignSystem.jsx,p,905,OK,1,,text-sm text-gray-500 mb-2
DesignSystem.jsx,src/pages/features/DesignSystem.jsx,div,906,OK,7,aria-hidden,sosp-skeleton
DesignSystem.jsx,src/pages/features/DesignSystem.jsx,div,907,OK,0,,sosp-skeleton-linia sosp-skeleton-linia-curta
DesignSystem.jsx,src/pages/features/DesignSystem.jsx,div,908,OK,0,,sosp-skeleton-linia
DesignSystem.jsx,src/pages/features/DesignSystem.jsx,div,909,OK,0,,sosp-skeleton-linia sosp-skeleton-linia-mitja
DesignSystem.jsx,src/pages/features/DesignSystem.jsx,section,918,OK,5,,mb-16
DesignSystem.jsx,src/pages/features/DesignSystem.jsx,h2,919,OK,1,,sosp-h2 mb-6
DesignSystem.jsx,src/pages/features/DesignSystem.jsx,div,921,OK,7,,space-y-8
DesignSystem.jsx,src/pages/features/DesignSystem.jsx,div,922,OK,5,,
DesignSystem.jsx,src/pages/features/DesignSystem.jsx,p,923,OK,1,,text-sm text-gray-500 mb-4
DesignSystem.jsx,src/pages/features/DesignSystem.jsx,div,924,OK,7,,sosp-galeria
DesignSystem.jsx,src/pages/features/DesignSystem.jsx,figure,925,OK,5,,sosp-galeria-item
DesignSystem.jsx,src/pages/features/DesignSystem.jsx,img,926,OK,0,src alt,bg-stone-200 aspect-video object-cover w-full rounded-md
DesignSystem.jsx,src/pages/features/DesignSystem.jsx,figcaption,927,OK,1,,
DesignSystem.jsx,src/pages/features/DesignSystem.jsx,figure,929,OK,5,,sosp-galeria-item
DesignSystem.jsx,src/pages/features/DesignSystem.jsx,img,930,OK,0,src alt,bg-stone-200 aspect-video object-cover w-full rounded-md
DesignSystem.jsx,src/pages/features/DesignSystem.jsx,figcaption,931,OK,1,,
DesignSystem.jsx,src/pages/features/DesignSystem.jsx,figure,933,OK,5,,sosp-galeria-item
DesignSystem.jsx,src/pages/features/DesignSystem.jsx,img,934,OK,0,src alt,bg-stone-200 aspect-video object-cover w-full rounded-md
DesignSystem.jsx,src/pages/features/DesignSystem.jsx,figcaption,935,OK,1,,
DesignSystem.jsx,src/pages/features/DesignSystem.jsx,div,940,OK,5,,
DesignSystem.jsx,src/pages/features/DesignSystem.jsx,p,941,OK,1,,text-sm text-gray-500 mb-4
DesignSystem.jsx,src/pages/features/DesignSystem.jsx,div,942,OK,7,,sosp-galeria sosp-galeria-masonry
DesignSystem.jsx,src/pages/features/DesignSystem.jsx,figure,943,OK,5,,sosp-galeria-item sosp-galeria-item-gran
DesignSystem.jsx,src/pages/features/DesignSystem.jsx,img,944,OK,0,src alt,bg-stone-200 aspect-square object-cover w-full rounded-md
DesignSystem.jsx,src/pages/features/DesignSystem.jsx,figcaption,945,OK,1,,
DesignSystem.jsx,src/pages/features/DesignSystem.jsx,figure,947,OK,5,,sosp-galeria-item
DesignSystem.jsx,src/pages/features/DesignSystem.jsx,img,948,OK,0,src alt,bg-stone-200 aspect-video object-cover w-full rounded-md
DesignSystem.jsx,src/pages/features/DesignSystem.jsx,figcaption,949,OK,1,,
DesignSystem.jsx,src/pages/features/DesignSystem.jsx,figure,951,OK,5,,sosp-galeria-item sosp-galeria-item-alt
DesignSystem.jsx,src/pages/features/DesignSystem.jsx,img,952,OK,0,src alt,bg-stone-200 h-48 object-cover w-full rounded-md
DesignSystem.jsx,src/pages/features/DesignSystem.jsx,figcaption,953,OK,1,,
DesignSystem.jsx,src/pages/features/DesignSystem.jsx,div,958,OK,5,,
DesignSystem.jsx,src/pages/features/DesignSystem.jsx,p,959,OK,1,,text-sm text-gray-500 mb-4
DesignSystem.jsx,src/pages/features/DesignSystem.jsx,div,960,OK,5,role aria-label,sosp-carrousel
DesignSystem.jsx,src/pages/features/DesignSystem.jsx,div,961,OK,3,,sosp-carrousel-visualitzador
DesignSystem.jsx,src/pages/features/DesignSystem.jsx,figure,962,OK,5,,sosp-carrousel-diapositiva sosp-carrousel-diapositiva-actiu
DesignSystem.jsx,src/pages/features/DesignSystem.jsx,img,963,OK,0,src alt,bg-stone-200 aspect-video object-cover w-full rounded-md
DesignSystem.jsx,src/pages/features/DesignSystem.jsx,figcaption,964,OK,1,,
DesignSystem.jsx,src/pages/features/DesignSystem.jsx,div,967,OK,7,,sosp-carrousel-controls
DesignSystem.jsx,src/pages/features/DesignSystem.jsx,button,968,OK,1,type aria-label,sosp-boto sosp-boto-icona
DesignSystem.jsx,src/pages/features/DesignSystem.jsx,div,969,OK,7,,sosp-carrousel-indicadors
DesignSystem.jsx,src/pages/features/DesignSystem.jsx,button,970,OK,0,type aria-label aria-current,sosp-carrousel-punt sosp-carrousel-punt-actiu
DesignSystem.jsx,src/pages/features/DesignSystem.jsx,button,971,OK,0,type aria-label,sosp-carrousel-punt
DesignSystem.jsx,src/pages/features/DesignSystem.jsx,button,972,OK,0,type aria-label,sosp-carrousel-punt
DesignSystem.jsx,src/pages/features/DesignSystem.jsx,button,974,OK,1,type aria-label,sosp-boto sosp-boto-icona
DesignSystem.jsx,src/pages/features/DesignSystem.jsx,section,984,OK,5,,mb-16
DesignSystem.jsx,src/pages/features/DesignSystem.jsx,h2,985,OK,1,,sosp-h2 mb-6
DesignSystem.jsx,src/pages/features/DesignSystem.jsx,div,987,OK,5,,space-y-8
DesignSystem.jsx,src/pages/features/DesignSystem.jsx,div,988,OK,5,,
DesignSystem.jsx,src/pages/features/DesignSystem.jsx,p,989,OK,1,,text-sm text-gray-500 mb-4
DesignSystem.jsx,src/pages/features/DesignSystem.jsx,dl,990,OK,7,,sosp-glossari bg-stone-50 border border-stone-200 rounded-lg p-6
DesignSystem.jsx,src/pages/features/DesignSystem.jsx,div,991,OK,5,,sosp-glossari-entrada mb-4 pb-4 border-b border-stone-200 last:border-0 last:mb-0 last:pb-0
DesignSystem.jsx,src/pages/features/DesignSystem.jsx,dt,992,OK,1,,font-bold text-stone-900 text-lg mb-1
DesignSystem.jsx,src/pages/features/DesignSystem.jsx,dd,993,OK,1,,text-stone-700
DesignSystem.jsx,src/pages/features/DesignSystem.jsx,div,995,OK,5,,sosp-glossari-entrada mb-4 pb-4 border-b border-stone-200 last:border-0 last:mb-0 last:pb-0
DesignSystem.jsx,src/pages/features/DesignSystem.jsx,dt,996,OK,1,,font-bold text-stone-900 text-lg mb-1
DesignSystem.jsx,src/pages/features/DesignSystem.jsx,dd,997,OK,1,,text-stone-700
DesignSystem.jsx,src/pages/features/DesignSystem.jsx,div,999,OK,5,,sosp-glossari-entrada mb-4 pb-4 border-b border-stone-200 last:border-0 last:mb-0 last:pb-0
DesignSystem.jsx,src/pages/features/DesignSystem.jsx,dt,1000,OK,1,,font-bold text-stone-900 text-lg mb-1
DesignSystem.jsx,src/pages/features/DesignSystem.jsx,dd,1001,OK,1,,text-stone-700
DesignSystem.jsx,src/pages/features/DesignSystem.jsx,div,1006,OK,5,,
DesignSystem.jsx,src/pages/features/DesignSystem.jsx,p,1007,OK,1,,text-sm text-gray-500 mb-4
DesignSystem.jsx,src/pages/features/DesignSystem.jsx,dl,1008,OK,17,,sosp-definicio-horizontal grid grid-cols-2 gap-x-4 gap-y-2 bg-stone-50 border border-stone-200 rounded-lg p-6 max-w-sm
DesignSystem.jsx,src/pages/features/DesignSystem.jsx,dt,1009,OK,1,,font-bold text-stone-600
DesignSystem.jsx,src/pages/features/DesignSystem.jsx,dd,1010,OK,1,,text-stone-900 text-right
DesignSystem.jsx,src/pages/features/DesignSystem.jsx,dt,1011,OK,1,,font-bold text-stone-600
DesignSystem.jsx,src/pages/features/DesignSystem.jsx,dd,1012,OK,1,,text-stone-900 text-right
DesignSystem.jsx,src/pages/features/DesignSystem.jsx,dt,1013,OK,1,,font-bold text-stone-600
DesignSystem.jsx,src/pages/features/DesignSystem.jsx,dd,1014,OK,1,,text-stone-900 text-right
DesignSystem.jsx,src/pages/features/DesignSystem.jsx,dt,1015,OK,1,,font-bold text-stone-600
DesignSystem.jsx,src/pages/features/DesignSystem.jsx,dd,1016,OK,1,,text-stone-900 text-right
DesignSystem.jsx,src/pages/features/DesignSystem.jsx,section,1025,OK,5,,mb-16
DesignSystem.jsx,src/pages/features/DesignSystem.jsx,h2,1026,OK,1,,sosp-h2 mb-6
DesignSystem.jsx,src/pages/features/DesignSystem.jsx,div,1028,OK,3,,space-y-8
DesignSystem.jsx,src/pages/features/DesignSystem.jsx,div,1029,OK,5,,
DesignSystem.jsx,src/pages/features/DesignSystem.jsx,p,1030,OK,1,,text-sm text-gray-500 mb-4
DesignSystem.jsx,src/pages/features/DesignSystem.jsx,ol,1031,OK,7,aria-label,sosp-timeline relative border-l-2 border-stone-200 ml-3 pl-6 py-2 space-y-8
DesignSystem.jsx,src/pages/features/DesignSystem.jsx,li,1032,OK,7,,sosp-timeline-esdeveniment relative
DesignSystem.jsx,src/pages/features/DesignSystem.jsx,div,1033,OK,0,,absolute w-3 h-3 bg-stone-300 rounded-full -left-[31px] top-1.5 border-2 border-white
DesignSystem.jsx,src/pages/features/DesignSystem.jsx,time,1034,OK,1,dateTime,sosp-timeline-data text-sm font-bold text-orange-600 mb-1 block
DesignSystem.jsx,src/pages/features/DesignSystem.jsx,div,1035,OK,5,,sosp-timeline-contingut
DesignSystem.jsx,src/pages/features/DesignSystem.jsx,h4,1036,OK,1,,font-bold text-stone-900 text-lg
DesignSystem.jsx,src/pages/features/DesignSystem.jsx,p,1037,OK,1,,text-stone-600 mt-1
DesignSystem.jsx,src/pages/features/DesignSystem.jsx,li,1040,OK,7,,sosp-timeline-esdeveniment relative
DesignSystem.jsx,src/pages/features/DesignSystem.jsx,div,1041,OK,0,,absolute w-3 h-3 bg-stone-300 rounded-full -left-[31px] top-1.5 border-2 border-white
DesignSystem.jsx,src/pages/features/DesignSystem.jsx,time,1042,OK,1,dateTime,sosp-timeline-data text-sm font-bold text-orange-600 mb-1 block
DesignSystem.jsx,src/pages/features/DesignSystem.jsx,div,1043,OK,5,,sosp-timeline-contingut
DesignSystem.jsx,src/pages/features/DesignSystem.jsx,h4,1044,OK,1,,font-bold text-stone-900 text-lg
DesignSystem.jsx,src/pages/features/DesignSystem.jsx,p,1045,OK,1,,text-stone-600 mt-1
DesignSystem.jsx,src/pages/features/DesignSystem.jsx,li,1048,OK,7,,sosp-timeline-esdeveniment sosp-timeline-esdeveniment-actiu relative
DesignSystem.jsx,src/pages/features/DesignSystem.jsx,div,1049,OK,0,,absolute w-4 h-4 bg-orange-500 rounded-full -left-[33px] top-1 border-4 border-orange-100
DesignSystem.jsx,src/pages/features/DesignSystem.jsx,time,1050,OK,1,dateTime,sosp-timeline-data text-sm font-bold text-orange-600 mb-1 block
DesignSystem.jsx,src/pages/features/DesignSystem.jsx,div,1051,OK,5,,sosp-timeline-contingut
DesignSystem.jsx,src/pages/features/DesignSystem.jsx,h4,1052,OK,1,,font-bold text-stone-900 text-lg
DesignSystem.jsx,src/pages/features/DesignSystem.jsx,p,1053,OK,3,,text-stone-600 mt-1
DesignSystem.jsx,src/pages/features/DesignSystem.jsx,em,1053,OK,1,,
DesignSystem.jsx,src/pages/features/DesignSystem.jsx,section,1064,OK,5,,mb-16
DesignSystem.jsx,src/pages/features/DesignSystem.jsx,h2,1065,OK,1,,sosp-h2 mb-6
DesignSystem.jsx,src/pages/features/DesignSystem.jsx,div,1067,OK,13,,space-y-8
DesignSystem.jsx,src/pages/features/DesignSystem.jsx,div,1068,OK,5,,
DesignSystem.jsx,src/pages/features/DesignSystem.jsx,p,1069,OK,1,,text-sm text-gray-500 mb-4
DesignSystem.jsx,src/pages/features/DesignSystem.jsx,article,1070,OK,7,,sosp-targeta max-w-sm bg-white border border-stone-200 rounded-xl overflow-hidden shadow-sm hover:shadow-md transition-shadow
DesignSystem.jsx,src/pages/features/DesignSystem.jsx,header,1071,OK,3,,sosp-targeta-cap p-5 pb-0
DesignSystem.jsx,src/pages/features/DesignSystem.jsx,h3,1072,OK,1,,sosp-targeta-titol font-bold text-xl text-stone-900
DesignSystem.jsx,src/pages/features/DesignSystem.jsx,div,1074,OK,3,,sosp-targeta-cos p-5 text-stone-600
DesignSystem.jsx,src/pages/features/DesignSystem.jsx,p,1075,OK,1,,
DesignSystem.jsx,src/pages/features/DesignSystem.jsx,footer,1077,OK,3,,sosp-targeta-peu p-5 pt-0
DesignSystem.jsx,src/pages/features/DesignSystem.jsx,a,1078,OK,1,href,sosp-enllaç sosp-enllaç-fletxa text-orange-600 font-bold hover:underline
DesignSystem.jsx,src/pages/features/DesignSystem.jsx,div,1083,OK,5,,
DesignSystem.jsx,src/pages/features/DesignSystem.jsx,p,1084,OK,1,,text-sm text-gray-500 mb-4
DesignSystem.jsx,src/pages/features/DesignSystem.jsx,article,1085,OK,5,,sosp-targeta sosp-targeta-amb-imatge max-w-sm bg-white border border-stone-200 rounded-xl overflow-hidden shadow-sm hover:shadow-md transition-shadow
DesignSystem.jsx,src/pages/features/DesignSystem.jsx,figure,1086,OK,1,,sosp-targeta-imatge bg-stone-200 aspect-video flex items-center justify-center text-stone-400
DesignSystem.jsx,src/pages/features/DesignSystem.jsx,div,1089,OK,7,,sosp-targeta-cos p-5
DesignSystem.jsx,src/pages/features/DesignSystem.jsx,h3,1090,OK,1,,sosp-targeta-titol font-bold text-xl text-stone-900 mb-1
DesignSystem.jsx,src/pages/features/DesignSystem.jsx,p,1091,OK,1,,sosp-targeta-meta text-xs font-bold text-stone-400 uppercase tracking-wide mb-3
DesignSystem.jsx,src/pages/features/DesignSystem.jsx,p,1092,OK,1,,text-stone-600
DesignSystem.jsx,src/pages/features/DesignSystem.jsx,div,1097,OK,5,,
DesignSystem.jsx,src/pages/features/DesignSystem.jsx,p,1098,OK,1,,text-sm text-gray-500 mb-4
DesignSystem.jsx,src/pages/features/DesignSystem.jsx,a,1099,OK,3,href,sosp-targeta sosp-targeta-accio block max-w-sm bg-white border border-stone-200 rounded-xl overflow-hidden shadow-sm hover:shadow-md transition-all hover:-translate-y-1 group
DesignSystem.jsx,src/pages/features/DesignSystem.jsx,div,1100,OK,5,,sosp-targeta-cos p-6 flex justify-between items-center
DesignSystem.jsx,src/pages/features/DesignSystem.jsx,div,1101,OK,5,,
DesignSystem.jsx,src/pages/features/DesignSystem.jsx,h3,1102,OK,1,,sosp-targeta-titol font-bold text-xl text-stone-900 mb-1
DesignSystem.jsx,src/pages/features/DesignSystem.jsx,p,1103,OK,1,,text-stone-600
DesignSystem.jsx,src/pages/features/DesignSystem.jsx,span,1105,OK,1,,sosp-targeta-fletxa text-orange-400 group-hover:text-orange-600 transition-colors text-2xl ml-4
DesignSystem.jsx,src/pages/features/DesignSystem.jsx,div,1110,OK,5,,
DesignSystem.jsx,src/pages/features/DesignSystem.jsx,p,1111,OK,1,,text-sm text-gray-500 mb-4
DesignSystem.jsx,src/pages/features/DesignSystem.jsx,div,1112,OK,7,,sosp-targetes-grid grid grid-cols-1 md:grid-cols-3 gap-6
DesignSystem.jsx,src/pages/features/DesignSystem.jsx,article,1113,OK,5,,sosp-targeta bg-white border border-stone-200 rounded-xl p-5 shadow-sm
DesignSystem.jsx,src/pages/features/DesignSystem.jsx,h3,1114,OK,1,,font-bold text-lg mb-2
DesignSystem.jsx,src/pages/features/DesignSystem.jsx,p,1115,OK,1,,text-stone-600 text-sm
DesignSystem.jsx,src/pages/features/DesignSystem.jsx,article,1117,OK,5,,sosp-targeta bg-white border border-stone-200 rounded-xl p-5 shadow-sm
DesignSystem.jsx,src/pages/features/DesignSystem.jsx,h3,1118,OK,1,,font-bold text-lg mb-2
DesignSystem.jsx,src/pages/features/DesignSystem.jsx,p,1119,OK,1,,text-stone-600 text-sm
DesignSystem.jsx,src/pages/features/DesignSystem.jsx,article,1121,OK,5,,sosp-targeta bg-white border border-stone-200 rounded-xl p-5 shadow-sm
DesignSystem.jsx,src/pages/features/DesignSystem.jsx,h3,1122,OK,1,,font-bold text-lg mb-2
DesignSystem.jsx,src/pages/features/DesignSystem.jsx,p,1123,OK,1,,text-stone-600 text-sm
DesignSystem.jsx,src/pages/features/DesignSystem.jsx,div,1128,OK,3,,mt-8 flex justify-center
DesignSystem.jsx,src/pages/features/DesignSystem.jsx,div,1129,OK,5,,w-full max-w-md
DesignSystem.jsx,src/pages/features/DesignSystem.jsx,p,1130,OK,1,,text-sm text-gray-500 mb-4 text-center
DesignSystem.jsx,src/pages/features/DesignSystem.jsx,UniversalCard,1132,OK,0,variant viewMode item,
DesignSystem.jsx,src/pages/features/DesignSystem.jsx,div,1155,OK,3,,mt-8 flex justify-center
DesignSystem.jsx,src/pages/features/DesignSystem.jsx,div,1156,OK,5,,w-full max-w-md
DesignSystem.jsx,src/pages/features/DesignSystem.jsx,p,1157,OK,1,,text-sm text-gray-500 mb-4 text-center
DesignSystem.jsx,src/pages/features/DesignSystem.jsx,UniversalCard,1159,OK,0,variant viewMode item,
DesignSystem.jsx,src/pages/features/DesignSystem.jsx,section,1188,OK,5,,mb-16
DesignSystem.jsx,src/pages/features/DesignSystem.jsx,h2,1189,OK,1,,sosp-h2 mb-6
DesignSystem.jsx,src/pages/features/DesignSystem.jsx,div,1191,OK,7,,space-y-8
DesignSystem.jsx,src/pages/features/DesignSystem.jsx,div,1192,OK,5,,
DesignSystem.jsx,src/pages/features/DesignSystem.jsx,p,1193,OK,1,,text-sm text-gray-500 mb-4
DesignSystem.jsx,src/pages/features/DesignSystem.jsx,div,1194,OK,5,,sosp-estadistica flex items-center bg-white border border-stone-200 rounded-xl p-4 shadow-sm max-w-xs
DesignSystem.jsx,src/pages/features/DesignSystem.jsx,div,1195,OK,1,aria-hidden,sosp-estadistica-icona text-3xl mr-4
DesignSystem.jsx,src/pages/features/DesignSystem.jsx,div,1196,OK,5,,sosp-estadistica-dades flex flex-col
DesignSystem.jsx,src/pages/features/DesignSystem.jsx,span,1197,OK,1,,sosp-estadistica-valor font-black text-2xl text-stone-900 leading-none
DesignSystem.jsx,src/pages/features/DesignSystem.jsx,span,1198,OK,1,,sosp-estadistica-etiqueta text-sm text-stone-500 font-medium
DesignSystem.jsx,src/pages/features/DesignSystem.jsx,div,1203,OK,5,,
DesignSystem.jsx,src/pages/features/DesignSystem.jsx,p,1204,OK,1,,text-sm text-gray-500 mb-4
DesignSystem.jsx,src/pages/features/DesignSystem.jsx,div,1205,OK,9,,sosp-dashboard-grid grid grid-cols-2 md:grid-cols-4 gap-4
DesignSystem.jsx,src/pages/features/DesignSystem.jsx,div,1206,OK,5,,sosp-estadistica flex items-center bg-white border border-stone-200 rounded-xl p-4 shadow-sm
DesignSystem.jsx,src/pages/features/DesignSystem.jsx,div,1207,OK,1,,sosp-estadistica-icona text-2xl mr-3
DesignSystem.jsx,src/pages/features/DesignSystem.jsx,div,1208,OK,5,,sosp-estadistica-dades flex flex-col
DesignSystem.jsx,src/pages/features/DesignSystem.jsx,span,1209,OK,1,,sosp-estadistica-valor font-black text-xl text-stone-900 leading-none
DesignSystem.jsx,src/pages/features/DesignSystem.jsx,span,1210,OK,1,,sosp-estadistica-etiqueta text-xs text-stone-500 font-medium
DesignSystem.jsx,src/pages/features/DesignSystem.jsx,div,1213,OK,5,,sosp-estadistica flex items-center bg-white border border-stone-200 rounded-xl p-4 shadow-sm
DesignSystem.jsx,src/pages/features/DesignSystem.jsx,div,1214,OK,1,,sosp-estadistica-icona text-2xl mr-3
DesignSystem.jsx,src/pages/features/DesignSystem.jsx,div,1215,OK,5,,sosp-estadistica-dades flex flex-col
DesignSystem.jsx,src/pages/features/DesignSystem.jsx,span,1216,OK,1,,sosp-estadistica-valor font-black text-xl text-stone-900 leading-none
DesignSystem.jsx,src/pages/features/DesignSystem.jsx,span,1217,OK,1,,sosp-estadistica-etiqueta text-xs text-stone-500 font-medium
DesignSystem.jsx,src/pages/features/DesignSystem.jsx,div,1220,OK,5,,sosp-estadistica flex items-center bg-white border border-stone-200 rounded-xl p-4 shadow-sm
DesignSystem.jsx,src/pages/features/DesignSystem.jsx,div,1221,OK,1,,sosp-estadistica-icona text-2xl mr-3
DesignSystem.jsx,src/pages/features/DesignSystem.jsx,div,1222,OK,5,,sosp-estadistica-dades flex flex-col
DesignSystem.jsx,src/pages/features/DesignSystem.jsx,span,1223,OK,1,,sosp-estadistica-valor font-black text-xl text-stone-900 leading-none
DesignSystem.jsx,src/pages/features/DesignSystem.jsx,span,1224,OK,1,,sosp-estadistica-etiqueta text-xs text-stone-500 font-medium
DesignSystem.jsx,src/pages/features/DesignSystem.jsx,div,1227,OK,5,,sosp-estadistica flex items-center bg-white border border-stone-200 rounded-xl p-4 shadow-sm
DesignSystem.jsx,src/pages/features/DesignSystem.jsx,div,1228,OK,1,,sosp-estadistica-icona text-2xl mr-3
DesignSystem.jsx,src/pages/features/DesignSystem.jsx,div,1229,OK,5,,sosp-estadistica-dades flex flex-col
DesignSystem.jsx,src/pages/features/DesignSystem.jsx,span,1230,OK,1,,sosp-estadistica-valor font-black text-xl text-stone-900 leading-none
DesignSystem.jsx,src/pages/features/DesignSystem.jsx,span,1231,OK,1,,sosp-estadistica-etiqueta text-xs text-stone-500 font-medium
DesignSystem.jsx,src/pages/features/DesignSystem.jsx,div,1237,OK,5,,
DesignSystem.jsx,src/pages/features/DesignSystem.jsx,p,1238,OK,1,,text-sm text-gray-500 mb-4
DesignSystem.jsx,src/pages/features/DesignSystem.jsx,section,1239,OK,7,aria-label,sosp-panell-umami bg-stone-50 border border-stone-200 rounded-xl p-6
DesignSystem.jsx,src/pages/features/DesignSystem.jsx,h2,1240,OK,1,,sosp-panell-umami-titol font-bold text-lg text-stone-900 mb-4
DesignSystem.jsx,src/pages/features/DesignSystem.jsx,div,1241,OK,9,,sosp-dashboard-grid grid grid-cols-2 md:grid-cols-4 gap-4 mb-4
DesignSystem.jsx,src/pages/features/DesignSystem.jsx,div,1242,OK,3,,sosp-estadistica bg-white border border-stone-200 rounded-lg p-3 shadow-sm text-center
DesignSystem.jsx,src/pages/features/DesignSystem.jsx,div,1243,OK,5,,sosp-estadistica-dades flex flex-col
DesignSystem.jsx,src/pages/features/DesignSystem.jsx,span,1244,OK,1,,sosp-estadistica-valor font-black text-xl text-stone-900
DesignSystem.jsx,src/pages/features/DesignSystem.jsx,span,1245,OK,1,,sosp-estadistica-etiqueta text-xs text-stone-500
DesignSystem.jsx,src/pages/features/DesignSystem.jsx,div,1248,OK,3,,sosp-estadistica bg-white border border-stone-200 rounded-lg p-3 shadow-sm text-center
DesignSystem.jsx,src/pages/features/DesignSystem.jsx,div,1249,OK,5,,sosp-estadistica-dades flex flex-col
DesignSystem.jsx,src/pages/features/DesignSystem.jsx,span,1250,OK,1,,sosp-estadistica-valor font-black text-xl text-stone-900
DesignSystem.jsx,src/pages/features/DesignSystem.jsx,span,1251,OK,1,,sosp-estadistica-etiqueta text-xs text-stone-500
DesignSystem.jsx,src/pages/features/DesignSystem.jsx,div,1254,OK,3,,sosp-estadistica bg-white border border-stone-200 rounded-lg p-3 shadow-sm text-center
DesignSystem.jsx,src/pages/features/DesignSystem.jsx,div,1255,OK,5,,sosp-estadistica-dades flex flex-col
DesignSystem.jsx,src/pages/features/DesignSystem.jsx,span,1256,OK,1,,sosp-estadistica-valor font-black text-xl text-stone-900
DesignSystem.jsx,src/pages/features/DesignSystem.jsx,span,1257,OK,1,,sosp-estadistica-etiqueta text-xs text-stone-500
DesignSystem.jsx,src/pages/features/DesignSystem.jsx,div,1260,OK,3,,sosp-estadistica bg-white border border-stone-200 rounded-lg p-3 shadow-sm text-center
DesignSystem.jsx,src/pages/features/DesignSystem.jsx,div,1261,OK,5,,sosp-estadistica-dades flex flex-col
DesignSystem.jsx,src/pages/features/DesignSystem.jsx,span,1262,OK,1,,sosp-estadistica-valor font-black text-xl text-stone-900
DesignSystem.jsx,src/pages/features/DesignSystem.jsx,span,1263,OK,1,,sosp-estadistica-etiqueta text-xs text-stone-500
DesignSystem.jsx,src/pages/features/DesignSystem.jsx,p,1267,OK,3,,sosp-panell-umami-font text-xs text-stone-500 text-center
DesignSystem.jsx,src/pages/features/DesignSystem.jsx,a,1267,OK,1,href,text-orange-600 hover:underline
DesignSystem.jsx,src/pages/features/DesignSystem.jsx,section,1276,OK,5,,mb-16
DesignSystem.jsx,src/pages/features/DesignSystem.jsx,h2,1277,OK,1,,sosp-h2 mb-6
DesignSystem.jsx,src/pages/features/DesignSystem.jsx,div,1279,OK,7,,space-y-8
DesignSystem.jsx,src/pages/features/DesignSystem.jsx,div,1280,OK,5,,
DesignSystem.jsx,src/pages/features/DesignSystem.jsx,p,1281,OK,1,,text-sm text-gray-500 mb-4
DesignSystem.jsx,src/pages/features/DesignSystem.jsx,form,1282,OK,7,role action method,sosp-cerca flex max-w-md
DesignSystem.jsx,src/pages/features/DesignSystem.jsx,label,1283,OK,1,htmlFor,sr-only
DesignSystem.jsx,src/pages/features/DesignSystem.jsx,input,1284,OK,0,type name placeholder aria-label,sosp-input sosp-input-cerca flex-1 rounded-l-md border border-stone-300 px-4 py-2 focus:ring-2 focus:ring-orange-500 focus:border-orange-500 outline-none
DesignSystem.jsx,src/pages/features/DesignSystem.jsx,button,1292,OK,1,type,sosp-boto sosp-boto-primari sosp-boto-cerca bg-stone-900 text-white px-4 py-2 rounded-r-md font-bold hover:bg-stone-800 transition-colors
DesignSystem.jsx,src/pages/features/DesignSystem.jsx,div,1298,OK,5,,
DesignSystem.jsx,src/pages/features/DesignSystem.jsx,p,1299,OK,1,,text-sm text-gray-500 mb-4
DesignSystem.jsx,src/pages/features/DesignSystem.jsx,div,1300,OK,3,,sosp-cerca-avancada bg-stone-50 p-4 border border-stone-200 rounded-lg max-w-2xl
DesignSystem.jsx,src/pages/features/DesignSystem.jsx,form,1301,OK,7,role,sosp-cerca flex flex-wrap sm:flex-nowrap gap-3
DesignSystem.jsx,src/pages/features/DesignSystem.jsx,input,1302,OK,0,type placeholder,sosp-input sosp-input-cerca flex-1 rounded-md border border-stone-300 px-4 py-2 focus:ring-2 focus:ring-orange-500 outline-none min-w-[200px]
DesignSystem.jsx,src/pages/features/DesignSystem.jsx,select,1303,OK,11,aria-label,sosp-select sosp-select-cerca rounded-md border border-stone-300 px-4 py-2 bg-white focus:ring-2 focus:ring-orange-500 outline-none
DesignSystem.jsx,src/pages/features/DesignSystem.jsx,option,1304,OK,1,value,
DesignSystem.jsx,src/pages/features/DesignSystem.jsx,option,1305,OK,1,value,
DesignSystem.jsx,src/pages/features/DesignSystem.jsx,option,1306,OK,1,value,
DesignSystem.jsx,src/pages/features/DesignSystem.jsx,option,1307,OK,1,value,
DesignSystem.jsx,src/pages/features/DesignSystem.jsx,option,1308,OK,1,value,
DesignSystem.jsx,src/pages/features/DesignSystem.jsx,button,1310,OK,1,type,sosp-boto sosp-boto-primari bg-stone-900 text-white px-6 py-2 rounded-md font-bold hover:bg-stone-800 transition-colors whitespace-nowrap
DesignSystem.jsx,src/pages/features/DesignSystem.jsx,div,1315,OK,5,,
DesignSystem.jsx,src/pages/features/DesignSystem.jsx,p,1316,OK,1,,text-sm text-gray-500 mb-4
DesignSystem.jsx,src/pages/features/DesignSystem.jsx,section,1317,OK,5,aria-label,sosp-resultats-cerca max-w-2xl
DesignSystem.jsx,src/pages/features/DesignSystem.jsx,p,1318,OK,4,,sosp-resultats-info text-sm text-stone-600 mb-6 pb-4 border-b border-stone-200
DesignSystem.jsx,src/pages/features/DesignSystem.jsx,strong,1318,OK,1,,text-stone-900
DesignSystem.jsx,src/pages/features/DesignSystem.jsx,em,1318,OK,1,,not-italic bg-stone-100 px-1 rounded
DesignSystem.jsx,src/pages/features/DesignSystem.jsx,div,1320,OK,5,,space-y-6
DesignSystem.jsx,src/pages/features/DesignSystem.jsx,article,1321,OK,7,,sosp-resultat
DesignSystem.jsx,src/pages/features/DesignSystem.jsx,h3,1322,OK,1,,sosp-resultat-titol font-bold text-lg text-orange-600 hover:underline mb-1
DesignSystem.jsx,src/pages/features/DesignSystem.jsx,a,1322,OK,1,href,
DesignSystem.jsx,src/pages/features/DesignSystem.jsx,p,1323,OK,1,,sosp-resultat-meta text-xs font-bold text-stone-400 uppercase tracking-wide mb-2
DesignSystem.jsx,src/pages/features/DesignSystem.jsx,p,1324,OK,1,,sosp-resultat-resum text-stone-600 text-sm
DesignSystem.jsx,src/pages/features/DesignSystem.jsx,article,1327,OK,7,,sosp-resultat
DesignSystem.jsx,src/pages/features/DesignSystem.jsx,h3,1328,OK,1,,sosp-resultat-titol font-bold text-lg text-orange-600 hover:underline mb-1
DesignSystem.jsx,src/pages/features/DesignSystem.jsx,a,1328,OK,1,href,
DesignSystem.jsx,src/pages/features/DesignSystem.jsx,p,1329,OK,1,,sosp-resultat-meta text-xs font-bold text-stone-400 uppercase tracking-wide mb-2
DesignSystem.jsx,src/pages/features/DesignSystem.jsx,p,1330,OK,1,,sosp-resultat-resum text-stone-600 text-sm
DesignSystem.jsx,src/pages/features/DesignSystem.jsx,section,1341,OK,5,,mb-16
DesignSystem.jsx,src/pages/features/DesignSystem.jsx,h2,1342,OK,1,,sosp-h2 mb-6
DesignSystem.jsx,src/pages/features/DesignSystem.jsx,div,1344,OK,5,,space-y-8
DesignSystem.jsx,src/pages/features/DesignSystem.jsx,div,1345,OK,5,,
DesignSystem.jsx,src/pages/features/DesignSystem.jsx,p,1346,OK,1,,text-sm text-gray-500 mb-4
DesignSystem.jsx,src/pages/features/DesignSystem.jsx,nav,1347,OK,17,aria-label,sosp-paginacio flex flex-wrap items-center gap-1 sm:gap-2
DesignSystem.jsx,src/pages/features/DesignSystem.jsx,a,1348,OK,1,href,sosp-paginacio-enllac sosp-paginacio-primer px-3 py-1.5 text-sm font-medium text-stone-600 hover:text-stone-900 border border-stone-200 rounded bg-white hover:bg-stone-50 transition-colors
DesignSystem.jsx,src/pages/features/DesignSystem.jsx,a,1349,OK,1,href,sosp-paginacio-enllac px-3 py-1.5 text-sm font-medium text-stone-600 hover:text-stone-900 border border-stone-200 rounded bg-white hover:bg-stone-50 transition-colors
DesignSystem.jsx,src/pages/features/DesignSystem.jsx,a,1350,OK,1,href aria-current,sosp-paginacio-enllac sosp-paginacio-actiu px-3 py-1.5 text-sm font-bold text-white bg-stone-900 border border-stone-900 rounded
DesignSystem.jsx,src/pages/features/DesignSystem.jsx,a,1351,OK,1,href,sosp-paginacio-enllac px-3 py-1.5 text-sm font-medium text-stone-600 hover:text-stone-900 border border-stone-200 rounded bg-white hover:bg-stone-50 transition-colors
DesignSystem.jsx,src/pages/features/DesignSystem.jsx,a,1352,OK,1,href,sosp-paginacio-enllac px-3 py-1.5 text-sm font-medium text-stone-600 hover:text-stone-900 border border-stone-200 rounded bg-white hover:bg-stone-50 transition-colors
DesignSystem.jsx,src/pages/features/DesignSystem.jsx,span,1353,OK,1,,sosp-paginacio-separador px-2 py-1.5 text-stone-400
DesignSystem.jsx,src/pages/features/DesignSystem.jsx,a,1354,OK,1,href,sosp-paginacio-enllac px-3 py-1.5 text-sm font-medium text-stone-600 hover:text-stone-900 border border-stone-200 rounded bg-white hover:bg-stone-50 transition-colors
DesignSystem.jsx,src/pages/features/DesignSystem.jsx,a,1355,OK,1,href,sosp-paginacio-enllac sosp-paginacio-seguent px-3 py-1.5 text-sm font-medium text-stone-600 hover:text-stone-900 border border-stone-200 rounded bg-white hover:bg-stone-50 transition-colors
DesignSystem.jsx,src/pages/features/DesignSystem.jsx,div,1359,OK,5,,
DesignSystem.jsx,src/pages/features/DesignSystem.jsx,p,1360,OK,1,,text-sm text-gray-500 mb-4
DesignSystem.jsx,src/pages/features/DesignSystem.jsx,nav,1361,OK,5,aria-label,sosp-paginacio-simple grid grid-cols-1 sm:grid-cols-2 gap-4 max-w-2xl
DesignSystem.jsx,src/pages/features/DesignSystem.jsx,a,1362,OK,5,href,sosp-paginacio-simple-enllac sosp-paginacio-simple-anterior border border-stone-200 rounded-lg p-4 bg-white hover:border-stone-300 hover:shadow-sm transition-all group flex flex-col text-left
DesignSystem.jsx,src/pages/features/DesignSystem.jsx,span,1363,OK,1,,sosp-paginacio-simple-direccio text-xs font-bold text-stone-400 uppercase tracking-widest mb-1 group-hover:text-stone-600 transition-colors
DesignSystem.jsx,src/pages/features/DesignSystem.jsx,span,1364,OK,1,,sosp-paginacio-simple-titol font-bold text-stone-900 group-hover:text-orange-600 transition-colors
DesignSystem.jsx,src/pages/features/DesignSystem.jsx,a,1366,OK,5,href,sosp-paginacio-simple-enllac sosp-paginacio-simple-seguent border border-stone-200 rounded-lg p-4 bg-white hover:border-stone-300 hover:shadow-sm transition-all group flex flex-col text-right
DesignSystem.jsx,src/pages/features/DesignSystem.jsx,span,1367,OK,1,,sosp-paginacio-simple-direccio text-xs font-bold text-stone-400 uppercase tracking-widest mb-1 group-hover:text-stone-600 transition-colors
DesignSystem.jsx,src/pages/features/DesignSystem.jsx,span,1368,OK,1,,sosp-paginacio-simple-titol font-bold text-stone-900 group-hover:text-orange-600 transition-colors
DesignSystem.jsx,src/pages/features/DesignSystem.jsx,section,1378,OK,5,,mb-16
DesignSystem.jsx,src/pages/features/DesignSystem.jsx,h2,1379,OK,1,,sosp-h2 mb-6
DesignSystem.jsx,src/pages/features/DesignSystem.jsx,div,1381,OK,5,,space-y-8
DesignSystem.jsx,src/pages/features/DesignSystem.jsx,div,1382,OK,5,,
DesignSystem.jsx,src/pages/features/DesignSystem.jsx,p,1383,OK,1,,text-sm text-gray-500 mb-4
DesignSystem.jsx,src/pages/features/DesignSystem.jsx,fieldset,1384,OK,5,,sosp-checklist border border-stone-200 rounded-lg p-5 bg-stone-50 max-w-md
DesignSystem.jsx,src/pages/features/DesignSystem.jsx,legend,1385,OK,1,,sosp-checklist-titol text-sm font-bold text-stone-900 bg-white border border-stone-200 px-3 py-1 rounded-full shadow-sm ml-2
DesignSystem.jsx,src/pages/features/DesignSystem.jsx,div,1387,OK,9,,space-y-3 mt-2
DesignSystem.jsx,src/pages/features/DesignSystem.jsx,label,1388,OK,5,,sosp-checklist-item flex items-start gap-3 cursor-pointer group
DesignSystem.jsx,src/pages/features/DesignSystem.jsx,input,1389,OK,0,type defaultChecked,sosp-checkbox mt-1 w-5 h-5 text-orange-600 border-stone-300 rounded focus:ring-orange-500
DesignSystem.jsx,src/pages/features/DesignSystem.jsx,span,1390,OK,1,,sosp-checklist-text text-stone-700 group-hover:text-stone-900 transition-colors line-through opacity-70
DesignSystem.jsx,src/pages/features/DesignSystem.jsx,label,1393,OK,5,,sosp-checklist-item flex items-start gap-3 cursor-pointer group
DesignSystem.jsx,src/pages/features/DesignSystem.jsx,input,1394,OK,0,type defaultChecked,sosp-checkbox mt-1 w-5 h-5 text-orange-600 border-stone-300 rounded focus:ring-orange-500
DesignSystem.jsx,src/pages/features/DesignSystem.jsx,span,1395,OK,1,,sosp-checklist-text text-stone-700 group-hover:text-stone-900 transition-colors line-through opacity-70
DesignSystem.jsx,src/pages/features/DesignSystem.jsx,label,1398,OK,5,,sosp-checklist-item flex items-start gap-3 cursor-pointer group
DesignSystem.jsx,src/pages/features/DesignSystem.jsx,input,1399,OK,0,type,sosp-checkbox mt-1 w-5 h-5 text-orange-600 border-stone-300 rounded focus:ring-orange-500
DesignSystem.jsx,src/pages/features/DesignSystem.jsx,span,1400,OK,1,,sosp-checklist-text text-stone-900 font-medium
DesignSystem.jsx,src/pages/features/DesignSystem.jsx,label,1403,OK,5,,sosp-checklist-item flex items-start gap-3 cursor-pointer group
DesignSystem.jsx,src/pages/features/DesignSystem.jsx,input,1404,OK,0,type,sosp-checkbox mt-1 w-5 h-5 text-orange-600 border-stone-300 rounded focus:ring-orange-500
DesignSystem.jsx,src/pages/features/DesignSystem.jsx,span,1405,OK,1,,sosp-checklist-text text-stone-900 font-medium
DesignSystem.jsx,src/pages/features/DesignSystem.jsx,div,1411,OK,5,,
DesignSystem.jsx,src/pages/features/DesignSystem.jsx,p,1412,OK,1,,text-sm text-gray-500 mb-4
DesignSystem.jsx,src/pages/features/DesignSystem.jsx,div,1413,OK,5,,sosp-llista-tasques border border-stone-200 rounded-lg overflow-hidden max-w-md bg-white
DesignSystem.jsx,src/pages/features/DesignSystem.jsx,div,1414,OK,7,,sosp-tasca sosp-tasca-completada flex items-center gap-4 p-4 border-b border-stone-100 bg-stone-50
DesignSystem.jsx,src/pages/features/DesignSystem.jsx,input,1415,OK,0,type defaultChecked aria-label,sosp-checkbox w-5 h-5 text-green-600 border-stone-300 rounded focus:ring-green-500
DesignSystem.jsx,src/pages/features/DesignSystem.jsx,span,1416,OK,1,,sosp-tasca-text flex-1 text-stone-500 line-through
DesignSystem.jsx,src/pages/features/DesignSystem.jsx,time,1417,OK,1,dateTime,sosp-tasca-data text-xs font-mono text-stone-400 bg-stone-200 px-2 py-1 rounded
DesignSystem.jsx,src/pages/features/DesignSystem.jsx,div,1419,OK,7,,sosp-tasca flex items-center gap-4 p-4 hover:bg-stone-50 transition-colors
DesignSystem.jsx,src/pages/features/DesignSystem.jsx,input,1420,OK,0,type aria-label,sosp-checkbox w-5 h-5 text-orange-600 border-stone-300 rounded focus:ring-orange-500
DesignSystem.jsx,src/pages/features/DesignSystem.jsx,span,1421,OK,1,,sosp-tasca-text flex-1 text-stone-900 font-medium
DesignSystem.jsx,src/pages/features/DesignSystem.jsx,time,1422,OK,1,dateTime,sosp-tasca-data text-xs font-mono text-orange-600 bg-orange-100 px-2 py-1 rounded font-bold
DesignSystem.jsx,src/pages/features/DesignSystem.jsx,section,1432,OK,5,,mb-16
DesignSystem.jsx,src/pages/features/DesignSystem.jsx,h2,1433,OK,1,,sosp-h2 mb-6
DesignSystem.jsx,src/pages/features/DesignSystem.jsx,div,1435,OK,5,,space-y-8
DesignSystem.jsx,src/pages/features/DesignSystem.jsx,div,1436,OK,5,,
DesignSystem.jsx,src/pages/features/DesignSystem.jsx,p,1437,OK,1,,text-sm text-gray-500 mb-4
DesignSystem.jsx,src/pages/features/DesignSystem.jsx,div,1438,OK,5,role aria-label,sosp-upload max-w-md
DesignSystem.jsx,src/pages/features/DesignSystem.jsx,div,1439,OK,7,,sosp-upload-zona border-2 border-dashed border-stone-300 rounded-xl p-8 text-center bg-stone-50 hover:bg-stone-100 transition-colors cursor-pointer
DesignSystem.jsx,src/pages/features/DesignSystem.jsx,p,1440,OK,1,,sosp-upload-text-principal font-bold text-stone-900 mb-2
DesignSystem.jsx,src/pages/features/DesignSystem.jsx,p,1441,OK,2,,sosp-upload-text-secundari text-stone-600 mb-2
DesignSystem.jsx,src/pages/features/DesignSystem.jsx,button,1441,OK,1,type,sosp-enllac text-orange-600 hover:underline
DesignSystem.jsx,src/pages/features/DesignSystem.jsx,p,1442,OK,1,,sosp-upload-text-ajuda text-xs text-stone-400
DesignSystem.jsx,src/pages/features/DesignSystem.jsx,ul,1445,OK,3,,sosp-upload-llista mt-4 space-y-2
DesignSystem.jsx,src/pages/features/DesignSystem.jsx,li,1446,OK,5,,sosp-upload-item flex items-center justify-between bg-white border border-stone-200 p-3 rounded-lg shadow-sm
DesignSystem.jsx,src/pages/features/DesignSystem.jsx,div,1447,OK,5,,flex flex-col
DesignSystem.jsx,src/pages/features/DesignSystem.jsx,span,1448,OK,1,,sosp-upload-nom font-medium text-sm text-stone-900 truncate max-w-[200px]
DesignSystem.jsx,src/pages/features/DesignSystem.jsx,span,1449,OK,1,,sosp-upload-mida text-xs text-stone-500
DesignSystem.jsx,src/pages/features/DesignSystem.jsx,button,1451,OK,1,type aria-label,sosp-boto sosp-boto-perill sosp-boto-xicotet text-red-600 hover:bg-red-50 p-2 rounded
DesignSystem.jsx,src/pages/features/DesignSystem.jsx,div,1459,OK,5,,
DesignSystem.jsx,src/pages/features/DesignSystem.jsx,p,1460,OK,1,,text-sm text-gray-500 mb-4
DesignSystem.jsx,src/pages/features/DesignSystem.jsx,a,1461,OK,7,href download,sosp-descarrega inline-flex items-center gap-4 bg-white border border-stone-200 p-4 rounded-xl shadow-sm hover:shadow-md transition-shadow max-w-md group
DesignSystem.jsx,src/pages/features/DesignSystem.jsx,span,1462,OK,1,,sosp-descarrega-icona text-2xl
DesignSystem.jsx,src/pages/features/DesignSystem.jsx,span,1463,OK,5,,sosp-descarrega-info flex flex-col flex-1
DesignSystem.jsx,src/pages/features/DesignSystem.jsx,span,1464,OK,1,,sosp-descarrega-nom font-bold text-stone-900 group-hover:text-orange-600 transition-colors
DesignSystem.jsx,src/pages/features/DesignSystem.jsx,span,1465,OK,1,,sosp-descarrega-meta text-xs text-stone-500 mt-1
DesignSystem.jsx,src/pages/features/DesignSystem.jsx,span,1467,OK,1,,sosp-descarrega-fletxa text-stone-400 group-hover:text-orange-600 transition-colors
DesignSystem.jsx,src/pages/features/DesignSystem.jsx,section,1476,OK,5,,mb-16
DesignSystem.jsx,src/pages/features/DesignSystem.jsx,h2,1477,OK,1,,sosp-h2 mb-6
DesignSystem.jsx,src/pages/features/DesignSystem.jsx,div,1479,OK,7,,space-y-8
DesignSystem.jsx,src/pages/features/DesignSystem.jsx,div,1480,OK,5,,
DesignSystem.jsx,src/pages/features/DesignSystem.jsx,p,1481,OK,1,,text-sm text-gray-500 mb-4
DesignSystem.jsx,src/pages/features/DesignSystem.jsx,figure,1482,OK,7,,sosp-video max-w-2xl bg-stone-50 border border-stone-200 rounded-xl overflow-hidden p-2
DesignSystem.jsx,src/pages/features/DesignSystem.jsx,iframe,1483,OK,0,src title frameBorder allow referrerPolicy allowFullScreen,w-full aspect-video rounded-lg mb-3
DesignSystem.jsx,src/pages/features/DesignSystem.jsx,figcaption,1492,OK,1,,text-sm text-stone-500 text-center font-medium mb-3
DesignSystem.jsx,src/pages/features/DesignSystem.jsx,details,1494,OK,5,,bg-white border border-stone-200 rounded-lg text-left overflow-hidden group
DesignSystem.jsx,src/pages/features/DesignSystem.jsx,summary,1495,OK,5,,p-3 font-semibold cursor-pointer text-stone-700 bg-stone-50 hover:bg-stone-100 transition-colors list-none flex justify-between items-center
DesignSystem.jsx,src/pages/features/DesignSystem.jsx,span,1496,WRAPPER_INUTIL,1,,
DesignSystem.jsx,src/pages/features/DesignSystem.jsx,span,1497,OK,1,,text-stone-400 group-open:rotate-180 transition-transform
DesignSystem.jsx,src/pages/features/DesignSystem.jsx,div,1499,OK,3,,p-4 border-t border-stone-200 text-stone-600 text-sm whitespace-pre-wrap bg-white
DesignSystem.jsx,src/pages/features/DesignSystem.jsx,div,1532,OK,5,,
DesignSystem.jsx,src/pages/features/DesignSystem.jsx,p,1533,OK,1,,text-sm text-gray-500 mb-4
DesignSystem.jsx,src/pages/features/DesignSystem.jsx,figure,1534,OK,5,,sosp-mapa max-w-2xl bg-stone-50 border border-stone-200 rounded-xl overflow-hidden p-2
DesignSystem.jsx,src/pages/features/DesignSystem.jsx,div,1535,OK,1,,h-64 bg-stone-200 rounded-lg flex items-center justify-center text-stone-500 mb-3
DesignSystem.jsx,src/pages/features/DesignSystem.jsx,figcaption,1538,OK,3,,text-sm text-center font-medium
DesignSystem.jsx,src/pages/features/DesignSystem.jsx,a,1539,OK,1,href,text-orange-600 hover:underline
DesignSystem.jsx,src/pages/features/DesignSystem.jsx,div,1546,OK,5,,
DesignSystem.jsx,src/pages/features/DesignSystem.jsx,p,1547,OK,1,,text-sm text-gray-500 mb-4
DesignSystem.jsx,src/pages/features/DesignSystem.jsx,figure,1548,OK,5,,sosp-audio max-w-md bg-stone-50 border border-stone-200 rounded-xl overflow-hidden p-4
DesignSystem.jsx,src/pages/features/DesignSystem.jsx,div,1549,OK,7,,flex items-center gap-4 mb-2
DesignSystem.jsx,src/pages/features/DesignSystem.jsx,button,1550,OK,1,,w-12 h-12 bg-orange-600 text-white rounded-full flex items-center justify-center text-xl hover:bg-orange-700 transition-colors
DesignSystem.jsx,src/pages/features/DesignSystem.jsx,div,1551,OK,3,,flex-1 h-2 bg-stone-200 rounded-full overflow-hidden
DesignSystem.jsx,src/pages/features/DesignSystem.jsx,div,1552,OK,0,,h-full bg-orange-400 w-1/3
DesignSystem.jsx,src/pages/features/DesignSystem.jsx,span,1554,OK,1,,text-xs font-mono text-stone-500
DesignSystem.jsx,src/pages/features/DesignSystem.jsx,figcaption,1556,OK,1,,text-sm text-stone-600 font-medium text-center
DesignSystem.jsx,src/pages/features/DesignSystem.jsx,section,1565,OK,5,,mb-16
DesignSystem.jsx,src/pages/features/DesignSystem.jsx,h2,1566,OK,1,,sosp-h2 mb-6
DesignSystem.jsx,src/pages/features/DesignSystem.jsx,div,1568,OK,3,,space-y-8
DesignSystem.jsx,src/pages/features/DesignSystem.jsx,div,1569,OK,5,,
DesignSystem.jsx,src/pages/features/DesignSystem.jsx,p,1570,OK,1,,text-sm text-gray-500 mb-4
DesignSystem.jsx,src/pages/features/DesignSystem.jsx,div,1572,OK,5,,grid grid-cols-1 md:grid-cols-2 gap-8
DesignSystem.jsx,src/pages/features/DesignSystem.jsx,div,1573,OK,5,,bg-stone-50 p-6 rounded-xl border border-stone-200
DesignSystem.jsx,src/pages/features/DesignSystem.jsx,h4,1574,OK,1,,font-bold text-stone-900 mb-4 border-b border-stone-200 pb-2
DesignSystem.jsx,src/pages/features/DesignSystem.jsx,ul,1575,OK,9,,space-y-2 font-mono text-sm
DesignSystem.jsx,src/pages/features/DesignSystem.jsx,li,1576,OK,2,,
DesignSystem.jsx,src/pages/features/DesignSystem.jsx,span,1576,OK,1,,text-orange-600
DesignSystem.jsx,src/pages/features/DesignSystem.jsx,li,1577,OK,2,,
DesignSystem.jsx,src/pages/features/DesignSystem.jsx,span,1577,OK,1,,text-orange-600
DesignSystem.jsx,src/pages/features/DesignSystem.jsx,li,1578,OK,2,,
DesignSystem.jsx,src/pages/features/DesignSystem.jsx,span,1578,OK,1,,text-orange-600
DesignSystem.jsx,src/pages/features/DesignSystem.jsx,li,1579,OK,2,,
DesignSystem.jsx,src/pages/features/DesignSystem.jsx,span,1579,OK,1,,text-orange-600
DesignSystem.jsx,src/pages/features/DesignSystem.jsx,div,1583,OK,5,,bg-stone-50 p-6 rounded-xl border border-stone-200
DesignSystem.jsx,src/pages/features/DesignSystem.jsx,h4,1584,OK,1,,font-bold text-stone-900 mb-4 border-b border-stone-200 pb-2
DesignSystem.jsx,src/pages/features/DesignSystem.jsx,ul,1585,OK,9,,space-y-2 text-sm font-medium
DesignSystem.jsx,src/pages/features/DesignSystem.jsx,li,1586,OK,2,,
DesignSystem.jsx,src/pages/features/DesignSystem.jsx,span,1586,OK,1,,text-green-600
DesignSystem.jsx,src/pages/features/DesignSystem.jsx,li,1587,OK,2,,
DesignSystem.jsx,src/pages/features/DesignSystem.jsx,span,1587,OK,1,,text-red-600
DesignSystem.jsx,src/pages/features/DesignSystem.jsx,li,1588,OK,2,,
DesignSystem.jsx,src/pages/features/DesignSystem.jsx,span,1588,OK,1,,text-yellow-600
DesignSystem.jsx,src/pages/features/DesignSystem.jsx,li,1589,OK,2,,
DesignSystem.jsx,src/pages/features/DesignSystem.jsx,span,1589,OK,1,,text-blue-600
DesignSystem.jsx,src/pages/features/DesignSystem.jsx,section,1600,OK,5,,mb-16
DesignSystem.jsx,src/pages/features/DesignSystem.jsx,h2,1601,OK,1,,sosp-h2 mb-6
DesignSystem.jsx,src/pages/features/DesignSystem.jsx,div,1603,OK,5,,space-y-8
DesignSystem.jsx,src/pages/features/DesignSystem.jsx,div,1604,OK,5,,
DesignSystem.jsx,src/pages/features/DesignSystem.jsx,p,1605,OK,1,,text-sm text-gray-500 mb-4
DesignSystem.jsx,src/pages/features/DesignSystem.jsx,footer,1606,OK,5,role,sosp-peu bg-stone-900 text-stone-400 p-8 rounded-xl border border-stone-800
DesignSystem.jsx,src/pages/features/DesignSystem.jsx,div,1607,OK,9,,sosp-peu-contingut grid grid-cols-1 md:grid-cols-4 gap-8 mb-8 pb-8 border-b border-stone-800
DesignSystem.jsx,src/pages/features/DesignSystem.jsx,div,1608,OK,5,,sosp-peu-seccio
DesignSystem.jsx,src/pages/features/DesignSystem.jsx,h4,1609,OK,1,,sosp-peu-titol font-bold text-white mb-4
DesignSystem.jsx,src/pages/features/DesignSystem.jsx,p,1610,OK,1,,text-sm leading-relaxed
DesignSystem.jsx,src/pages/features/DesignSystem.jsx,div,1613,OK,5,,sosp-peu-seccio
DesignSystem.jsx,src/pages/features/DesignSystem.jsx,h4,1614,OK,1,,sosp-peu-titol font-bold text-white mb-4
DesignSystem.jsx,src/pages/features/DesignSystem.jsx,ul,1615,OK,9,,sosp-peu-llista space-y-2 text-sm
DesignSystem.jsx,src/pages/features/DesignSystem.jsx,li,1616,OK,1,,
DesignSystem.jsx,src/pages/features/DesignSystem.jsx,a,1616,OK,1,href,hover:text-white transition-colors
DesignSystem.jsx,src/pages/features/DesignSystem.jsx,li,1617,OK,1,,
DesignSystem.jsx,src/pages/features/DesignSystem.jsx,a,1617,OK,1,href,hover:text-white transition-colors
DesignSystem.jsx,src/pages/features/DesignSystem.jsx,li,1618,OK,1,,
DesignSystem.jsx,src/pages/features/DesignSystem.jsx,a,1618,OK,1,href,hover:text-white transition-colors
DesignSystem.jsx,src/pages/features/DesignSystem.jsx,li,1619,OK,1,,
DesignSystem.jsx,src/pages/features/DesignSystem.jsx,a,1619,OK,1,href,hover:text-white transition-colors
DesignSystem.jsx,src/pages/features/DesignSystem.jsx,div,1623,OK,5,,sosp-peu-seccio
DesignSystem.jsx,src/pages/features/DesignSystem.jsx,h4,1624,OK,1,,sosp-peu-titol font-bold text-white mb-4
DesignSystem.jsx,src/pages/features/DesignSystem.jsx,ul,1625,OK,7,,sosp-peu-llista space-y-2 text-sm
DesignSystem.jsx,src/pages/features/DesignSystem.jsx,li,1626,OK,1,,
DesignSystem.jsx,src/pages/features/DesignSystem.jsx,a,1626,OK,1,href,hover:text-white transition-colors
DesignSystem.jsx,src/pages/features/DesignSystem.jsx,li,1627,OK,1,,
DesignSystem.jsx,src/pages/features/DesignSystem.jsx,a,1627,OK,1,href,hover:text-white transition-colors
DesignSystem.jsx,src/pages/features/DesignSystem.jsx,li,1628,OK,1,,
DesignSystem.jsx,src/pages/features/DesignSystem.jsx,a,1628,OK,1,href,hover:text-white transition-colors
DesignSystem.jsx,src/pages/features/DesignSystem.jsx,div,1632,OK,5,,sosp-peu-seccio
DesignSystem.jsx,src/pages/features/DesignSystem.jsx,h4,1633,OK,1,,sosp-peu-titol font-bold text-white mb-4
DesignSystem.jsx,src/pages/features/DesignSystem.jsx,address,1634,OK,5,,sosp-peu-adreca text-sm space-y-2 not-italic
DesignSystem.jsx,src/pages/features/DesignSystem.jsx,p,1635,OK,2,,
DesignSystem.jsx,src/pages/features/DesignSystem.jsx,a,1635,OK,1,href,hover:text-white transition-colors
DesignSystem.jsx,src/pages/features/DesignSystem.jsx,p,1636,OK,2,,
DesignSystem.jsx,src/pages/features/DesignSystem.jsx,a,1636,OK,1,href,hover:text-white transition-colors
DesignSystem.jsx,src/pages/features/DesignSystem.jsx,div,1641,OK,5,,sosp-peu-fons text-xs flex flex-col sm:flex-row justify-between items-center gap-4
DesignSystem.jsx,src/pages/features/DesignSystem.jsx,p,1642,OK,3,,
DesignSystem.jsx,src/pages/features/DesignSystem.jsx,span,1642,OK,1,,sosp-peu-versio font-mono
DesignSystem.jsx,src/pages/features/DesignSystem.jsx,p,1643,OK,5,,sosp-peu-codi-etic
DesignSystem.jsx,src/pages/features/DesignSystem.jsx,a,1644,OK,1,href,hover:text-white transition-colors
DesignSystem.jsx,src/pages/features/DesignSystem.jsx,a,1645,OK,1,href,hover:text-white transition-colors
DesignSystem.jsx,src/pages/features/DesignSystem.jsx,div,1651,OK,5,,
DesignSystem.jsx,src/pages/features/DesignSystem.jsx,p,1652,OK,1,,text-sm text-gray-500 mb-4
DesignSystem.jsx,src/pages/features/DesignSystem.jsx,footer,1653,OK,3,,sosp-peu sosp-peu-minimal bg-stone-100 p-6 rounded-xl border border-stone-200 text-center text-sm text-stone-500
DesignSystem.jsx,src/pages/features/DesignSystem.jsx,p,1654,OK,4,,
DesignSystem.jsx,src/pages/features/DesignSystem.jsx,a,1654,OK,1,href,hover:text-stone-900 underline transition-colors
DesignSystem.jsx,src/pages/features/DesignSystem.jsx,a,1654,OK,1,href,hover:text-stone-900 underline transition-colors
DesignSystem.jsx,src/pages/features/DesignSystem.jsx,section,1663,OK,5,,mb-16
DesignSystem.jsx,src/pages/features/DesignSystem.jsx,h2,1664,OK,1,,sosp-h2 mb-6
DesignSystem.jsx,src/pages/features/DesignSystem.jsx,div,1666,OK,7,,space-y-12
DesignSystem.jsx,src/pages/features/DesignSystem.jsx,div,1667,OK,5,,
DesignSystem.jsx,src/pages/features/DesignSystem.jsx,p,1668,OK,1,,text-sm text-gray-500 mb-4
DesignSystem.jsx,src/pages/features/DesignSystem.jsx,article,1669,OK,5,,sosp-pagina-poble border-2 border-stone-200 rounded-xl bg-white overflow-hidden shadow-sm
DesignSystem.jsx,src/pages/features/DesignSystem.jsx,header,1670,OK,7,,sosp-capcalera-poble bg-stone-50 p-8 border-b border-stone-200
DesignSystem.jsx,src/pages/features/DesignSystem.jsx,nav,1671,OK,3,aria-label,sosp-migues-pa text-xs font-bold text-stone-400 uppercase tracking-widest mb-4
DesignSystem.jsx,src/pages/features/DesignSystem.jsx,ol,1672,OK,11,,flex items-center gap-2
DesignSystem.jsx,src/pages/features/DesignSystem.jsx,li,1673,OK,1,,
DesignSystem.jsx,src/pages/features/DesignSystem.jsx,a,1673,OK,1,href,hover:text-stone-600 transition-colors
DesignSystem.jsx,src/pages/features/DesignSystem.jsx,li,1674,OK,1,,
DesignSystem.jsx,src/pages/features/DesignSystem.jsx,li,1675,OK,1,,
DesignSystem.jsx,src/pages/features/DesignSystem.jsx,a,1675,OK,1,href,hover:text-stone-600 transition-colors
DesignSystem.jsx,src/pages/features/DesignSystem.jsx,li,1676,OK,1,,
DesignSystem.jsx,src/pages/features/DesignSystem.jsx,li,1677,OK,1,aria-current,text-stone-900
DesignSystem.jsx,src/pages/features/DesignSystem.jsx,h1,1680,OK,1,,text-4xl font-black text-stone-900 mb-2
DesignSystem.jsx,src/pages/features/DesignSystem.jsx,p,1681,OK,1,,sosp-poble-subtitol text-xl text-stone-600
DesignSystem.jsx,src/pages/features/DesignSystem.jsx,div,1684,OK,5,,sosp-poble-grid grid grid-cols-1 md:grid-cols-3 gap-8 p-8
DesignSystem.jsx,src/pages/features/DesignSystem.jsx,div,1685,OK,5,role aria-label,sosp-poble-principal md:col-span-2 space-y-8
DesignSystem.jsx,src/pages/features/DesignSystem.jsx,section,1686,OK,5,,sosp-poble-seccio
DesignSystem.jsx,src/pages/features/DesignSystem.jsx,h2,1687,OK,1,,text-2xl font-bold text-stone-900 mb-4 border-b border-stone-200 pb-2
DesignSystem.jsx,src/pages/features/DesignSystem.jsx,p,1688,OK,1,,text-stone-600 leading-relaxed
DesignSystem.jsx,src/pages/features/DesignSystem.jsx,section,1690,OK,5,,sosp-poble-seccio
DesignSystem.jsx,src/pages/features/DesignSystem.jsx,h2,1691,OK,1,,text-2xl font-bold text-stone-900 mb-4 border-b border-stone-200 pb-2
DesignSystem.jsx,src/pages/features/DesignSystem.jsx,p,1692,OK,1,,text-stone-600 leading-relaxed
DesignSystem.jsx,src/pages/features/DesignSystem.jsx,aside,1696,OK,3,,sosp-poble-lateral
DesignSystem.jsx,src/pages/features/DesignSystem.jsx,div,1697,OK,5,,sosp-targeta sosp-targeta-info bg-stone-50 border border-stone-200 p-6 rounded-xl
DesignSystem.jsx,src/pages/features/DesignSystem.jsx,h3,1698,OK,1,,font-bold text-lg mb-4 text-stone-900
DesignSystem.jsx,src/pages/features/DesignSystem.jsx,dl,1699,OK,7,,space-y-2 text-sm
DesignSystem.jsx,src/pages/features/DesignSystem.jsx,div,1700,OK,4,,flex justify-between border-b border-stone-200 pb-1
DesignSystem.jsx,src/pages/features/DesignSystem.jsx,dt,1701,OK,1,,text-stone-500 font-medium
DesignSystem.jsx,src/pages/features/DesignSystem.jsx,dd,1701,OK,1,,text-stone-900 font-bold
DesignSystem.jsx,src/pages/features/DesignSystem.jsx,div,1703,OK,4,,flex justify-between border-b border-stone-200 pb-1
DesignSystem.jsx,src/pages/features/DesignSystem.jsx,dt,1704,OK,1,,text-stone-500 font-medium
DesignSystem.jsx,src/pages/features/DesignSystem.jsx,dd,1704,OK,1,,text-stone-900 font-bold
DesignSystem.jsx,src/pages/features/DesignSystem.jsx,div,1706,OK,4,,flex justify-between
DesignSystem.jsx,src/pages/features/DesignSystem.jsx,dt,1707,OK,1,,text-stone-500 font-medium
DesignSystem.jsx,src/pages/features/DesignSystem.jsx,dd,1707,OK,1,,text-stone-900 font-bold
DesignSystem.jsx,src/pages/features/DesignSystem.jsx,div,1716,OK,5,,
DesignSystem.jsx,src/pages/features/DesignSystem.jsx,p,1717,OK,1,,text-sm text-gray-500 mb-4
DesignSystem.jsx,src/pages/features/DesignSystem.jsx,section,1718,OK,5,,sosp-seccio bg-white border-2 border-stone-200 rounded-xl p-8 max-w-2xl mx-auto shadow-sm
DesignSystem.jsx,src/pages/features/DesignSystem.jsx,h2,1719,OK,1,,text-2xl font-bold text-stone-900 mb-6 pb-4 border-b border-stone-200
DesignSystem.jsx,src/pages/features/DesignSystem.jsx,form,1720,OK,7,,sosp-formulari space-y-6
DesignSystem.jsx,src/pages/features/DesignSystem.jsx,fieldset,1721,OK,5,,sosp-fieldset bg-stone-50 p-6 rounded-lg border border-stone-200
DesignSystem.jsx,src/pages/features/DesignSystem.jsx,legend,1722,OK,1,,sosp-legend text-sm font-bold text-stone-900 bg-white border border-stone-200 px-3 py-1 rounded-full shadow-sm ml-2
DesignSystem.jsx,src/pages/features/DesignSystem.jsx,div,1724,OK,7,,space-y-4 mt-2
DesignSystem.jsx,src/pages/features/DesignSystem.jsx,div,1725,OK,5,,sosp-form-grup
DesignSystem.jsx,src/pages/features/DesignSystem.jsx,label,1726,OK,2,,block text-sm font-bold text-stone-700 mb-1
DesignSystem.jsx,src/pages/features/DesignSystem.jsx,span,1726,OK,1,,text-red-500
DesignSystem.jsx,src/pages/features/DesignSystem.jsx,input,1727,OK,0,type required,w-full rounded-md border border-stone-300 px-4 py-2 focus:ring-2 focus:ring-orange-500 focus:border-orange-500 outline-none
DesignSystem.jsx,src/pages/features/DesignSystem.jsx,div,1730,OK,5,,sosp-form-grup
DesignSystem.jsx,src/pages/features/DesignSystem.jsx,label,1731,OK,2,,block text-sm font-bold text-stone-700 mb-1
DesignSystem.jsx,src/pages/features/DesignSystem.jsx,span,1731,OK,1,,text-red-500
DesignSystem.jsx,src/pages/features/DesignSystem.jsx,input,1732,OK,0,type required,w-full rounded-md border border-stone-300 px-4 py-2 focus:ring-2 focus:ring-orange-500 focus:border-orange-500 outline-none
DesignSystem.jsx,src/pages/features/DesignSystem.jsx,div,1735,OK,5,,sosp-form-grup
DesignSystem.jsx,src/pages/features/DesignSystem.jsx,label,1736,OK,1,,block text-sm font-bold text-stone-700 mb-1
DesignSystem.jsx,src/pages/features/DesignSystem.jsx,select,1737,OK,7,aria-label,w-full rounded-md border border-stone-300 px-4 py-2 bg-white focus:ring-2 focus:ring-orange-500 focus:border-orange-500 outline-none
DesignSystem.jsx,src/pages/features/DesignSystem.jsx,option,1738,OK,1,value,
DesignSystem.jsx,src/pages/features/DesignSystem.jsx,option,1739,OK,1,value,
DesignSystem.jsx,src/pages/features/DesignSystem.jsx,option,1740,OK,1,value,
DesignSystem.jsx,src/pages/features/DesignSystem.jsx,fieldset,1746,OK,5,,sosp-fieldset bg-stone-50 p-6 rounded-lg border border-stone-200
DesignSystem.jsx,src/pages/features/DesignSystem.jsx,legend,1747,OK,1,,sosp-legend text-sm font-bold text-stone-900 bg-white border border-stone-200 px-3 py-1 rounded-full shadow-sm ml-2
DesignSystem.jsx,src/pages/features/DesignSystem.jsx,div,1748,OK,5,,sosp-form-grup mt-2
DesignSystem.jsx,src/pages/features/DesignSystem.jsx,label,1749,OK,2,,block text-sm font-bold text-stone-700 mb-1
DesignSystem.jsx,src/pages/features/DesignSystem.jsx,span,1749,OK,1,,text-red-500
DesignSystem.jsx,src/pages/features/DesignSystem.jsx,textarea,1750,OK,0,rows required,w-full rounded-md border border-stone-300 px-4 py-2 focus:ring-2 focus:ring-orange-500 focus:border-orange-500 outline-none
DesignSystem.jsx,src/pages/features/DesignSystem.jsx,div,1754,OK,5,,sosp-form-accions flex items-center gap-4 pt-4 border-t border-stone-200
DesignSystem.jsx,src/pages/features/DesignSystem.jsx,button,1755,OK,1,type,bg-stone-900 text-white font-bold py-3 px-8 rounded-lg shadow-sm hover:bg-stone-800 transition-colors
DesignSystem.jsx,src/pages/features/DesignSystem.jsx,button,1756,OK,1,type,text-stone-500 font-bold hover:text-stone-900 transition-colors
DesignSystem.jsx,src/pages/features/DesignSystem.jsx,div,1762,OK,5,,
DesignSystem.jsx,src/pages/features/DesignSystem.jsx,p,1763,OK,1,,text-sm text-gray-500 mb-4
DesignSystem.jsx,src/pages/features/DesignSystem.jsx,div,1764,OK,7,role aria-label,sosp-alerta-global bg-yellow-50 border border-yellow-200 p-4 rounded-xl flex items-start gap-4 text-yellow-800 shadow-sm
DesignSystem.jsx,src/pages/features/DesignSystem.jsx,span,1765,OK,1,,text-2xl mt-0.5
DesignSystem.jsx,src/pages/features/DesignSystem.jsx,p,1766,OK,1,,flex-1 text-sm font-medium
DesignSystem.jsx,src/pages/features/DesignSystem.jsx,button,1767,OK,1,type aria-label,text-yellow-600 hover:text-yellow-900
DesignSystem.jsx,src/pages/features/DesignSystem.jsx,section,1776,OK,5,,mb-16
DesignSystem.jsx,src/pages/features/DesignSystem.jsx,h2,1777,OK,1,,sosp-h2 mb-6
DesignSystem.jsx,src/pages/features/DesignSystem.jsx,div,1779,OK,3,,space-y-8
DesignSystem.jsx,src/pages/features/DesignSystem.jsx,div,1780,OK,5,,
DesignSystem.jsx,src/pages/features/DesignSystem.jsx,p,1781,OK,1,,text-sm text-gray-500 mb-4
DesignSystem.jsx,src/pages/features/DesignSystem.jsx,div,1782,OK,3,,bg-stone-900 rounded-xl overflow-hidden p-6 text-stone-300 font-mono text-sm shadow-inner max-w-3xl overflow-x-auto
DesignSystem.jsx,src/pages/features/DesignSystem.jsx,pre,1783,OK,1,,
DesignSystem.jsx,src/pages/features/DesignSystem.jsx,code,1783,OK,1,,
DesignSystem.jsx,src/pages/features/DesignSystem.jsx,section,1850,OK,5,,mb-16
DesignSystem.jsx,src/pages/features/DesignSystem.jsx,h2,1851,OK,1,,sosp-h2 mb-6
DesignSystem.jsx,src/pages/features/DesignSystem.jsx,div,1853,OK,5,,space-y-8
DesignSystem.jsx,src/pages/features/DesignSystem.jsx,div,1854,OK,5,,
DesignSystem.jsx,src/pages/features/DesignSystem.jsx,p,1855,OK,1,,text-sm text-gray-500 mb-4
DesignSystem.jsx,src/pages/features/DesignSystem.jsx,div,1856,OK,3,,bg-stone-100 border border-stone-300 rounded-xl p-6 font-mono text-sm text-stone-700 max-w-3xl overflow-x-auto shadow-sm
DesignSystem.jsx,src/pages/features/DesignSystem.jsx,pre,1857,OK,1,,
DesignSystem.jsx,src/pages/features/DesignSystem.jsx,code,1857,OK,1,,
DesignSystem.jsx,src/pages/features/DesignSystem.jsx,div,1882,OK,5,,
DesignSystem.jsx,src/pages/features/DesignSystem.jsx,p,1883,OK,1,,text-sm text-gray-500 mb-4
DesignSystem.jsx,src/pages/features/DesignSystem.jsx,div,1884,OK,7,,bg-red-50 border-2 border-red-200 rounded-xl p-8 max-w-3xl shadow-sm text-center
DesignSystem.jsx,src/pages/features/DesignSystem.jsx,h3,1885,OK,1,,font-black text-red-800 text-xl mb-4 tracking-widest uppercase border-b border-red-200 pb-4
DesignSystem.jsx,src/pages/features/DesignSystem.jsx,div,1888,OK,9,,space-y-2 text-red-900 font-medium mb-6 text-sm
DesignSystem.jsx,src/pages/features/DesignSystem.jsx,p,1889,OK,2,,
DesignSystem.jsx,src/pages/features/DesignSystem.jsx,strong,1889,OK,1,,font-bold
DesignSystem.jsx,src/pages/features/DesignSystem.jsx,p,1890,OK,1,,
DesignSystem.jsx,src/pages/features/DesignSystem.jsx,p,1891,OK,1,,
DesignSystem.jsx,src/pages/features/DesignSystem.jsx,p,1892,OK,1,,
DesignSystem.jsx,src/pages/features/DesignSystem.jsx,div,1895,OK,9,,bg-white border border-red-200 p-6 rounded-lg text-left inline-block
DesignSystem.jsx,src/pages/features/DesignSystem.jsx,h4,1896,OK,1,,font-bold text-red-700 mb-3 text-lg
DesignSystem.jsx,src/pages/features/DesignSystem.jsx,p,1897,OK,1,,text-stone-700 text-sm mb-3
DesignSystem.jsx,src/pages/features/DesignSystem.jsx,ol,1898,OK,7,,list-decimal list-inside text-stone-700 text-sm font-medium space-y-1 mb-4
DesignSystem.jsx,src/pages/features/DesignSystem.jsx,li,1899,OK,1,,
DesignSystem.jsx,src/pages/features/DesignSystem.jsx,li,1900,OK,1,,
DesignSystem.jsx,src/pages/features/DesignSystem.jsx,li,1901,OK,1,,
DesignSystem.jsx,src/pages/features/DesignSystem.jsx,p,1903,OK,1,,font-bold text-red-700 text-sm uppercase tracking-wide border-t border-red-100 pt-3
DesignSystem.jsx,src/pages/features/DesignSystem.jsx,section,1914,OK,5,,mb-16
DesignSystem.jsx,src/pages/features/DesignSystem.jsx,h2,1915,OK,1,,sosp-h2 mb-6
DesignSystem.jsx,src/pages/features/DesignSystem.jsx,div,1917,OK,5,,bg-stone-50 border border-stone-200 rounded-xl p-6
DesignSystem.jsx,src/pages/features/DesignSystem.jsx,p,1918,OK,1,,text-sm text-stone-600 mb-4
DesignSystem.jsx,src/pages/features/DesignSystem.jsx,div,1920,OK,9,,space-y-6
DesignSystem.jsx,src/pages/features/DesignSystem.jsx,details,1921,OK,5,,bg-white border border-stone-200 rounded-lg p-4 group
DesignSystem.jsx,src/pages/features/DesignSystem.jsx,summary,1922,OK,5,,font-bold text-stone-900 cursor-pointer list-none flex justify-between items-center
DesignSystem.jsx,src/pages/features/DesignSystem.jsx,span,1923,WRAPPER_INUTIL,1,,
DesignSystem.jsx,src/pages/features/DesignSystem.jsx,span,1924,OK,1,,text-stone-400 group-open:rotate-180 transition-transform
DesignSystem.jsx,src/pages/features/DesignSystem.jsx,div,1926,OK,3,,mt-4 pt-4 border-t border-stone-100 text-sm text-stone-700 font-mono whitespace-pre-wrap
DesignSystem.jsx,src/pages/features/DesignSystem.jsx,details,1938,OK,5,,bg-white border border-stone-200 rounded-lg p-4 group
DesignSystem.jsx,src/pages/features/DesignSystem.jsx,summary,1939,OK,5,,font-bold text-stone-900 cursor-pointer list-none flex justify-between items-center
DesignSystem.jsx,src/pages/features/DesignSystem.jsx,span,1940,WRAPPER_INUTIL,1,,
DesignSystem.jsx,src/pages/features/DesignSystem.jsx,span,1941,OK,1,,text-stone-400 group-open:rotate-180 transition-transform
DesignSystem.jsx,src/pages/features/DesignSystem.jsx,div,1943,OK,3,,mt-4 pt-4 border-t border-stone-100 text-sm text-stone-700 font-mono whitespace-pre-wrap
DesignSystem.jsx,src/pages/features/DesignSystem.jsx,details,1953,OK,5,,bg-white border border-stone-200 rounded-lg p-4 group
DesignSystem.jsx,src/pages/features/DesignSystem.jsx,summary,1954,OK,5,,font-bold text-stone-900 cursor-pointer list-none flex justify-between items-center
DesignSystem.jsx,src/pages/features/DesignSystem.jsx,span,1955,WRAPPER_INUTIL,1,,
DesignSystem.jsx,src/pages/features/DesignSystem.jsx,span,1956,OK,1,,text-stone-400 group-open:rotate-180 transition-transform
DesignSystem.jsx,src/pages/features/DesignSystem.jsx,div,1958,OK,3,,mt-4 pt-4 border-t border-stone-100 text-sm text-stone-700 font-mono whitespace-pre-wrap
DesignSystem.jsx,src/pages/features/DesignSystem.jsx,details,1968,OK,5,,bg-white border border-stone-200 rounded-lg p-4 group
DesignSystem.jsx,src/pages/features/DesignSystem.jsx,summary,1969,OK,5,,font-bold text-stone-900 cursor-pointer list-none flex justify-between items-center
DesignSystem.jsx,src/pages/features/DesignSystem.jsx,span,1970,WRAPPER_INUTIL,1,,
DesignSystem.jsx,src/pages/features/DesignSystem.jsx,span,1971,OK,1,,text-stone-400 group-open:rotate-180 transition-transform
DesignSystem.jsx,src/pages/features/DesignSystem.jsx,div,1973,OK,3,,mt-4 pt-4 border-t border-stone-100 text-sm text-stone-700 font-mono whitespace-pre-wrap
GlobalAssetAlbum.jsx,src/pages/features/GlobalAssetAlbum.jsx,StatusLoader,34,OK,0,type message,
GlobalAssetAlbum.jsx,src/pages/features/GlobalAssetAlbum.jsx,div,37,OK,9,,global-album-page anim-fade-in bg-[#FDF5E6] dark:bg-[#0a0a0a] min-h-screen text-black dark:text-white pb-20
GlobalAssetAlbum.jsx,src/pages/features/GlobalAssetAlbum.jsx,div,38,OK,5,role aria-label,global-album-header p-4 border-b border-black/10 dark:border-white/10
GlobalAssetAlbum.jsx,src/pages/features/GlobalAssetAlbum.jsx,div,39,OK,5,,header-top flex items-center mb-6
GlobalAssetAlbum.jsx,src/pages/features/GlobalAssetAlbum.jsx,button,40,OK,3,onClick,back-btn mr-4 p-2 bg-black/5 dark:bg-white/10 rounded-full hover:bg-black/10 transition-colors
GlobalAssetAlbum.jsx,src/pages/features/GlobalAssetAlbum.jsx,ArrowLeft,41,OK,0,size,
GlobalAssetAlbum.jsx,src/pages/features/GlobalAssetAlbum.jsx,div,43,OK,5,,header-title-wrapper flex-1
GlobalAssetAlbum.jsx,src/pages/features/GlobalAssetAlbum.jsx,h1,44,OK,1,,text-2xl font-black uppercase tracking-tight
GlobalAssetAlbum.jsx,src/pages/features/GlobalAssetAlbum.jsx,p,45,OK,1,,text-sm opacity-60
GlobalAssetAlbum.jsx,src/pages/features/GlobalAssetAlbum.jsx,div,49,OK,7,,header-tabs flex gap-2 overflow-x-auto pb-2 custom-scrollbar
GlobalAssetAlbum.jsx,src/pages/features/GlobalAssetAlbum.jsx,button,50,OK,3,onClick,[Dinàmic]
GlobalAssetAlbum.jsx,src/pages/features/GlobalAssetAlbum.jsx,LayoutGrid,54,OK,0,size,
GlobalAssetAlbum.jsx,src/pages/features/GlobalAssetAlbum.jsx,button,56,OK,3,onClick,[Dinàmic]
GlobalAssetAlbum.jsx,src/pages/features/GlobalAssetAlbum.jsx,Calendar,60,OK,0,size,
GlobalAssetAlbum.jsx,src/pages/features/GlobalAssetAlbum.jsx,button,62,OK,3,onClick,[Dinàmic]
GlobalAssetAlbum.jsx,src/pages/features/GlobalAssetAlbum.jsx,Brain,66,OK,0,size,
GlobalAssetAlbum.jsx,src/pages/features/GlobalAssetAlbum.jsx,div,71,OK,5,role aria-label,global-album-content p-4
GlobalAssetAlbum.jsx,src/pages/features/GlobalAssetAlbum.jsx,div,72,OK,3,,grid grid-cols-2 md:grid-cols-3 lg:grid-cols-4 gap-4
GlobalAssetAlbum.jsx,src/pages/features/GlobalAssetAlbum.jsx,div,74,OK,5,key,relative aspect-square bg-black/5 dark:bg-white/5 rounded-2xl overflow-hidden group border border-black/10 dark:border-white/10 cursor-pointer hover:border-orange-500 transition-colors
GlobalAssetAlbum.jsx,src/pages/features/GlobalAssetAlbum.jsx,img,75,OK,0,src alt loading,w-full h-full object-cover transition-transform duration-500 group-hover:scale-105
GlobalAssetAlbum.jsx,src/pages/features/GlobalAssetAlbum.jsx,div,82,OK,5,,absolute bottom-0 left-0 w-full p-2 bg-gradient-to-t from-black/80 to-transparent text-white opacity-0 group-hover:opacity-100 transition-opacity
GlobalAssetAlbum.jsx,src/pages/features/GlobalAssetAlbum.jsx,p,83,OK,1,,text-[10px] font-mono truncate
GlobalAssetAlbum.jsx,src/pages/features/GlobalAssetAlbum.jsx,p,84,OK,1,,text-[9px] opacity-70
GlobalAssetAlbum.jsx,src/pages/features/GlobalAssetAlbum.jsx,div,91,OK,3,,text-center py-20 opacity-50
GlobalAssetAlbum.jsx,src/pages/features/GlobalAssetAlbum.jsx,p,92,OK,1,,
GlobalAssetAlbum.jsx,src/pages/features/GlobalAssetAlbum.jsx,div,98,CSS_EXCESSIU,3,,fixed bottom-4 left-1/2 -translate-x-1/2 bg-black dark:bg-white text-white dark:text-black px-6 py-2 rounded-full font-black uppercase tracking-widest text-[10px] shadow-xl z-50
GlobalAssetAlbum.jsx,src/pages/features/GlobalAssetAlbum.jsx,span,99,OK,3,,
HubView.jsx,src/pages/features/HubView.jsx,div,14,OK,5,,min-h-full w-full bg-theme-base text-theme-text flex flex-col items-center transition-colors duration-500
HubView.jsx,src/pages/features/HubView.jsx,PageHeader,16,OK,0,title subtitle sticky onBack,
HubView.jsx,src/pages/features/HubView.jsx,div,26,OK,13,,w-full max-w-2xl space-y-8 p-4 pt-6 md:p-8 animate-in fade-in duration-500
HubView.jsx,src/pages/features/HubView.jsx,div,29,OK,5,,
HubView.jsx,src/pages/features/HubView.jsx,h2,30,OK,1,,text-[11px] font-black uppercase tracking-[0.3em] text-theme-text/40 mb-4 pl-2
HubView.jsx,src/pages/features/HubView.jsx,div,31,OK,11,,flex flex-col gap-4
HubView.jsx,src/pages/features/HubView.jsx,button,34,OK,5,onClick,w-full flex items-center p-5 border border-[var(--theme-accent-primary)]/30 rounded-[28px] bg-gradient-to-r from-[var(--theme-accent-primary)]/10 to-transparent hover:from-[var(--theme-accent-primary)]/20 transition-all group active:scale-[0.98] shadow-sm
HubView.jsx,src/pages/features/HubView.jsx,div,41,OK,3,,w-14 h-14 rounded-[20px] bg-[var(--theme-accent-primary)] text-white flex items-center justify-center shrink-0 shadow-[0_0_20px_var(--theme-accent-primary)] opacity-90 group-hover:opacity-100 group-hover:scale-110 transition-transform
HubView.jsx,src/pages/features/HubView.jsx,Newspaper,42,OK,0,size,
HubView.jsx,src/pages/features/HubView.jsx,div,44,OK,5,,flex flex-col items-start ml-5 text-left
HubView.jsx,src/pages/features/HubView.jsx,span,45,OK,1,,font-sans text-[22px] font-black uppercase tracking-widest leading-none text-theme-text
HubView.jsx,src/pages/features/HubView.jsx,span,46,OK,1,,text-[13px] font-bold tracking-[0.2em] mt-1.5 uppercase text-[var(--theme-accent-primary)]
HubView.jsx,src/pages/features/HubView.jsx,button,50,OK,5,onClick,w-full flex items-center p-4 border border-theme-border rounded-[28px] bg-theme-panel/50 hover:bg-theme-panel hover:border-theme-text/20 transition-all group active:scale-[0.98] shadow-sm
HubView.jsx,src/pages/features/HubView.jsx,div,57,OK,3,,w-12 h-12 rounded-[18px] bg-black/5 dark:bg-white/5 text-theme-text/80 group-hover:bg-theme-text group-hover:text-theme-base flex items-center justify-center shrink-0 transition-colors
HubView.jsx,src/pages/features/HubView.jsx,Store,58,OK,0,size,
HubView.jsx,src/pages/features/HubView.jsx,span,60,OK,1,,font-sans text-[18px] font-black uppercase tracking-widest leading-none text-theme-text ml-5 opacity-90 group-hover:opacity-100
HubView.jsx,src/pages/features/HubView.jsx,button,63,OK,5,onClick,w-full flex items-center p-4 border border-theme-border rounded-[28px] bg-theme-panel/50 hover:bg-theme-panel hover:border-theme-text/20 transition-all group active:scale-[0.98] shadow-sm
HubView.jsx,src/pages/features/HubView.jsx,div,70,OK,3,,w-12 h-12 rounded-[18px] bg-black/5 dark:bg-white/5 text-theme-text/80 group-hover:bg-theme-text group-hover:text-theme-base flex items-center justify-center shrink-0 transition-colors
HubView.jsx,src/pages/features/HubView.jsx,Calendar,71,OK,0,size,
HubView.jsx,src/pages/features/HubView.jsx,span,73,OK,1,,font-sans text-[18px] font-black uppercase tracking-widest leading-none text-theme-text ml-5 opacity-90 group-hover:opacity-100
HubView.jsx,src/pages/features/HubView.jsx,button,76,OK,5,onClick,w-full flex items-center p-4 border border-theme-border rounded-[28px] bg-theme-panel/50 hover:bg-theme-panel hover:border-theme-text/20 transition-all group active:scale-[0.98] shadow-sm
HubView.jsx,src/pages/features/HubView.jsx,div,80,OK,3,,w-12 h-12 rounded-[18px] bg-black/5 dark:bg-white/5 text-theme-text/80 group-hover:bg-theme-text group-hover:text-theme-base flex items-center justify-center shrink-0 transition-colors
HubView.jsx,src/pages/features/HubView.jsx,MapPin,81,OK,0,size,
HubView.jsx,src/pages/features/HubView.jsx,span,83,OK,1,,font-sans text-[18px] font-black uppercase tracking-widest leading-none text-theme-text ml-5 opacity-90 group-hover:opacity-100
HubView.jsx,src/pages/features/HubView.jsx,div,89,OK,7,,
HubView.jsx,src/pages/features/HubView.jsx,h2,90,OK,1,,text-[11px] font-black uppercase tracking-[0.3em] text-theme-text/40 mb-4 pl-2
HubView.jsx,src/pages/features/HubView.jsx,div,92,OK,3,,mb-3
HubView.jsx,src/pages/features/HubView.jsx,button,93,CSS_EXCESSIU,5,onClick,w-full h-full flex items-center justify-start gap-3 p-4 border border-theme-border rounded-[24px] bg-theme-panel/50 hover:bg-theme-panel transition-all group active:scale-95 shadow-sm
HubView.jsx,src/pages/features/HubView.jsx,div,97,OK,3,,w-12 h-12 rounded-[20px] bg-[#0ea5e9]/10 text-[#0ea5e9] group-hover:bg-[#0ea5e9] group-hover:text-white flex items-center justify-center transition-colors shadow-sm shrink-0
HubView.jsx,src/pages/features/HubView.jsx,Bot,98,OK,0,size,
HubView.jsx,src/pages/features/HubView.jsx,div,100,OK,5,,flex flex-col items-start font-black text-sm uppercase tracking-tight pt-0.5
HubView.jsx,src/pages/features/HubView.jsx,span,101,OK,1,,text-[10px] tracking-[0.3em] leading-none mb-1.5 text-[#0ea5e9]
HubView.jsx,src/pages/features/HubView.jsx,span,102,OK,1,,font-sans text-[16px] leading-none text-left text-theme-text font-black tracking-widest opacity-90
HubView.jsx,src/pages/features/HubView.jsx,div,107,OK,7,,flex flex-col gap-3
HubView.jsx,src/pages/features/HubView.jsx,Button,108,A11Y_CLICK_SENSE_ROLE,1,intent size fullWidth leftIcon onClick,min-h-[56px] justify-start rounded-[24px] font-sans text-[16px] font-black uppercase tracking-widest text-theme-text bg-theme-panel/50 border border-theme-border hover:bg-theme-panel shadow-sm
HubView.jsx,src/pages/features/HubView.jsx,StickyNote,112,OK,0,size,text-yellow-500
HubView.jsx,src/pages/features/HubView.jsx,Button,119,A11Y_CLICK_SENSE_ROLE,1,intent size fullWidth leftIcon onClick,min-h-[64px] rounded-[24px] font-sans text-[20px] font-black uppercase tracking-widest mt-2 shadow-md hover:scale-[1.02] transition-transform
HubView.jsx,src/pages/features/HubView.jsx,Shield,123,OK,0,size,
HubView.jsx,src/pages/features/HubView.jsx,Button,131,A11Y_CLICK_SENSE_ROLE,1,intent size fullWidth leftIcon onClick,min-h-[56px] rounded-[24px] font-sans text-[16px] font-black uppercase tracking-widest text-theme-text/60 hover:text-theme-text
HubView.jsx,src/pages/features/HubView.jsx,Cpu,135,OK,0,size,
HubView.jsx,src/pages/features/HubView.jsx,div,146,OK,5,,pt-6 border-t border-theme-border space-y-3
HubView.jsx,src/pages/features/HubView.jsx,Button,148,A11Y_CLICK_SENSE_ROLE,1,intent fullWidth leftIcon onClick,min-h-[56px] rounded-[28px] font-sans text-[16px] font-black uppercase tracking-widest
HubView.jsx,src/pages/features/HubView.jsx,Shield,151,OK,0,size,
HubView.jsx,src/pages/features/HubView.jsx,Button,159,A11Y_CLICK_SENSE_ROLE,1,intent fullWidth leftIcon onClick,min-h-[56px] rounded-[28px] font-sans text-[16px] font-black uppercase tracking-widest text-theme-text/40 hover:text-red-500 bg-transparent hover:bg-red-500/10 transition-colors
HubView.jsx,src/pages/features/HubView.jsx,LogOut,162,OK,0,size,
MediaManager.jsx,src/pages/features/MediaManager.jsx,div,417,OK,19,,[Dinàmic]
MediaManager.jsx,src/pages/features/MediaManager.jsx,SEO,418,OK,0,title description url,
MediaManager.jsx,src/pages/features/MediaManager.jsx,div,421,OK,9,,[Dinàmic]
MediaManager.jsx,src/pages/features/MediaManager.jsx,div,424,OK,13,,flex items-center gap-1.5 sm:gap-2 h-full
MediaManager.jsx,src/pages/features/MediaManager.jsx,button,425,OK,3,onClick title,flex items-center justify-center w-9 h-9 rounded-full bg-black/10 hover:bg-black/20 transition-colors text-white shrink-0
MediaManager.jsx,src/pages/features/MediaManager.jsx,ArrowLeft,430,OK,0,size strokeWidth,
MediaManager.jsx,src/pages/features/MediaManager.jsx,div,433,OK,0,,h-4 sm:h-5 w-[1px] bg-white opacity-30 mx-0.5 shrink-0
MediaManager.jsx,src/pages/features/MediaManager.jsx,div,436,OK,7,,relative flex items-center justify-center w-9 h-9 sm:w-auto sm:h-9 bg-black/20 hover:bg-black/30 rounded-full transition-colors shrink-0
MediaManager.jsx,src/pages/features/MediaManager.jsx,div,437,OK,3,,absolute left-[10px] sm:left-3 pointer-events-none text-white flex items-center justify-center z-10
MediaManager.jsx,src/pages/features/MediaManager.jsx,Folder,438,OK,0,size,
MediaManager.jsx,src/pages/features/MediaManager.jsx,select,440,CSS_EXCESSIU,3,value onChange,absolute inset-0 sm:static w-full h-full opacity-0 sm:opacity-100 sm:appearance-none bg-transparent cursor-pointer text-white font-bold uppercase tracking-wider text-[11px] sm:text-xs pl-0 sm:pl-9 pr-0 sm:pr-8 outline-none z-20
MediaManager.jsx,src/pages/features/MediaManager.jsx,option,446,OK,3,key value,text-black bg-white
MediaManager.jsx,src/pages/features/MediaManager.jsx,div,451,OK,3,,absolute right-2.5 pointer-events-none text-white/70 hidden sm:block z-10
MediaManager.jsx,src/pages/features/MediaManager.jsx,svg,452,OK,1,width height viewBox fill stroke strokeWidth strokeLinecap strokeLinejoin,
MediaManager.jsx,src/pages/features/MediaManager.jsx,path,452,OK,0,d,
MediaManager.jsx,src/pages/features/MediaManager.jsx,div,457,OK,7,,relative flex items-center justify-center w-9 h-9 sm:w-auto sm:h-9 bg-black/20 hover:bg-black/30 rounded-full transition-colors shrink-0
MediaManager.jsx,src/pages/features/MediaManager.jsx,div,458,OK,3,,absolute left-[10px] sm:left-3 pointer-events-none text-white flex items-center justify-center z-10
MediaManager.jsx,src/pages/features/MediaManager.jsx,Link,459,OK,0,size,
MediaManager.jsx,src/pages/features/MediaManager.jsx,select,461,CSS_EXCESSIU,7,value onChange,absolute inset-0 sm:static w-full h-full opacity-0 sm:opacity-100 sm:appearance-none bg-transparent cursor-pointer text-white font-bold uppercase tracking-wider text-[11px] sm:text-xs pl-0 sm:pl-9 pr-0 sm:pr-8 outline-none z-20
MediaManager.jsx,src/pages/features/MediaManager.jsx,option,466,OK,3,value,text-black bg-white
MediaManager.jsx,src/pages/features/MediaManager.jsx,option,467,OK,3,value,text-black bg-white
MediaManager.jsx,src/pages/features/MediaManager.jsx,option,468,OK,3,value,text-black bg-white
MediaManager.jsx,src/pages/features/MediaManager.jsx,div,470,OK,3,,absolute right-2.5 pointer-events-none text-white/70 hidden sm:block z-10
MediaManager.jsx,src/pages/features/MediaManager.jsx,svg,471,OK,1,width height viewBox fill stroke strokeWidth strokeLinecap strokeLinejoin,
MediaManager.jsx,src/pages/features/MediaManager.jsx,path,471,OK,0,d,
MediaManager.jsx,src/pages/features/MediaManager.jsx,div,477,OK,11,,flex items-center gap-1.5 sm:gap-2 h-full
MediaManager.jsx,src/pages/features/MediaManager.jsx,div,479,CSS_EXCESSIU,5,,relative flex items-center justify-start w-9 h-9 sm:w-32 lg:w-48 bg-black/20 hover:bg-black/30 focus-within:bg-black/30 focus-within:w-48 focus-within:absolute focus-within:right-2 sm:focus-within:relative sm:focus-within:w-full rounded-full transition-all shrink-0 z-30 group
MediaManager.jsx,src/pages/features/MediaManager.jsx,div,480,OK,3,,absolute left-[10px] sm:left-3 pointer-events-none text-white flex items-center justify-center z-10 transition-colors
MediaManager.jsx,src/pages/features/MediaManager.jsx,Search,481,OK,0,size,
MediaManager.jsx,src/pages/features/MediaManager.jsx,input,483,CSS_EXCESSIU,0,type placeholder value onChange,absolute inset-0 sm:static w-full h-full bg-transparent text-white placeholder-transparent sm:placeholder-white/60 focus:placeholder-white/60 text-xs pl-9 pr-3 outline-none cursor-pointer focus:cursor-text opacity-0 sm:opacity-100 focus:opacity-100 transition-all rounded-full z-20
MediaManager.jsx,src/pages/features/MediaManager.jsx,button,494,OK,5,onClick title,flex items-center justify-center w-9 h-9 bg-black/20 hover:bg-black/30 rounded-full transition-all text-white relative shrink-0
MediaManager.jsx,src/pages/features/MediaManager.jsx,Info,505,OK,0,size,
MediaManager.jsx,src/pages/features/MediaManager.jsx,span,507,OK,0,,absolute top-0 right-0 w-2.5 h-2.5 bg-red-500 rounded-full animate-pulse shadow-lg
MediaManager.jsx,src/pages/features/MediaManager.jsx,button,511,OK,5,onClick,[Dinàmic]
MediaManager.jsx,src/pages/features/MediaManager.jsx,MousePointerSquareDashed,515,OK,0,size,
MediaManager.jsx,src/pages/features/MediaManager.jsx,span,516,OK,1,,hidden lg:inline
MediaManager.jsx,src/pages/features/MediaManager.jsx,div,523,OK,5,,[Dinàmic]
MediaManager.jsx,src/pages/features/MediaManager.jsx,div,524,OK,5,,[Dinàmic]
MediaManager.jsx,src/pages/features/MediaManager.jsx,CheckCircle2,525,OK,0,size,
MediaManager.jsx,src/pages/features/MediaManager.jsx,div,527,OK,3,,flex items-center gap-2
MediaManager.jsx,src/pages/features/MediaManager.jsx,button,528,OK,5,onClick disabled,flex items-center gap-1.5 bg-red-600 hover:bg-red-500 text-white px-3 py-1.5 rounded-lg font-bold text-[10px] uppercase tracking-wider transition-all disabled:opacity-50
MediaManager.jsx,src/pages/features/MediaManager.jsx,Trash2,533,OK,0,size,
MediaManager.jsx,src/pages/features/MediaManager.jsx,div,540,OK,9,,flex-1 flex flex-col w-full max-w-7xl mx-auto px-4 md:px-8 py-4 gap-6 relative
MediaManager.jsx,src/pages/features/MediaManager.jsx,div,543,A11Y_CLICK_SENSE_ROLE,3,onClick onMouseEnter onMouseLeave title,[Dinàmic]
MediaManager.jsx,src/pages/features/MediaManager.jsx,div,559,OK,3,,flex-1 relative
MediaManager.jsx,src/pages/features/MediaManager.jsx,GroupedVirtuoso,561,ESTILS_MESCLATS,0,ref style groupCounts overscan onScroll itemsRendered groupContent itemContent,custom-scrollbar
MediaManager.jsx,src/pages/features/MediaManager.jsx,div,586,OK,3,,[Dinàmic]
MediaManager.jsx,src/pages/features/MediaManager.jsx,h2,587,OK,3,,font-black text-lg tracking-wider
MediaManager.jsx,src/pages/features/MediaManager.jsx,div,596,OK,7,,flex w-full gap-2 md:gap-4 mb-2 md:mb-4
MediaManager.jsx,src/pages/features/MediaManager.jsx,div,600,A11Y_CLICK_SENSE_ROLE,11,key style onMouseDown onMouseEnter onClick onDragStart,[Dinàmic]
MediaManager.jsx,src/pages/features/MediaManager.jsx,img,619,OK,0,src alt draggable loading onError,[Dinàmic]
MediaManager.jsx,src/pages/features/MediaManager.jsx,div,633,OK,3,,[Dinàmic]
MediaManager.jsx,src/pages/features/MediaManager.jsx,Film,634,OK,0,size,opacity-50
MediaManager.jsx,src/pages/features/MediaManager.jsx,div,637,OK,3,,[Dinàmic]
MediaManager.jsx,src/pages/features/MediaManager.jsx,FileText,638,OK,0,size,opacity-50
MediaManager.jsx,src/pages/features/MediaManager.jsx,div,644,OK,3,,absolute top-2 left-2 z-10
MediaManager.jsx,src/pages/features/MediaManager.jsx,div,645,OK,3,,[Dinàmic]
MediaManager.jsx,src/pages/features/MediaManager.jsx,CheckCircle2,646,OK,0,size,
MediaManager.jsx,src/pages/features/MediaManager.jsx,div,653,OK,7,,absolute inset-0 bg-black/70 opacity-0 group-hover:opacity-100 flex flex-col items-center justify-center gap-2 transition-all p-4 text-center cursor-pointer
MediaManager.jsx,src/pages/features/MediaManager.jsx,div,654,OK,3,,[Dinàmic]
MediaManager.jsx,src/pages/features/MediaManager.jsx,Maximize2,655,OK,0,size,
MediaManager.jsx,src/pages/features/MediaManager.jsx,span,657,OK,1,,text-[9px] uppercase tracking-widest text-[#aaa] bg-black/80 px-2 py-0.5 rounded border border-[#444]
MediaManager.jsx,src/pages/features/MediaManager.jsx,span,658,OK,1,,text-[10px] font-bold text-white max-w-full truncate
MediaManager.jsx,src/pages/features/MediaManager.jsx,div,666,OK,0,key style,
MediaManager.jsx,src/pages/features/MediaManager.jsx,div,673,OK,1,,w-full h-64 flex flex-col items-center justify-center font-bold tracking-widest uppercase opacity-50
MediaManager.jsx,src/pages/features/MediaManager.jsx,div,682,A11Y_CLICK_SENSE_ROLE,3,onClick,fixed inset-0 z-50 flex items-center justify-center p-2 md:p-4 bg-black/95 backdrop-blur-md
MediaManager.jsx,src/pages/features/MediaManager.jsx,div,683,A11Y_CLICK_SENSE_ROLE,7,onClick,[Dinàmic]
MediaManager.jsx,src/pages/features/MediaManager.jsx,button,684,OK,3,onClick,absolute top-4 right-4 z-20 w-8 h-8 bg-black/50 hover:bg-red-600 rounded-full flex items-center justify-center text-white transition-all backdrop-blur
MediaManager.jsx,src/pages/features/MediaManager.jsx,X,685,OK,0,size,
MediaManager.jsx,src/pages/features/MediaManager.jsx,div,688,OK,11,onTouchStart onTouchEnd,w-full md:w-2/3 h-[50vh] md:h-auto bg-black flex items-center justify-center p-4 relative md:!min-h-[500px] group
MediaManager.jsx,src/pages/features/MediaManager.jsx,button,693,CSS_EXCESSIU,3,onClick,absolute left-2 md:left-4 z-10 w-10 h-10 md:w-12 md:h-12 bg-black/50 hover:bg-white/20 text-white rounded-full flex items-center justify-center opacity-0 group-hover:opacity-100 transition-opacity backdrop-blur
MediaManager.jsx,src/pages/features/MediaManager.jsx,ChevronLeft,694,OK,0,size,md:w-7 md:h-7
MediaManager.jsx,src/pages/features/MediaManager.jsx,button,696,CSS_EXCESSIU,3,onClick,absolute right-2 md:right-4 z-10 w-10 h-10 md:w-12 md:h-12 bg-black/50 hover:bg-white/20 text-white rounded-full flex items-center justify-center opacity-0 group-hover:opacity-100 transition-opacity backdrop-blur
MediaManager.jsx,src/pages/features/MediaManager.jsx,ChevronRight,697,OK,0,size,md:w-7 md:h-7
MediaManager.jsx,src/pages/features/MediaManager.jsx,img,700,OK,0,src alt draggable onError,max-w-full max-h-full object-contain rounded-lg shadow-2xl transition-transform
MediaManager.jsx,src/pages/features/MediaManager.jsx,div,714,OK,1,,absolute bottom-4 left-1/2 -translate-x-1/2 bg-black/60 text-white/60 px-4 py-1 rounded-full text-[10px] uppercase tracking-widest md:hidden backdrop-blur
MediaManager.jsx,src/pages/features/MediaManager.jsx,div,719,OK,7,,[Dinàmic]
MediaManager.jsx,src/pages/features/MediaManager.jsx,div,720,OK,3,,[Dinàmic]
MediaManager.jsx,src/pages/features/MediaManager.jsx,h2,721,OK,1,,[Dinàmic]
MediaManager.jsx,src/pages/features/MediaManager.jsx,div,724,OK,11,,[Dinàmic]
MediaManager.jsx,src/pages/features/MediaManager.jsx,div,725,OK,5,,
MediaManager.jsx,src/pages/features/MediaManager.jsx,label,726,OK,1,,text-[10px] uppercase tracking-widest font-bold mb-1 block opacity-50
MediaManager.jsx,src/pages/features/MediaManager.jsx,div,727,OK,5,,[Dinàmic]
MediaManager.jsx,src/pages/features/MediaManager.jsx,Folder,728,OK,0,size,inline mr-1
MediaManager.jsx,src/pages/features/MediaManager.jsx,div,731,OK,5,,
MediaManager.jsx,src/pages/features/MediaManager.jsx,label,732,OK,1,,text-[10px] uppercase tracking-widest font-bold mb-1 block opacity-50
MediaManager.jsx,src/pages/features/MediaManager.jsx,div,733,OK,3,,[Dinàmic]
MediaManager.jsx,src/pages/features/MediaManager.jsx,div,737,OK,5,,
MediaManager.jsx,src/pages/features/MediaManager.jsx,label,738,OK,1,,text-[10px] uppercase tracking-widest font-bold mb-1 block opacity-50
MediaManager.jsx,src/pages/features/MediaManager.jsx,div,739,OK,3,,[Dinàmic]
MediaManager.jsx,src/pages/features/MediaManager.jsx,div,744,OK,5,,pt-2 hidden md:block
MediaManager.jsx,src/pages/features/MediaManager.jsx,label,745,OK,1,,text-[10px] uppercase tracking-widest font-bold mb-1 block opacity-50
MediaManager.jsx,src/pages/features/MediaManager.jsx,div,746,OK,5,,[Dinàmic]
MediaManager.jsx,src/pages/features/MediaManager.jsx,div,747,OK,5,,flex justify-between
MediaManager.jsx,src/pages/features/MediaManager.jsx,span,748,OK,1,,opacity-60
MediaManager.jsx,src/pages/features/MediaManager.jsx,span,749,OK,1,,font-bold
MediaManager.jsx,src/pages/features/MediaManager.jsx,div,751,OK,5,,flex justify-between
MediaManager.jsx,src/pages/features/MediaManager.jsx,span,752,OK,1,,opacity-60
MediaManager.jsx,src/pages/features/MediaManager.jsx,span,753,OK,1,,font-bold
MediaManager.jsx,src/pages/features/MediaManager.jsx,div,758,OK,5,,pt-2
MediaManager.jsx,src/pages/features/MediaManager.jsx,label,759,OK,1,,text-[10px] uppercase tracking-widest font-bold mb-1 block opacity-50
MediaManager.jsx,src/pages/features/MediaManager.jsx,div,760,OK,3,,[Dinàmic]
MediaManager.jsx,src/pages/features/MediaManager.jsx,div,762,OK,1,,text-orange-500 animate-pulse
MediaManager.jsx,src/pages/features/MediaManager.jsx,div,768,OK,5,,space-y-2
MediaManager.jsx,src/pages/features/MediaManager.jsx,div,769,OK,3,,text-green-600 dark:text-green-400 font-bold mb-2
MediaManager.jsx,src/pages/features/MediaManager.jsx,div,772,OK,3,,max-h-32 overflow-y-auto custom-scrollbar pr-2 space-y-1
MediaManager.jsx,src/pages/features/MediaManager.jsx,div,774,A11Y_CLICK_SENSE_ROLE,7,key onClick,[Dinàmic]
MediaManager.jsx,src/pages/features/MediaManager.jsx,span,783,OK,1,,font-semibold text-[10px] uppercase tracking-wide opacity-70 shrink-0 bg-black/5 dark:bg-white/5 px-2 py-0.5 rounded
MediaManager.jsx,src/pages/features/MediaManager.jsx,span,784,OK,1,title,truncate flex-1 text-blue-500 dark:text-blue-400 hover:underline
MediaManager.jsx,src/pages/features/MediaManager.jsx,Link,785,OK,0,size,opacity-50 shrink-0
MediaManager.jsx,src/pages/features/MediaManager.jsx,div,793,OK,1,,text-red-500 font-bold
MediaManager.jsx,src/pages/features/MediaManager.jsx,div,803,OK,5,,[Dinàmic]
MediaManager.jsx,src/pages/features/MediaManager.jsx,div,804,OK,5,,flex flex-col gap-2
MediaManager.jsx,src/pages/features/MediaManager.jsx,label,805,OK,1,,text-[10px] uppercase tracking-widest font-bold opacity-50 block
MediaManager.jsx,src/pages/features/MediaManager.jsx,div,806,OK,7,,flex gap-2
MediaManager.jsx,src/pages/features/MediaManager.jsx,input,807,OK,0,type list placeholder value onChange onKeyDown,[Dinàmic]
MediaManager.jsx,src/pages/features/MediaManager.jsx,datalist,816,OK,3,,
MediaManager.jsx,src/pages/features/MediaManager.jsx,option,818,OK,0,key value,
MediaManager.jsx,src/pages/features/MediaManager.jsx,button,821,OK,3,onClick disabled,[Dinàmic]
MediaManager.jsx,src/pages/features/MediaManager.jsx,ArrowRight,826,OK,0,size,
MediaManager.jsx,src/pages/features/MediaManager.jsx,div,831,OK,5,,[Dinàmic]
MediaManager.jsx,src/pages/features/MediaManager.jsx,button,832,CSS_EXCESSIU,3,onClick disabled,flex-1 flex items-center justify-center gap-2 bg-red-600/10 hover:bg-red-600/20 text-red-600 border border-red-600/30 rounded-xl py-2 md:py-3 font-bold text-xs tracking-wide transition-all uppercase disabled:opacity-50
MediaManager.jsx,src/pages/features/MediaManager.jsx,Trash2,837,OK,0,size,
MediaManager.jsx,src/pages/features/MediaManager.jsx,button,839,OK,1,,[Dinàmic]
MedicationConfirm.jsx,src/pages/features/MedicationConfirm.jsx,div,55,OK,7,,fixed inset-0 bg-[#0a0a0a] z-50 flex flex-col items-center justify-center text-white p-6
MedicationConfirm.jsx,src/pages/features/MedicationConfirm.jsx,CheckCircle,56,OK,0,size,text-green-500 mb-6 drop-shadow-[0_0_20px_rgba(34;197;94;0.5)]
MedicationConfirm.jsx,src/pages/features/MedicationConfirm.jsx,h1,57,OK,1,,text-4xl font-bold text-center tracking-tight mb-2
MedicationConfirm.jsx,src/pages/features/MedicationConfirm.jsx,p,58,OK,1,,text-xl text-gray-400 text-center
MedicationConfirm.jsx,src/pages/features/MedicationConfirm.jsx,div,65,OK,7,,fixed inset-0 bg-[#0a0a0a] z-50 flex flex-col items-center justify-center text-white p-6
MedicationConfirm.jsx,src/pages/features/MedicationConfirm.jsx,Clock,66,OK,0,size,text-orange-500 mb-6 drop-shadow-[0_0_20px_rgba(249;115;22;0.5)]
MedicationConfirm.jsx,src/pages/features/MedicationConfirm.jsx,h1,67,OK,1,,text-4xl font-bold text-center tracking-tight mb-2
MedicationConfirm.jsx,src/pages/features/MedicationConfirm.jsx,p,68,OK,1,,text-xl text-gray-400 text-center
MedicationConfirm.jsx,src/pages/features/MedicationConfirm.jsx,div,74,OK,5,,fixed inset-0 bg-[#0a0a0a] z-50 flex flex-col justify-between text-white p-6 pb-12
MedicationConfirm.jsx,src/pages/features/MedicationConfirm.jsx,div,75,OK,9,,mt-12 text-center
MedicationConfirm.jsx,src/pages/features/MedicationConfirm.jsx,div,76,OK,3,,w-32 h-32 mx-auto rounded-full bg-red-500/20 flex items-center justify-center mb-8 border-4 border-red-500 animate-pulse
MedicationConfirm.jsx,src/pages/features/MedicationConfirm.jsx,svg,77,OK,2,xmlns width height viewBox fill stroke strokeWidth strokeLinecap strokeLinejoin,
MedicationConfirm.jsx,src/pages/features/MedicationConfirm.jsx,path,77,OK,0,d,
MedicationConfirm.jsx,src/pages/features/MedicationConfirm.jsx,path,77,OK,0,d,
MedicationConfirm.jsx,src/pages/features/MedicationConfirm.jsx,h1,79,OK,1,,text-4xl font-bold tracking-tight mb-4
MedicationConfirm.jsx,src/pages/features/MedicationConfirm.jsx,p,80,OK,1,,text-2xl text-gray-300
MedicationConfirm.jsx,src/pages/features/MedicationConfirm.jsx,div,82,OK,3,,mt-8 text-6xl font-black text-red-500 tabular-nums
MedicationConfirm.jsx,src/pages/features/MedicationConfirm.jsx,div,87,OK,5,,flex flex-col gap-4
MedicationConfirm.jsx,src/pages/features/MedicationConfirm.jsx,button,88,OK,1,onClick,w-full bg-green-500 hover:bg-green-400 text-white rounded-[24px] py-6 text-2xl font-bold transition-all transform active:scale-95 shadow-[0_0_30px_rgba(34;197;94;0.3)]
MedicationConfirm.jsx,src/pages/features/MedicationConfirm.jsx,button,94,OK,1,onClick,w-full bg-gray-800 hover:bg-gray-700 text-white rounded-[24px] py-6 text-xl font-medium transition-all transform active:scale-95
Notes.jsx,src/pages/features/Notes.jsx,div,536,OK,1,,flex-1 flex items-center justify-center
Notes.jsx,src/pages/features/Notes.jsx,Sparkles,536,OK,0,,animate-pulse opacity-50
Notes.jsx,src/pages/features/Notes.jsx,div,543,OK,13,,notebook-app flex-1 flex h-full bg-[#1e1e1e] dark:bg-[#121212] overflow-hidden animate-in fade-in duration-300 notranslate font-sans text-white relative
Notes.jsx,src/pages/features/Notes.jsx,div,547,A11Y_CLICK_SENSE_ROLE,0,onClick,absolute inset-0 bg-black/20 dark:bg-black/50 z-40 transition-opacity
Notes.jsx,src/pages/features/Notes.jsx,div,554,OK,5,style,[Dinàmic]
Notes.jsx,src/pages/features/Notes.jsx,NotebookSidebar,559,OK,0,folders activeFolder onSelectFolder onAddFolder onDeleteFolder categories activeCategory onSelectCategory isCollapsed onToggleCollapse width,
Notes.jsx,src/pages/features/Notes.jsx,div,582,OK,0,onMouseDown title,w-2 cursor-col-resize absolute right-[-4px] top-0 h-full z-50 hover:bg-orange-500/20
Notes.jsx,src/pages/features/Notes.jsx,div,595,ESTILS_MESCLATS,5,style,h-full shrink-0 z-20 relative shadow-[4px_0_15px_rgba(0;0;0;0.04)] dark:shadow-[4px_0_15px_rgba(0;0;0;0.2)] min-w-[150px]
Notes.jsx,src/pages/features/Notes.jsx,NotebookList,600,OK,0,notes activeNoteId onSelectNote onAddNote onReorderNotes searchQuery onSearchChange isCollapsed onToggleCollapse sidebarVisible isMobile onBackToFolders width,
Notes.jsx,src/pages/features/Notes.jsx,div,625,OK,0,onMouseDown title,w-2 cursor-col-resize absolute right-[-4px] top-0 h-full z-50 hover:bg-orange-500/20
Notes.jsx,src/pages/features/Notes.jsx,div,638,OK,3,,flex-1 flex flex-col min-w-[350px] bg-[#ffffff] dark:bg-[#1e1e1e] text-black dark:text-white relative z-10
Notes.jsx,src/pages/features/Notes.jsx,div,642,OK,5,role aria-label,h-14 border-b border-gray-200 dark:border-[#333] flex items-center justify-between px-4 bg-[#ffffff]/90 dark:bg-[#1e1e1e]/90 backdrop-blur-md shrink-0 sticky top-0 z-20
Notes.jsx,src/pages/features/Notes.jsx,div,643,OK,5,,flex items-center gap-2 flex-1 min-w-0
Notes.jsx,src/pages/features/Notes.jsx,button,645,OK,5,onClick aria-label,p-2 -ml-2 text-orange-500 hover:text-orange-600 flex items-center gap-1
Notes.jsx,src/pages/features/Notes.jsx,ChevronLeft,650,OK,0,size,
Notes.jsx,src/pages/features/Notes.jsx,span,651,OK,1,,text-sm font-medium
Notes.jsx,src/pages/features/Notes.jsx,input,655,OK,0,type value onChange placeholder aria-label spellCheck,bg-transparent border-none outline-none text-xl font-bold w-full text-black dark:text-white placeholder:opacity-30
Notes.jsx,src/pages/features/Notes.jsx,div,668,OK,7,,flex items-center gap-1 ml-4 text-gray-500 dark:text-gray-400 relative
Notes.jsx,src/pages/features/Notes.jsx,button,670,CSS_EXCESSIU,3,onClick aria-label,px-4 py-2 bg-emerald-100 text-emerald-700 border-emerald-200 dark:bg-emerald-900/30 dark:text-emerald-400 dark:border-emerald-500/30 border rounded-[28px] text-xs font-black uppercase tracking-widest hover:bg-emerald-200 dark:hover:bg-emerald-900/50 transition-all shadow-sm
Notes.jsx,src/pages/features/Notes.jsx,button,679,OK,3,onClick aria-label title aria-haspopup aria-expanded,p-2 rounded-md hover:bg-gray-100 dark:hover:bg-[#333] transition-colors
Notes.jsx,src/pages/features/Notes.jsx,MoreHorizontal,687,OK,0,size,
Notes.jsx,src/pages/features/Notes.jsx,div,691,CSS_EXCESSIU,5,,absolute right-0 top-full mt-2 w-64 bg-white dark:bg-[#1e1e1e] border border-gray-200 dark:border-[#333] rounded-xl shadow-xl z-dropdown overflow-hidden animate-in fade-in zoom-in duration-200
Notes.jsx,src/pages/features/Notes.jsx,div,692,OK,5,,px-4 py-3 bg-gray-50 dark:bg-[#252525] border-b border-gray-200 dark:border-[#333] text-xs flex flex-col gap-2 cursor-default
Notes.jsx,src/pages/features/Notes.jsx,div,693,OK,5,,flex justify-between items-center
Notes.jsx,src/pages/features/Notes.jsx,span,694,OK,1,,text-gray-500 dark:text-gray-400
Notes.jsx,src/pages/features/Notes.jsx,span,695,OK,1,,font-medium text-gray-800 dark:text-gray-200
Notes.jsx,src/pages/features/Notes.jsx,div,697,OK,5,,flex justify-between items-center
Notes.jsx,src/pages/features/Notes.jsx,span,698,OK,1,,text-gray-500 dark:text-gray-400
Notes.jsx,src/pages/features/Notes.jsx,span,699,OK,1,,font-medium text-gray-800 dark:text-gray-200
Notes.jsx,src/pages/features/Notes.jsx,div,702,OK,27,,py-1
Notes.jsx,src/pages/features/Notes.jsx,button,703,OK,3,onClick aria-label,w-full text-left px-4 py-3 text-sm hover:bg-gray-100 dark:hover:bg-[#333] flex items-center gap-3 transition-colors text-fuchsia-600 dark:text-fuchsia-400 font-medium
Notes.jsx,src/pages/features/Notes.jsx,MessageSquare,711,OK,0,size,
Notes.jsx,src/pages/features/Notes.jsx,button,713,OK,3,onClick aria-label,w-full text-left px-4 py-3 text-sm hover:bg-gray-100 dark:hover:bg-[#333] flex items-center gap-3 transition-colors text-gray-700 dark:text-gray-300
Notes.jsx,src/pages/features/Notes.jsx,Download,721,OK,0,size,
Notes.jsx,src/pages/features/Notes.jsx,button,723,OK,3,onClick aria-label,w-full text-left px-4 py-3 text-sm hover:bg-gray-100 dark:hover:bg-[#333] flex items-center gap-3 transition-colors text-gray-700 dark:text-gray-300
Notes.jsx,src/pages/features/Notes.jsx,FileText,731,OK,0,size,
Notes.jsx,src/pages/features/Notes.jsx,button,733,OK,3,onClick aria-label,w-full text-left px-4 py-3 text-sm hover:bg-blue-50 dark:hover:bg-blue-900/20 flex items-center gap-3 transition-colors text-blue-600 dark:text-blue-400 font-medium
Notes.jsx,src/pages/features/Notes.jsx,Globe,741,OK,0,size,
Notes.jsx,src/pages/features/Notes.jsx,button,743,OK,3,onClick aria-label,w-full text-left px-4 py-3 text-sm hover:bg-gray-100 dark:hover:bg-[#333] flex items-center gap-3 transition-colors text-gray-700 dark:text-gray-300
Notes.jsx,src/pages/features/Notes.jsx,Globe,751,OK,0,size,
Notes.jsx,src/pages/features/Notes.jsx,button,753,OK,3,onClick aria-label,w-full text-left px-4 py-3 text-sm hover:bg-gray-100 dark:hover:bg-[#333] flex items-center gap-3 transition-colors text-gray-700 dark:text-gray-300
Notes.jsx,src/pages/features/Notes.jsx,Share,761,OK,0,size,
Notes.jsx,src/pages/features/Notes.jsx,div,763,OK,0,,h-px bg-gray-200 dark:bg-[#333] my-1
Notes.jsx,src/pages/features/Notes.jsx,button,764,OK,5,onClick aria-label,w-full text-left px-4 py-3 text-sm hover:bg-red-50 text-red-600 dark:hover:bg-red-900/20 dark:text-red-400 flex items-center gap-3 transition-colors
Notes.jsx,src/pages/features/Notes.jsx,Trash2,772,OK,0,size,
Notes.jsx,src/pages/features/Notes.jsx,div,774,OK,0,,h-px bg-gray-200 dark:bg-[#333] my-1
Notes.jsx,src/pages/features/Notes.jsx,button,775,OK,5,onClick aria-label,w-full text-left px-4 py-3 text-sm hover:bg-gray-100 dark:hover:bg-[#333] flex items-center gap-3 transition-colors text-gray-700 dark:text-gray-300
Notes.jsx,src/pages/features/Notes.jsx,List,783,OK,0,size,
Notes.jsx,src/pages/features/Notes.jsx,div,785,OK,0,,h-px bg-gray-200 dark:bg-[#333] my-1
Notes.jsx,src/pages/features/Notes.jsx,button,786,OK,3,onClick,w-full text-left px-4 py-3 text-sm hover:bg-gray-100 dark:hover:bg-[#333] flex items-center gap-3 transition-colors text-gray-700 dark:text-gray-300
Notes.jsx,src/pages/features/Notes.jsx,Download,793,OK,0,size,
Notes.jsx,src/pages/features/Notes.jsx,button,795,OK,3,onClick,w-full text-left px-4 py-3 text-sm hover:bg-gray-100 dark:hover:bg-[#333] flex items-center gap-3 transition-colors text-gray-700 dark:text-gray-300
Notes.jsx,src/pages/features/Notes.jsx,Upload,802,OK,0,size,
Notes.jsx,src/pages/features/Notes.jsx,div,811,OK,5,,bg-yellow-100 text-yellow-800 text-[12px] px-4 py-1 text-center font-medium shrink-0 w-full
Notes.jsx,src/pages/features/Notes.jsx,span,812,WRAPPER_INUTIL,1,,
Notes.jsx,src/pages/features/Notes.jsx,a,813,OK,1,href,underline cursor-pointer
Notes.jsx,src/pages/features/Notes.jsx,div,819,OK,3,,flex-1 overflow-hidden p-6 md:p-12 flex flex-col items-center bg-white dark:bg-[#1e1e1e] min-h-0
Notes.jsx,src/pages/features/Notes.jsx,div,820,OK,3,,w-full max-w-3xl flex-1 flex flex-col min-h-0 text-lg leading-relaxed text-black dark:text-white
Notes.jsx,src/pages/features/Notes.jsx,AccessibilitatUniversal,823,OK,0,embedded,
Notes.jsx,src/pages/features/Notes.jsx,MasterEditor,825,OK,0,note showIndex onAIA onChange placeholder,
Notes.jsx,src/pages/features/Notes.jsx,div,837,OK,7,,flex-1 flex flex-col items-center justify-center text-gray-400 dark:text-gray-500 bg-[#f9f9f9] dark:bg-[#1e1e1e]
Notes.jsx,src/pages/features/Notes.jsx,FileText,838,OK,0,size,mb-4 opacity-20
Notes.jsx,src/pages/features/Notes.jsx,h2,839,OK,1,,text-xl font-medium mb-6
Notes.jsx,src/pages/features/Notes.jsx,div,841,OK,3,,flex gap-4
Notes.jsx,src/pages/features/Notes.jsx,button,842,CSS_EXCESSIU,3,onClick,flex items-center gap-2 px-6 py-2.5 bg-white dark:bg-[#252525] border border-gray-200 dark:border-[#333] rounded-full shadow-sm hover:bg-gray-50 dark:hover:bg-[#2a2a2a] transition-all text-sm font-medium text-gray-700 dark:text-gray-300
Notes.jsx,src/pages/features/Notes.jsx,Upload,846,OK,0,size,
Notes.jsx,src/pages/features/Notes.jsx,input,853,OK,0,type accept ref onChange,hidden
OficiDocumentacio.jsx,src/pages/features/OficiDocumentacio.jsx,Globe,26,OK,0,,cat-icon w-5 h-5
OficiDocumentacio.jsx,src/pages/features/OficiDocumentacio.jsx,Sprout,53,OK,0,,cat-icon w-5 h-5
OficiDocumentacio.jsx,src/pages/features/OficiDocumentacio.jsx,Home,75,OK,0,,cat-icon w-5 h-5
OficiDocumentacio.jsx,src/pages/features/OficiDocumentacio.jsx,Landmark,90,OK,0,,cat-icon w-5 h-5
OficiDocumentacio.jsx,src/pages/features/OficiDocumentacio.jsx,Bot,111,OK,0,,cat-icon w-5 h-5
OficiDocumentacio.jsx,src/pages/features/OficiDocumentacio.jsx,Landmark,127,OK,0,,cat-icon w-5 h-5
OficiDocumentacio.jsx,src/pages/features/OficiDocumentacio.jsx,div,154,OK,11,,[Dinàmic]
OficiDocumentacio.jsx,src/pages/features/OficiDocumentacio.jsx,div,156,OK,3,,px-6 md:px-12 pt-12 pb-8 sticky top-0 bg-theme-base/90 backdrop-blur-xl z-20 border-b border-[var(--border-master)]
OficiDocumentacio.jsx,src/pages/features/OficiDocumentacio.jsx,div,157,OK,5,,max-w-7xl mx-auto flex flex-col lg:flex-row items-start lg:items-center justify-between gap-6
OficiDocumentacio.jsx,src/pages/features/OficiDocumentacio.jsx,div,158,OK,5,,flex items-center gap-4
OficiDocumentacio.jsx,src/pages/features/OficiDocumentacio.jsx,button,159,OK,3,onClick title,p-3 bg-[var(--bg-panel)] hover:brightness-110 text-theme-text border-[var(--border-master)] rounded-full transition-colors border
OficiDocumentacio.jsx,src/pages/features/OficiDocumentacio.jsx,ArrowLeft,164,OK,0,size,
OficiDocumentacio.jsx,src/pages/features/OficiDocumentacio.jsx,div,166,OK,5,,
OficiDocumentacio.jsx,src/pages/features/OficiDocumentacio.jsx,h1,167,OK,3,,text-3xl md:text-4xl font-black tracking-tighter uppercase text-theme-text drop-shadow-md flex items-center gap-2
OficiDocumentacio.jsx,src/pages/features/OficiDocumentacio.jsx,span,169,OK,1,,bg-orange-600 text-[10px] px-2 py-1 rounded-sm leading-none ml-2 text-white shadow-[0_0_10px_rgba(234;88;12;0.5)]
OficiDocumentacio.jsx,src/pages/features/OficiDocumentacio.jsx,p,171,OK,1,,text-gray-400 font-bold uppercase tracking-widest text-[11px] mt-1
OficiDocumentacio.jsx,src/pages/features/OficiDocumentacio.jsx,div,177,OK,5,,flex items-center gap-3 w-full lg:w-auto
OficiDocumentacio.jsx,src/pages/features/OficiDocumentacio.jsx,div,178,OK,5,,relative group w-full lg:w-80
OficiDocumentacio.jsx,src/pages/features/OficiDocumentacio.jsx,Search,179,OK,0,size,absolute left-4 top-1/2 -translate-y-1/2 text-gray-500 group-focus-within:text-orange-500 transition-colors
OficiDocumentacio.jsx,src/pages/features/OficiDocumentacio.jsx,input,180,CSS_EXCESSIU,0,type placeholder value onChange,w-full bg-[var(--bg-panel)] border-[var(--border-master)] text-theme-text focus:brightness-110 border rounded-[28px] py-3 pl-12 pr-4 text-sm font-bold focus:outline-none focus:border-orange-500/50 transition-all placeholder:opacity-50 uppercase tracking-widest
OficiDocumentacio.jsx,src/pages/features/OficiDocumentacio.jsx,button,188,CSS_EXCESSIU,5,onClick,flex items-center gap-2 px-6 py-3 bg-gradient-to-r from-orange-600 to-orange-500 text-white rounded-[28px] font-black uppercase tracking-wider hover:brightness-110 active:scale-95 transition-all shadow-lg shrink-0
OficiDocumentacio.jsx,src/pages/features/OficiDocumentacio.jsx,Sparkles,192,OK,0,size,
OficiDocumentacio.jsx,src/pages/features/OficiDocumentacio.jsx,span,193,OK,1,,hidden md:inline
OficiDocumentacio.jsx,src/pages/features/OficiDocumentacio.jsx,section,199,OK,3,,max-w-7xl mx-auto px-6 md:px-12 py-10 pb-32
OficiDocumentacio.jsx,src/pages/features/OficiDocumentacio.jsx,div,200,OK,3,,grid grid-cols-1 md:grid-cols-2 xl:grid-cols-3 gap-8
OficiDocumentacio.jsx,src/pages/features/OficiDocumentacio.jsx,div,202,OK,9,key,relative group rounded-[32px] overflow-hidden bg-theme-panel border border-[var(--border-master)] hover:shadow-2xl transition-all hover:-translate-y-2 duration-500 flex flex-col h-full
OficiDocumentacio.jsx,src/pages/features/OficiDocumentacio.jsx,div,204,OK,13,,relative h-56 w-full shrink-0 overflow-hidden bg-[var(--bg-app)] border-b border-[var(--border-master)]
OficiDocumentacio.jsx,src/pages/features/OficiDocumentacio.jsx,img,205,OK,0,src alt,w-full h-full object-cover group-hover:scale-105 transition-all duration-700
OficiDocumentacio.jsx,src/pages/features/OficiDocumentacio.jsx,div,210,OK,0,,absolute inset-x-0 bottom-0 h-32 bg-gradient-to-t from-[var(--bg-panel)] via-[var(--bg-panel)]/80 to-transparent pointer-events-none
OficiDocumentacio.jsx,src/pages/features/OficiDocumentacio.jsx,div,212,OK,1,,absolute top-4 right-4 glass-panel px-2 py-1 rounded text-[8px] font-black uppercase tracking-widest text-theme-text opacity-50 pointer-events-none
OficiDocumentacio.jsx,src/pages/features/OficiDocumentacio.jsx,button,216,OK,3,onClick title,absolute top-4 left-4 p-2 glass-panel rounded-full border opacity-0 group-hover:opacity-100 transition-opacity duration-300 text-theme-text hover:brightness-125
OficiDocumentacio.jsx,src/pages/features/OficiDocumentacio.jsx,Maximize2,221,OK,0,size,
OficiDocumentacio.jsx,src/pages/features/OficiDocumentacio.jsx,div,226,OK,9,,flex-1 p-6 sm:p-8 flex flex-col relative z-10 -mt-12
OficiDocumentacio.jsx,src/pages/features/OficiDocumentacio.jsx,div,227,OK,5,,flex items-center gap-3 mb-4
OficiDocumentacio.jsx,src/pages/features/OficiDocumentacio.jsx,div,228,ESTILS_MESCLATS,3,style,w-12 h-12 rounded-xl border border-[var(--border-master)] bg-[var(--bg-app)] flex items-center justify-center shadow-lg
OficiDocumentacio.jsx,src/pages/features/OficiDocumentacio.jsx,h3,231,OK,3,,text-xl sm:text-2xl font-black text-theme-text leading-tight uppercase tracking-tight flex-1
OficiDocumentacio.jsx,src/pages/features/OficiDocumentacio.jsx,p,235,OK,3,,text-sm text-theme-text opacity-70 font-medium mb-6 flex-1
OficiDocumentacio.jsx,src/pages/features/OficiDocumentacio.jsx,div,240,OK,3,,flex flex-col gap-2 w-full mt-auto
OficiDocumentacio.jsx,src/pages/features/OficiDocumentacio.jsx,button,242,OK,5,key onClick,[Dinàmic]
OficiDocumentacio.jsx,src/pages/features/OficiDocumentacio.jsx,div,255,OK,5,,flex flex-col pr-4 min-w-0 flex-1
OficiDocumentacio.jsx,src/pages/features/OficiDocumentacio.jsx,span,256,OK,1,,text-sm font-bold truncate block w-full
OficiDocumentacio.jsx,src/pages/features/OficiDocumentacio.jsx,span,258,OK,3,,text-[10px] font-black uppercase tracking-widest text-[#FF6D23] mt-1 opacity-80 block truncate
OficiDocumentacio.jsx,src/pages/features/OficiDocumentacio.jsx,ChevronRight,264,OK,0,size,shrink-0 text-theme-text opacity-50
OficiDocumentacio.jsx,src/pages/features/OficiDocumentacio.jsx,span,266,OK,1,,shrink-0 text-[9px] font-black uppercase tracking-widest px-2 py-1 rounded-sm bg-black/10 dark:bg-white/10 text-theme-text opacity-60
OficiDocumentacio.jsx,src/pages/features/OficiDocumentacio.jsx,div,281,OK,5,,fixed inset-0 z-dropdown bg-theme-base/95 backdrop-blur-xl flex flex-col items-center justify-center p-4 sm:p-12 animate-in fade-in duration-300
OficiDocumentacio.jsx,src/pages/features/OficiDocumentacio.jsx,button,282,OK,3,onClick,absolute top-6 right-6 p-4 rounded-full transition-colors border z-10 glass-panel hover:brightness-110 text-theme-text
OficiDocumentacio.jsx,src/pages/features/OficiDocumentacio.jsx,X,286,OK,0,size,
OficiDocumentacio.jsx,src/pages/features/OficiDocumentacio.jsx,div,288,OK,5,,relative w-full max-w-5xl md:h-[80vh] flex flex-col items-center justify-center rounded-[40px] overflow-hidden border border-[var(--border-master)] bg-theme-panel shadow-2xl
OficiDocumentacio.jsx,src/pages/features/OficiDocumentacio.jsx,img,289,OK,0,src alt,w-full h-full object-contain
OficiDocumentacio.jsx,src/pages/features/OficiDocumentacio.jsx,div,290,OK,1,,absolute bottom-6 px-4 py-2 rounded-xl text-xs font-black uppercase tracking-widest glass-panel text-theme-text text-opacity-70
ResourceDetail.jsx,src/pages/features/ResourceDetail.jsx,div,9,OK,5,,min-h-screen bg-black flex flex-col items-center justify-center p-6 bg-[radial-gradient(circle_at_center;_#111_0%;_#000_100%)]
ResourceDetail.jsx,src/pages/features/ResourceDetail.jsx,div,10,OK,5,,relative mb-8
ResourceDetail.jsx,src/pages/features/ResourceDetail.jsx,div,11,OK,0,,w-16 h-16 border-4 border-white/5 border-t-white rounded-[28px] animate-spin
ResourceDetail.jsx,src/pages/features/ResourceDetail.jsx,BookOpen,12,OK,0,size,absolute inset-0 m-auto text-white/20
ResourceDetail.jsx,src/pages/features/ResourceDetail.jsx,p,14,OK,1,,text-[10px] font-black uppercase tracking-[5px] text-white animate-pulse
ResourceDetail.jsx,src/pages/features/ResourceDetail.jsx,StatusLoader,82,OK,0,message,
ResourceDetail.jsx,src/pages/features/ResourceDetail.jsx,div,84,OK,9,,min-w-full min-h-[100dvh] bg-black flex flex-col items-center justify-center p-6 text-center
ResourceDetail.jsx,src/pages/features/ResourceDetail.jsx,ShieldCheck,85,OK,0,size,text-red-500 mb-4 opacity-50
ResourceDetail.jsx,src/pages/features/ResourceDetail.jsx,h1,86,OK,1,,text-xl font-black uppercase text-white mb-2
ResourceDetail.jsx,src/pages/features/ResourceDetail.jsx,p,87,OK,1,,text-gray-500 text-sm mb-6
ResourceDetail.jsx,src/pages/features/ResourceDetail.jsx,button,88,OK,1,onClick,bg-white text-black px-6 py-3 font-black text-xs uppercase tracking-widest hover:bg-transparent hover:text-white border border-white transition-all
ResourceDetail.jsx,src/pages/features/ResourceDetail.jsx,div,97,OK,17,,w-full min-h-[100dvh] bg-black text-white relative font-sans overflow-x-hidden selection:bg-white selection:text-black
ResourceDetail.jsx,src/pages/features/ResourceDetail.jsx,SEO,98,OK,0,title description image,
ResourceDetail.jsx,src/pages/features/ResourceDetail.jsx,div,105,OK,15,role aria-label,relative w-full h-[65vh] md:h-[80vh] flex flex-col justify-end p-6 md:p-16 overflow-hidden rounded-b-3xl
ResourceDetail.jsx,src/pages/features/ResourceDetail.jsx,div,107,ESTILS_MESCLATS,0,style,absolute inset-0 z-0 bg-cover bg-center transition-transform duration-1000 scale-105
ResourceDetail.jsx,src/pages/features/ResourceDetail.jsx,div,111,OK,0,,absolute inset-0 z-0 bg-gradient-to-t from-black via-black/40 to-transparent
ResourceDetail.jsx,src/pages/features/ResourceDetail.jsx,div,114,OK,5,,absolute top-6 left-6 right-6 z-20 flex items-center justify-between
ResourceDetail.jsx,src/pages/features/ResourceDetail.jsx,button,115,OK,3,onClick,flex items-center justify-center w-12 h-12 rounded-full bg-black/30 backdrop-blur-md border border-white/10 hover:bg-white/10 transition-colors
ResourceDetail.jsx,src/pages/features/ResourceDetail.jsx,ArrowLeft,119,OK,0,size,
ResourceDetail.jsx,src/pages/features/ResourceDetail.jsx,div,122,OK,5,,flex gap-3
ResourceDetail.jsx,src/pages/features/ResourceDetail.jsx,button,123,OK,3,,flex items-center justify-center w-12 h-12 rounded-full bg-black/30 backdrop-blur-md border border-white/10 hover:bg-white/10 transition-colors
ResourceDetail.jsx,src/pages/features/ResourceDetail.jsx,Bookmark,124,OK,0,size,
ResourceDetail.jsx,src/pages/features/ResourceDetail.jsx,ShareHub,126,OK,0,title text url,
ResourceDetail.jsx,src/pages/features/ResourceDetail.jsx,div,135,OK,7,,relative z-10 max-w-4xl animate-slide-up
ResourceDetail.jsx,src/pages/features/ResourceDetail.jsx,div,136,OK,5,,flex flex-wrap items-center gap-3 mb-6
ResourceDetail.jsx,src/pages/features/ResourceDetail.jsx,span,138,ESTILS_MESCLATS,3,style,px-4 py-1.5 text-[10px] font-black uppercase tracking-[3px] rounded-full border border-white/20 backdrop-blur-sm
ResourceDetail.jsx,src/pages/features/ResourceDetail.jsx,span,145,OK,5,,px-4 py-1.5 bg-black/30 backdrop-blur-sm border border-white/10 rounded-full text-[10px] font-bold text-white/70 uppercase tracking-widest flex items-center gap-2
ResourceDetail.jsx,src/pages/features/ResourceDetail.jsx,History,146,OK,0,size,
ResourceDetail.jsx,src/pages/features/ResourceDetail.jsx,h1,150,ESTILS_MESCLATS,3,style,text-5xl md:text-7xl lg:text-8xl font-black tracking-tighter leading-[0.9] mb-6 text-white drop-shadow-2xl
ResourceDetail.jsx,src/pages/features/ResourceDetail.jsx,div,154,OK,7,,flex flex-wrap items-center gap-6 py-6 border-y border-white/10 text-xs font-bold text-gray-300 uppercase tracking-widest mt-6
ResourceDetail.jsx,src/pages/features/ResourceDetail.jsx,div,155,OK,5,,flex items-center gap-3
ResourceDetail.jsx,src/pages/features/ResourceDetail.jsx,Avatar,156,OK,0,src name size,
ResourceDetail.jsx,src/pages/features/ResourceDetail.jsx,span,157,OK,1,,text-white
ResourceDetail.jsx,src/pages/features/ResourceDetail.jsx,div,159,OK,5,,flex items-center gap-2
ResourceDetail.jsx,src/pages/features/ResourceDetail.jsx,Clock,160,OK,0,size style,
ResourceDetail.jsx,src/pages/features/ResourceDetail.jsx,span,161,WRAPPER_INUTIL,1,,
ResourceDetail.jsx,src/pages/features/ResourceDetail.jsx,div,163,OK,5,,flex items-center gap-2
ResourceDetail.jsx,src/pages/features/ResourceDetail.jsx,MapPin,164,OK,0,size,
ResourceDetail.jsx,src/pages/features/ResourceDetail.jsx,span,165,WRAPPER_INUTIL,1,,
ResourceDetail.jsx,src/pages/features/ResourceDetail.jsx,div,172,OK,3,role aria-label,w-full bg-black relative z-20 -mt-10 px-4 md:px-0
ResourceDetail.jsx,src/pages/features/ResourceDetail.jsx,div,173,OK,7,,max-w-3xl mx-auto py-16 md:py-24
ResourceDetail.jsx,src/pages/features/ResourceDetail.jsx,div,176,OK,3,,hidden md:flex flex-wrap gap-2 mb-12
ResourceDetail.jsx,src/pages/features/ResourceDetail.jsx,span,178,OK,3,key,px-3 py-1 bg-white/5 border border-white/10 rounded-lg text-[10px] font-bold text-gray-400 capitalize
ResourceDetail.jsx,src/pages/features/ResourceDetail.jsx,article,185,PERILL_XSS,0,dangerouslySetInnerHTML,resource-biblia-content text-xl md:text-2xl leading-relaxed font-light text-white/90 space-y-8
ResourceDetail.jsx,src/pages/features/ResourceDetail.jsx,footer,193,OK,3,,w-full border-t border-white/10 bg-black py-16 px-6
ResourceDetail.jsx,src/pages/features/ResourceDetail.jsx,div,194,OK,5,,max-w-4xl mx-auto flex flex-col md:flex-row items-center justify-between gap-8 opacity-50 hover:opacity-100 transition-opacity duration-500
ResourceDetail.jsx,src/pages/features/ResourceDetail.jsx,div,195,OK,5,,flex items-center gap-6
ResourceDetail.jsx,src/pages/features/ResourceDetail.jsx,div,196,OK,3,,w-16 h-16 rounded-[28px] border border-white/20 flex items-center justify-center p-3 bg-white/5
ResourceDetail.jsx,src/pages/features/ResourceDetail.jsx,img,197,OK,0,src alt,w-full object-contain filter grayscale
ResourceDetail.jsx,src/pages/features/ResourceDetail.jsx,div,199,OK,7,,flex flex-col
ResourceDetail.jsx,src/pages/features/ResourceDetail.jsx,span,200,OK,1,,text-sm font-black uppercase tracking-[3px] text-white
ResourceDetail.jsx,src/pages/features/ResourceDetail.jsx,span,201,OK,1,,text-[10px] font-bold uppercase tracking-widest text-[#00F2FF]
ResourceDetail.jsx,src/pages/features/ResourceDetail.jsx,span,202,OK,2,,text-[10px] font-mono text-gray-500 mt-1
ResourceDetail.jsx,src/pages/features/ResourceDetail.jsx,div,206,OK,3,,flex items-center gap-4
ResourceDetail.jsx,src/pages/features/ResourceDetail.jsx,div,207,OK,5,,flex flex-col items-end
ResourceDetail.jsx,src/pages/features/ResourceDetail.jsx,span,208,OK,1,,text-[10px] font-black uppercase mb-2 text-white
ResourceDetail.jsx,src/pages/features/ResourceDetail.jsx,div,209,OK,7,,flex gap-2
ResourceDetail.jsx,src/pages/features/ResourceDetail.jsx,span,210,OK,0,,w-8 h-1 bg-white/20
ResourceDetail.jsx,src/pages/features/ResourceDetail.jsx,span,211,OK,0,,w-16 h-1 bg-white/20
ResourceDetail.jsx,src/pages/features/ResourceDetail.jsx,span,212,ESTILS_MESCLATS,0,style,w-8 h-1
ResourceDetail.jsx,src/pages/features/ResourceDetail.jsx,style,219,OK,1,,
Translations.jsx,src/pages/features/Translations.jsx,div,19,OK,5,,relative z-10 bg-[var(--theme-accent-primary)] w-full h-[56px] min-h-[56px] max-h-[56px] flex items-center px-3 shadow-md
Translations.jsx,src/pages/features/Translations.jsx,button,20,OK,3,onClick aria-label,shrink-0 mr-3 text-white/90 hover:text-white transition-colors flex items-center justify-center p-1 rounded-full hover:bg-white/20 active:scale-95
Translations.jsx,src/pages/features/Translations.jsx,ArrowLeft,25,OK,0,size strokeWidth,
Translations.jsx,src/pages/features/Translations.jsx,h1,27,OK,1,,text-white font-bold text-[18px] tracking-wide m-0
Translations.jsx,src/pages/features/Translations.jsx,SystemPageLayout,32,OK,3,header,
Translations.jsx,src/pages/features/Translations.jsx,div,33,OK,9,,max-w-3xl mx-auto space-y-6
Translations.jsx,src/pages/features/Translations.jsx,div,36,OK,5,,bg-white dark:bg-[#1a1a1a] rounded-2xl shadow-sm border border-gray-100 dark:border-white/5 overflow-hidden
Translations.jsx,src/pages/features/Translations.jsx,div,37,OK,5,,p-5 sm:p-6 border-b border-gray-100 dark:border-white/5 flex items-center gap-4 bg-gray-50/50 dark:bg-black/20
Translations.jsx,src/pages/features/Translations.jsx,div,38,OK,3,,w-12 h-12 rounded-full bg-[var(--theme-accent-primary)]/10 flex items-center justify-center text-[var(--theme-accent-primary)] shrink-0
Translations.jsx,src/pages/features/Translations.jsx,Globe,39,OK,0,size strokeWidth,
Translations.jsx,src/pages/features/Translations.jsx,div,41,OK,5,,
Translations.jsx,src/pages/features/Translations.jsx,h2,42,OK,1,,text-[18px] font-bold text-gray-900 dark:text-white m-0
Translations.jsx,src/pages/features/Translations.jsx,p,43,OK,1,,text-gray-500 dark:text-gray-400 text-[14px] mt-1 m-0
Translations.jsx,src/pages/features/Translations.jsx,div,46,OK,5,,p-5 sm:p-6 bg-theme-base
Translations.jsx,src/pages/features/Translations.jsx,LanguageSelector,48,OK,0,variant,
Translations.jsx,src/pages/features/Translations.jsx,div,53,OK,5,,bg-white dark:bg-[#1a1a1a] rounded-2xl shadow-sm border border-gray-100 dark:border-white/5 overflow-hidden
Translations.jsx,src/pages/features/Translations.jsx,div,54,OK,5,,p-5 sm:p-6 border-b border-gray-100 dark:border-white/5 flex items-center gap-4 bg-blue-50 dark:bg-blue-900/10
Translations.jsx,src/pages/features/Translations.jsx,div,55,OK,3,,w-12 h-12 rounded-full bg-blue-100 dark:bg-blue-500/20 flex items-center justify-center text-blue-600 dark:text-blue-400 shrink-0
Translations.jsx,src/pages/features/Translations.jsx,Languages,56,OK,0,size strokeWidth,
Translations.jsx,src/pages/features/Translations.jsx,div,58,OK,5,,
Translations.jsx,src/pages/features/Translations.jsx,h2,59,OK,1,,text-[18px] font-bold text-gray-900 dark:text-white m-0
Translations.jsx,src/pages/features/Translations.jsx,p,60,OK,1,,text-gray-500 dark:text-gray-400 text-[14px] mt-1 m-0
Translations.jsx,src/pages/features/Translations.jsx,div,63,OK,5,,p-5 sm:p-6 bg-theme-base space-y-4
Translations.jsx,src/pages/features/Translations.jsx,div,64,OK,5,,flex items-start gap-3 text-gray-700 dark:text-gray-300 text-[15px] leading-relaxed
Translations.jsx,src/pages/features/Translations.jsx,Info,65,OK,0,size,text-blue-500 shrink-0 mt-0.5
Translations.jsx,src/pages/features/Translations.jsx,div,66,OK,5,,
Translations.jsx,src/pages/features/Translations.jsx,p,67,OK,1,,m-0 font-medium text-gray-900 dark:text-white mb-1
Translations.jsx,src/pages/features/Translations.jsx,p,70,OK,3,,m-0
Translations.jsx,src/pages/features/Translations.jsx,strong,71,OK,1,,text-gray-900 dark:text-white
Translations.jsx,src/pages/features/Translations.jsx,div,77,OK,5,,bg-gray-50 dark:bg-black/20 p-4 rounded-xl border border-gray-100 dark:border-white/5
Translations.jsx,src/pages/features/Translations.jsx,h3,78,OK,1,,font-bold text-[14px] text-gray-900 dark:text-white mb-2 uppercase tracking-wide
Translations.jsx,src/pages/features/Translations.jsx,ul,79,OK,7,,list-disc list-inside space-y-2 text-[14px] text-gray-600 dark:text-gray-400 m-0
Translations.jsx,src/pages/features/Translations.jsx,li,80,OK,1,,
Translations.jsx,src/pages/features/Translations.jsx,li,81,OK,1,,
Translations.jsx,src/pages/features/Translations.jsx,li,82,OK,1,,
UniversalDetail.jsx,src/pages/features/UniversalDetail.jsx,NanoLoader,104,OK,0,message,
UniversalDetail.jsx,src/pages/features/UniversalDetail.jsx,div,109,OK,9,,flex flex-col items-center justify-center p-8 text-center min-h-[50vh]
UniversalDetail.jsx,src/pages/features/UniversalDetail.jsx,AlertTriangle,110,OK,0,size,text-theme-text opacity-50 mb-6
UniversalDetail.jsx,src/pages/features/UniversalDetail.jsx,h2,111,OK,1,,text-2xl font-bold mb-4
UniversalDetail.jsx,src/pages/features/UniversalDetail.jsx,p,112,OK,1,,text-theme-text opacity-70 max-w-md mb-8 font-medium
UniversalDetail.jsx,src/pages/features/UniversalDetail.jsx,button,113,OK,1,onClick aria-label,py-4 px-8 rounded-full border border-theme-border text-theme-text font-bold uppercase tracking-widest text-xs hover:bg-black/5 active:scale-95 transition-all
UniversalDetail.jsx,src/pages/features/UniversalDetail.jsx,div,226,OK,13,,flex flex-col h-full w-full bg-theme-base animate-in fade-in relative
UniversalDetail.jsx,src/pages/features/UniversalDetail.jsx,SEO,227,OK,0,title description image structuredData type,
UniversalDetail.jsx,src/pages/features/UniversalDetail.jsx,div,236,OK,3,role aria-label,z-[var(--z-sticky;200)] w-full max-w-full overflow-hidden shadow-lg bg-[#4F46E5] text-white dark:bg-[#F97316] dark:text-[#111111] transition-all shrink-0 touch-manipulation border-b border-black/10 dark:border-white/10
UniversalDetail.jsx,src/pages/features/UniversalDetail.jsx,div,237,OK,13,,flex items-center justify-between min-h-[56px] px-2 sm:px-4 w-full max-w-7xl mx-auto overflow-hidden
UniversalDetail.jsx,src/pages/features/UniversalDetail.jsx,div,240,OK,7,,flex items-center justify-start gap-1 shrink-0
UniversalDetail.jsx,src/pages/features/UniversalDetail.jsx,button,241,OK,3,onClick aria-label,flex items-center justify-center min-h-[44px] w-[44px] rounded-xl hover:bg-white/20 dark:hover:bg-black/10 active:scale-95 transition-colors touch-manipulation shrink-0
UniversalDetail.jsx,src/pages/features/UniversalDetail.jsx,ArrowLeft,246,OK,0,size strokeWidth,
UniversalDetail.jsx,src/pages/features/UniversalDetail.jsx,button,249,OK,5,aria-label title onClick,[Dinàmic]
UniversalDetail.jsx,src/pages/features/UniversalDetail.jsx,Book,255,OK,0,size strokeWidth,
UniversalDetail.jsx,src/pages/features/UniversalDetail.jsx,span,256,OK,5,,tabular-nums font-black tracking-widest whitespace-nowrap opacity-90
UniversalDetail.jsx,src/pages/features/UniversalDetail.jsx,span,257,WRAPPER_INUTIL,1,,
UniversalDetail.jsx,src/pages/features/UniversalDetail.jsx,button,261,OK,3,title onClick,hidden md:flex items-center justify-center min-h-[44px] w-[44px] hover:bg-white/20 dark:hover:bg-black/10 rounded-xl active:scale-95 touch-manipulation shrink-0
UniversalDetail.jsx,src/pages/features/UniversalDetail.jsx,Minimize,266,OK,0,size strokeWidth,
UniversalDetail.jsx,src/pages/features/UniversalDetail.jsx,Maximize,266,OK,0,size strokeWidth,
UniversalDetail.jsx,src/pages/features/UniversalDetail.jsx,div,271,OK,1,,flex items-center justify-center shrink-0 mx-2
UniversalDetail.jsx,src/pages/features/UniversalDetail.jsx,div,275,OK,9,,flex items-center justify-end gap-1 sm:gap-2 flex-1 min-w-0 overflow-x-auto no-scrollbar scroll-smooth
UniversalDetail.jsx,src/pages/features/UniversalDetail.jsx,button,276,OK,5,aria-label disabled onClick,[Dinàmic]
UniversalDetail.jsx,src/pages/features/UniversalDetail.jsx,Globe,283,OK,0,size strokeWidth,animate-spin
UniversalDetail.jsx,src/pages/features/UniversalDetail.jsx,img,285,OK,0,src alt,w-[20px] h-[20px] object-contain drop-shadow-sm brightness-110
UniversalDetail.jsx,src/pages/features/UniversalDetail.jsx,span,287,OK,1,,hidden xl:inline tracking-wider
UniversalDetail.jsx,src/pages/features/UniversalDetail.jsx,button,290,CSS_EXCESSIU,4,onClick,flex items-center justify-center gap-2 min-h-[44px] px-2 sm:px-3 hover:bg-white/20 dark:hover:bg-black/10 rounded-xl active:scale-95 touch-manipulation font-bold uppercase text-sm shrink-0
UniversalDetail.jsx,src/pages/features/UniversalDetail.jsx,MessageCircle,294,OK,0,size,
UniversalDetail.jsx,src/pages/features/UniversalDetail.jsx,span,294,OK,1,,hidden xl:inline tracking-wider
UniversalDetail.jsx,src/pages/features/UniversalDetail.jsx,button,297,CSS_EXCESSIU,4,onClick,flex items-center justify-center gap-2 min-h-[44px] px-2 sm:px-3 hover:bg-white/20 dark:hover:bg-black/10 rounded-xl active:scale-95 touch-manipulation font-bold uppercase text-sm shrink-0
UniversalDetail.jsx,src/pages/features/UniversalDetail.jsx,Share2,301,OK,0,size,
UniversalDetail.jsx,src/pages/features/UniversalDetail.jsx,span,301,OK,1,,hidden xl:inline tracking-wider
UniversalDetail.jsx,src/pages/features/UniversalDetail.jsx,button,304,OK,5,aria-label onClick,btn-action-primary
UniversalDetail.jsx,src/pages/features/UniversalDetail.jsx,Plus,309,OK,0,size strokeWidth,
UniversalDetail.jsx,src/pages/features/UniversalDetail.jsx,span,310,OK,1,,hidden sm:inline tracking-wider
UniversalDetail.jsx,src/pages/features/UniversalDetail.jsx,div,317,OK,15,role aria-label,flex-1 min-h-0 w-full relative flex flex-col overflow-y-auto overflow-x-hidden custom-scrollbar pb-[max(env(safe-area-inset-bottom);5rem)]
UniversalDetail.jsx,src/pages/features/UniversalDetail.jsx,div,320,OK,3,,w-full relative z-0 bg-[var(--bg-panel)] overflow-hidden flex items-center justify-center shrink-0
UniversalDetail.jsx,src/pages/features/UniversalDetail.jsx,UniversalCardMedia,321,OK,0,cardVariant mediaList displayImage displayTitle openViewer aspectMode,
UniversalDetail.jsx,src/pages/features/UniversalDetail.jsx,div,336,OK,3,,sticky top-0 z-[190] w-full shrink-0 shadow-sm
UniversalDetail.jsx,src/pages/features/UniversalDetail.jsx,UniversalCardHeader,337,OK,0,item cardVariant displayTown displayAuthor avatarSrc avatarRole isOfficial displayDate displayTime isPageHeader,
UniversalDetail.jsx,src/pages/features/UniversalDetail.jsx,section,352,OK,3,,w-full flex flex-col items-center justify-center pb-5 pt-8 bg-[var(--bg-panel)] rounded-b-[2.5rem] shadow-sm mb-0 relative z-10 shrink-0
UniversalDetail.jsx,src/pages/features/UniversalDetail.jsx,div,353,OK,9,,w-full flex flex-col items-center justify-center px-6 relative group
UniversalDetail.jsx,src/pages/features/UniversalDetail.jsx,img,356,OK,0,src alt,h-24 sm:h-32 w-auto mb-6 object-contain transition-all dark:hidden
UniversalDetail.jsx,src/pages/features/UniversalDetail.jsx,img,361,OK,0,src alt,h-24 sm:h-32 w-auto mb-6 object-contain transition-all hidden dark:block
UniversalDetail.jsx,src/pages/features/UniversalDetail.jsx,h1,367,OK,3,,text-3xl sm:text-4xl md:text-5xl font-black text-center tracking-tight leading-none uppercase mb-0 mt-2 max-w-4xl w-full break-words
UniversalDetail.jsx,src/pages/features/UniversalDetail.jsx,div,373,OK,5,,max-w-4xl mx-auto px-6 md:px-12 w-full shrink-0 flex-1
UniversalDetail.jsx,src/pages/features/UniversalDetail.jsx,h2,375,OK,3,,text-2xl md:text-3xl font-bold uppercase my-[30px] text-center w-full break-words
UniversalDetail.jsx,src/pages/features/UniversalDetail.jsx,ErrorBoundary,379,OK,3,,
UniversalDetail.jsx,src/pages/features/UniversalDetail.jsx,div,380,OK,9,,w-full
UniversalDetail.jsx,src/pages/features/UniversalDetail.jsx,ContentWithShortcodes,381,OK,0,content,
UniversalDetail.jsx,src/pages/features/UniversalDetail.jsx,div,384,OK,3,,w-full flex justify-center md:justify-start items-center gap-2 mb-12 flex-wrap
UniversalDetail.jsx,src/pages/features/UniversalDetail.jsx,div,390,OK,3,key,[Dinàmic]
UniversalDetail.jsx,src/pages/features/UniversalDetail.jsx,span,391,WRAPPER_INUTIL,1,,
UniversalDetail.jsx,src/pages/features/UniversalDetail.jsx,div,400,OK,3,,mt-16 flex flex-col gap-6
UniversalDetail.jsx,src/pages/features/UniversalDetail.jsx,div,406,OK,5,key,flex flex-col md:flex-row items-center justify-between p-6 sm:p-8 bg-[var(--bg-panel)] rounded-3xl border border-[var(--border-master)] shadow-sm gap-6 hover:border-[var(--theme-accent-primary)] transition-colors
UniversalDetail.jsx,src/pages/features/UniversalDetail.jsx,div,407,OK,5,,flex flex-col sm:flex-row items-center sm:items-center text-center sm:text-left gap-4 md:gap-6 w-full md:w-auto
UniversalDetail.jsx,src/pages/features/UniversalDetail.jsx,div,409,OK,3,,w-24 h-24 sm:w-28 sm:h-28 shrink-0 rounded-2xl overflow-hidden border border-[var(--border-master)] shadow-md bg-black/5 dark:bg-white/5 flex items-center justify-center
UniversalDetail.jsx,src/pages/features/UniversalDetail.jsx,img,410,OK,0,src alt,w-full h-full object-cover hover:scale-110 transition-transform duration-500
UniversalDetail.jsx,src/pages/features/UniversalDetail.jsx,div,413,OK,7,,flex flex-col
UniversalDetail.jsx,src/pages/features/UniversalDetail.jsx,h2,414,OK,1,,text-xl sm:text-2xl font-bold mb-1 uppercase tracking-tight leading-tight
UniversalDetail.jsx,src/pages/features/UniversalDetail.jsx,p,415,OK,1,,text-sm opacity-80 mb-3 max-w-sm
UniversalDetail.jsx,src/pages/features/UniversalDetail.jsx,span,416,OK,3,,text-[10px] sm:text-xs uppercase tracking-widest font-bold opacity-50 bg-black/5 dark:bg-white/5 px-3 py-1 rounded-full w-max mx-auto sm:mx-0
UniversalDetail.jsx,src/pages/features/UniversalDetail.jsx,div,421,OK,5,,flex flex-col items-center md:items-end shrink-0 w-full md:w-auto mt-4 md:mt-0
UniversalDetail.jsx,src/pages/features/UniversalDetail.jsx,span,422,OK,3,,text-3xl sm:text-4xl font-black text-[var(--theme-accent-primary)] mb-3
UniversalDetail.jsx,src/pages/features/UniversalDetail.jsx,button,426,OK,1,disabled,w-full md:w-auto px-8 py-4 sm:py-3 bg-red-500 text-white font-black uppercase tracking-widest rounded-xl cursor-not-allowed opacity-50 whitespace-nowrap
UniversalDetail.jsx,src/pages/features/UniversalDetail.jsx,button,430,CSS_EXCESSIU,1,,w-full md:w-auto px-8 py-4 sm:py-3 bg-[#F97316] text-white font-black uppercase tracking-widest rounded-xl hover:scale-105 active:scale-95 transition-all shadow-[0_0_15px_rgba(249;115;22;0.3)] whitespace-nowrap
UniversalDetail.jsx,src/pages/features/UniversalDetail.jsx,div,439,OK,7,,flex flex-col items-center justify-center p-8 bg-[var(--bg-panel)] rounded-3xl border border-[var(--border-master)] shadow-sm
UniversalDetail.jsx,src/pages/features/UniversalDetail.jsx,span,440,OK,3,,text-4xl font-black text-[var(--theme-accent-primary)] mb-2
UniversalDetail.jsx,src/pages/features/UniversalDetail.jsx,span,443,OK,3,,text-xs uppercase tracking-widest font-bold opacity-50 mb-6
UniversalDetail.jsx,src/pages/features/UniversalDetail.jsx,button,447,OK,1,disabled,w-full sm:w-auto px-10 py-4 bg-red-500 text-white font-black uppercase tracking-widest rounded-xl cursor-not-allowed opacity-50 shadow-[0_0_20px_rgba(239;68;68;0.2)]
UniversalDetail.jsx,src/pages/features/UniversalDetail.jsx,button,451,OK,1,,w-full sm:w-auto px-10 py-4 bg-[#F97316] text-white font-black uppercase tracking-widest rounded-xl hover:scale-105 active:scale-95 transition-all shadow-[0_0_20px_rgba(249;115;22;0.3)]
UniversalDetail.jsx,src/pages/features/UniversalDetail.jsx,MediaViewerModal,466,OK,0,isOpen onClose src images imageDescriptions onNavigate title,
VisionView.jsx,src/pages/features/VisionView.jsx,div,56,OK,7,,vision-page-container
VisionView.jsx,src/pages/features/VisionView.jsx,SEO,57,OK,0,title description,
VisionView.jsx,src/pages/features/VisionView.jsx,div,58,OK,7,role aria-label,vision-page-header
VisionView.jsx,src/pages/features/VisionView.jsx,button,59,OK,3,onClick,back-button
VisionView.jsx,src/pages/features/VisionView.jsx,ArrowLeft,60,OK,0,size,
VisionView.jsx,src/pages/features/VisionView.jsx,div,62,OK,5,,vision-page-title
VisionView.jsx,src/pages/features/VisionView.jsx,Shield,63,OK,0,size color,
VisionView.jsx,src/pages/features/VisionView.jsx,h1,64,OK,1,,
VisionView.jsx,src/pages/features/VisionView.jsx,div,66,OK,0,style,
VisionView.jsx,src/pages/features/VisionView.jsx,div,69,OK,5,role aria-label,vision-page-content
VisionView.jsx,src/pages/features/VisionView.jsx,p,70,OK,1,,vision-page-intro
VisionView.jsx,src/pages/features/VisionView.jsx,div,72,OK,3,,vision-modes-grid
VisionView.jsx,src/pages/features/VisionView.jsx,div,74,OK,11,key,
VisionView.jsx,src/pages/features/VisionView.jsx,div,75,A11Y_CLICK_SENSE_ROLE,7,onClick,[Dinàmic]
VisionView.jsx,src/pages/features/VisionView.jsx,div,79,OK,3,,vision-icon-wrapper
VisionView.jsx,src/pages/features/VisionView.jsx,div,82,OK,5,,vision-card-content
VisionView.jsx,src/pages/features/VisionView.jsx,h3,83,OK,1,,
VisionView.jsx,src/pages/features/VisionView.jsx,p,84,OK,1,,
VisionView.jsx,src/pages/features/VisionView.jsx,div,86,OK,0,,vision-status-dot
VisionView.jsx,src/pages/features/VisionView.jsx,div,91,OK,5,,chat-embed-container animate-in-up
VisionView.jsx,src/pages/features/VisionView.jsx,div,92,OK,5,,chat-embed-header
VisionView.jsx,src/pages/features/VisionView.jsx,MessageSquare,93,OK,0,size color,
VisionView.jsx,src/pages/features/VisionView.jsx,span,94,WRAPPER_INUTIL,1,,
VisionView.jsx,src/pages/features/VisionView.jsx,div,96,OK,3,,chat-embed-list custom-scrollbar
VisionView.jsx,src/pages/features/VisionView.jsx,div,100,A11Y_CLICK_SENSE_ROLE,7,key onClick,[Dinàmic]
VisionView.jsx,src/pages/features/VisionView.jsx,div,105,OK,5,,chat-embed-avatar
VisionView.jsx,src/pages/features/VisionView.jsx,img,106,OK,0,src alt,
VisionView.jsx,src/pages/features/VisionView.jsx,span,108,OK,1,,agent-tag-badge
VisionView.jsx,src/pages/features/VisionView.jsx,div,111,OK,5,,chat-embed-info
VisionView.jsx,src/pages/features/VisionView.jsx,div,112,OK,3,,chat-embed-name-row
VisionView.jsx,src/pages/features/VisionView.jsx,span,113,OK,1,,chat-embed-name
VisionView.jsx,src/pages/features/VisionView.jsx,span,115,OK,1,,chat-embed-phrase
VisionView.jsx,src/pages/features/VisionView.jsx,div,117,OK,3,,chat-embed-toggle-wrapper
VisionView.jsx,src/pages/features/VisionView.jsx,div,118,OK,3,,[Dinàmic]
VisionView.jsx,src/pages/features/VisionView.jsx,Check,119,OK,0,size strokeWidth,
VisionView.jsx,src/pages/features/VisionView.jsx,div,131,OK,3,,chat-embed-container animate-in-up
VisionView.jsx,src/pages/features/VisionView.jsx,div,132,OK,3,,chat-embed-list
VisionView.jsx,src/pages/features/VisionView.jsx,div,134,A11Y_CLICK_SENSE_ROLE,7,key onClick,chat-embed-agent-row active
VisionView.jsx,src/pages/features/VisionView.jsx,div,135,OK,5,,chat-embed-avatar
VisionView.jsx,src/pages/features/VisionView.jsx,img,136,OK,0,src alt,
VisionView.jsx,src/pages/features/VisionView.jsx,span,137,OK,1,,agent-tag-badge
VisionView.jsx,src/pages/features/VisionView.jsx,div,139,OK,5,,chat-embed-info
VisionView.jsx,src/pages/features/VisionView.jsx,div,140,OK,3,,chat-embed-name-row
VisionView.jsx,src/pages/features/VisionView.jsx,span,141,OK,1,,chat-embed-name
VisionView.jsx,src/pages/features/VisionView.jsx,span,143,OK,1,,chat-embed-phrase
VisionView.jsx,src/pages/features/VisionView.jsx,div,145,OK,3,,chat-embed-toggle-wrapper
VisionView.jsx,src/pages/features/VisionView.jsx,div,146,ESTILS_MESCLATS,3,style,chat-embed-toggle active
VisionView.jsx,src/pages/features/VisionView.jsx,Check,147,OK,0,size strokeWidth color,
VitalSecurity.jsx,src/pages/features/VitalSecurity.jsx,div,6,OK,5,,flex h-screen w-full flex-col bg-[var(--background-color)]
VitalSecurity.jsx,src/pages/features/VitalSecurity.jsx,ContextualHeader,7,OK,0,title backUrl,
VitalSecurity.jsx,src/pages/features/VitalSecurity.jsx,div,12,OK,3,,flex flex-1 flex-col overflow-y-auto p-4 custom-scrollbar padding-bottom-safe
VitalSecurity.jsx,src/pages/features/VitalSecurity.jsx,div,13,OK,9,,mx-auto w-full max-w-2xl px-2 py-6 flex flex-col gap-8
VitalSecurity.jsx,src/pages/features/VitalSecurity.jsx,div,16,OK,3,,animate-in slide-in-from-bottom-4 duration-500 fade-in delay-100
VitalSecurity.jsx,src/pages/features/VitalSecurity.jsx,MedicationManager,17,FANTASMA_BUIT,0,,
VitalSecurity.jsx,src/pages/features/VitalSecurity.jsx,div,21,OK,5,,animate-in slide-in-from-bottom-4 duration-500 fade-in delay-200 flex flex-col gap-4 rounded-3xl bg-[var(--surface-color)] p-6 shadow-sm ring-1 ring-red-500/20
VitalSecurity.jsx,src/pages/features/VitalSecurity.jsx,div,22,OK,5,,flex flex-col gap-2
VitalSecurity.jsx,src/pages/features/VitalSecurity.jsx,h2,23,OK,1,,font-heading text-2xl font-bold tracking-tight text-red-500 dark:text-red-400
VitalSecurity.jsx,src/pages/features/VitalSecurity.jsx,p,26,OK,1,,text-sm font-medium text-[var(--text-muted)]
VitalSecurity.jsx,src/pages/features/VitalSecurity.jsx,FallDetectionToggle,30,FANTASMA_BUIT,0,,
AlmaPage.jsx,src/pages/features/anima-del-mas/AlmaPage.jsx,UniversalPage,6,OK,3,slug standAlone forcedHtml forcedTitle forcedSubtitle forcedHeroImage forcedItem,
AlmaPage.jsx,src/pages/features/anima-del-mas/AlmaPage.jsx,div,24,OK,25,,universal-content max-w-5xl mx-auto py-12 px-4 md:px-8
AlmaPage.jsx,src/pages/features/anima-del-mas/AlmaPage.jsx,div,26,OK,3,,lead mb-12
AlmaPage.jsx,src/pages/features/anima-del-mas/AlmaPage.jsx,strong,27,OK,1,,
AlmaPage.jsx,src/pages/features/anima-del-mas/AlmaPage.jsx,div,30,OK,13,,mb-12
AlmaPage.jsx,src/pages/features/anima-del-mas/AlmaPage.jsx,h3,31,OK,1,,mb-6
AlmaPage.jsx,src/pages/features/anima-del-mas/AlmaPage.jsx,p,32,OK,1,,mb-4 italic
AlmaPage.jsx,src/pages/features/anima-del-mas/AlmaPage.jsx,p,35,OK,9,,mb-4
AlmaPage.jsx,src/pages/features/anima-del-mas/AlmaPage.jsx,em,36,OK,1,,
AlmaPage.jsx,src/pages/features/anima-del-mas/AlmaPage.jsx,em,36,OK,1,,
AlmaPage.jsx,src/pages/features/anima-del-mas/AlmaPage.jsx,em,36,OK,1,,
AlmaPage.jsx,src/pages/features/anima-del-mas/AlmaPage.jsx,strong,36,OK,1,,
AlmaPage.jsx,src/pages/features/anima-del-mas/AlmaPage.jsx,p,38,OK,5,,mb-4
AlmaPage.jsx,src/pages/features/anima-del-mas/AlmaPage.jsx,strong,39,OK,1,,
AlmaPage.jsx,src/pages/features/anima-del-mas/AlmaPage.jsx,strong,39,OK,1,,
AlmaPage.jsx,src/pages/features/anima-del-mas/AlmaPage.jsx,p,41,OK,1,,mb-4 italic font-bold
AlmaPage.jsx,src/pages/features/anima-del-mas/AlmaPage.jsx,p,44,OK,7,,
AlmaPage.jsx,src/pages/features/anima-del-mas/AlmaPage.jsx,strong,45,OK,1,,
AlmaPage.jsx,src/pages/features/anima-del-mas/AlmaPage.jsx,em,45,OK,1,,
AlmaPage.jsx,src/pages/features/anima-del-mas/AlmaPage.jsx,em,45,OK,1,,
AlmaPage.jsx,src/pages/features/anima-del-mas/AlmaPage.jsx,h2,49,OK,1,,mb-8
AlmaPage.jsx,src/pages/features/anima-del-mas/AlmaPage.jsx,p,50,OK,5,,mb-6
AlmaPage.jsx,src/pages/features/anima-del-mas/AlmaPage.jsx,strong,51,OK,1,,
AlmaPage.jsx,src/pages/features/anima-del-mas/AlmaPage.jsx,strong,51,OK,1,,
AlmaPage.jsx,src/pages/features/anima-del-mas/AlmaPage.jsx,p,53,OK,5,,mb-8
AlmaPage.jsx,src/pages/features/anima-del-mas/AlmaPage.jsx,em,54,OK,1,,
AlmaPage.jsx,src/pages/features/anima-del-mas/AlmaPage.jsx,em,54,OK,1,,
AlmaPage.jsx,src/pages/features/anima-del-mas/AlmaPage.jsx,div,58,OK,7,,mb-12
AlmaPage.jsx,src/pages/features/anima-del-mas/AlmaPage.jsx,h3,59,OK,1,,mb-6
AlmaPage.jsx,src/pages/features/anima-del-mas/AlmaPage.jsx,p,60,OK,1,,
AlmaPage.jsx,src/pages/features/anima-del-mas/AlmaPage.jsx,ul,63,OK,7,,my-6
AlmaPage.jsx,src/pages/features/anima-del-mas/AlmaPage.jsx,li,64,OK,3,,mb-4
AlmaPage.jsx,src/pages/features/anima-del-mas/AlmaPage.jsx,strong,65,OK,1,,
AlmaPage.jsx,src/pages/features/anima-del-mas/AlmaPage.jsx,li,68,OK,3,,mb-4
AlmaPage.jsx,src/pages/features/anima-del-mas/AlmaPage.jsx,strong,69,OK,1,,
AlmaPage.jsx,src/pages/features/anima-del-mas/AlmaPage.jsx,li,72,OK,3,,
AlmaPage.jsx,src/pages/features/anima-del-mas/AlmaPage.jsx,strong,73,OK,1,,
AlmaPage.jsx,src/pages/features/anima-del-mas/AlmaPage.jsx,div,80,OK,11,,mb-12
AlmaPage.jsx,src/pages/features/anima-del-mas/AlmaPage.jsx,h3,81,OK,1,,mb-6
AlmaPage.jsx,src/pages/features/anima-del-mas/AlmaPage.jsx,p,82,OK,1,,
AlmaPage.jsx,src/pages/features/anima-del-mas/AlmaPage.jsx,p,85,OK,3,,mt-4
AlmaPage.jsx,src/pages/features/anima-del-mas/AlmaPage.jsx,strong,86,OK,1,,
AlmaPage.jsx,src/pages/features/anima-del-mas/AlmaPage.jsx,ul,88,OK,7,,my-6
AlmaPage.jsx,src/pages/features/anima-del-mas/AlmaPage.jsx,li,89,OK,14,,mb-6
AlmaPage.jsx,src/pages/features/anima-del-mas/AlmaPage.jsx,strong,90,OK,1,,
AlmaPage.jsx,src/pages/features/anima-del-mas/AlmaPage.jsx,br,91,FANTASMA_BUIT,0,,
AlmaPage.jsx,src/pages/features/anima-del-mas/AlmaPage.jsx,strong,91,OK,1,,
AlmaPage.jsx,src/pages/features/anima-del-mas/AlmaPage.jsx,strong,91,OK,1,,
AlmaPage.jsx,src/pages/features/anima-del-mas/AlmaPage.jsx,br,92,FANTASMA_BUIT,0,,
AlmaPage.jsx,src/pages/features/anima-del-mas/AlmaPage.jsx,br,92,FANTASMA_BUIT,0,,
AlmaPage.jsx,src/pages/features/anima-del-mas/AlmaPage.jsx,strong,92,OK,1,,
AlmaPage.jsx,src/pages/features/anima-del-mas/AlmaPage.jsx,li,94,OK,8,,mb-6
AlmaPage.jsx,src/pages/features/anima-del-mas/AlmaPage.jsx,strong,95,OK,1,,
AlmaPage.jsx,src/pages/features/anima-del-mas/AlmaPage.jsx,br,96,FANTASMA_BUIT,0,,
AlmaPage.jsx,src/pages/features/anima-del-mas/AlmaPage.jsx,br,97,FANTASMA_BUIT,0,,
AlmaPage.jsx,src/pages/features/anima-del-mas/AlmaPage.jsx,br,97,FANTASMA_BUIT,0,,
AlmaPage.jsx,src/pages/features/anima-del-mas/AlmaPage.jsx,li,99,OK,5,,
AlmaPage.jsx,src/pages/features/anima-del-mas/AlmaPage.jsx,strong,100,OK,1,,
AlmaPage.jsx,src/pages/features/anima-del-mas/AlmaPage.jsx,br,101,FANTASMA_BUIT,0,,
AlmaPage.jsx,src/pages/features/anima-del-mas/AlmaPage.jsx,p,104,OK,1,,mt-4 italic
AlmaPage.jsx,src/pages/features/anima-del-mas/AlmaPage.jsx,div,110,OK,7,,mb-12
AlmaPage.jsx,src/pages/features/anima-del-mas/AlmaPage.jsx,h3,111,OK,1,,mb-6
AlmaPage.jsx,src/pages/features/anima-del-mas/AlmaPage.jsx,p,112,OK,1,,
AlmaPage.jsx,src/pages/features/anima-del-mas/AlmaPage.jsx,ul,115,OK,5,,my-6
AlmaPage.jsx,src/pages/features/anima-del-mas/AlmaPage.jsx,li,116,OK,3,,mb-4
AlmaPage.jsx,src/pages/features/anima-del-mas/AlmaPage.jsx,strong,117,OK,1,,
AlmaPage.jsx,src/pages/features/anima-del-mas/AlmaPage.jsx,li,120,OK,3,,
AlmaPage.jsx,src/pages/features/anima-del-mas/AlmaPage.jsx,strong,121,OK,1,,
AlmaPage.jsx,src/pages/features/anima-del-mas/AlmaPage.jsx,div,127,OK,5,,pt-8 mt-12 text-center
AlmaPage.jsx,src/pages/features/anima-del-mas/AlmaPage.jsx,h2,128,OK,1,,mb-6
AlmaPage.jsx,src/pages/features/anima-del-mas/AlmaPage.jsx,p,129,OK,3,,lead
AlmaPage.jsx,src/pages/features/anima-del-mas/AlmaPage.jsx,strong,130,OK,1,,
EmotionalArc.jsx,src/pages/features/anima-del-mas/EmotionalArc.jsx,div,24,OK,3,,w-full overflow-hidden relative bg-[#0a0f1c] p-6 rounded-3xl border border-slate-800 shadow-2xl
EmotionalArc.jsx,src/pages/features/anima-del-mas/EmotionalArc.jsx,svg,25,OK,27,viewBox role aria-label,w-full h-auto drop-shadow-2xl
EmotionalArc.jsx,src/pages/features/anima-del-mas/EmotionalArc.jsx,defs,26,OK,5,,
EmotionalArc.jsx,src/pages/features/anima-del-mas/EmotionalArc.jsx,linearGradient,27,OK,5,x1 y1 x2 y2,
EmotionalArc.jsx,src/pages/features/anima-del-mas/EmotionalArc.jsx,stop,28,OK,0,offset stopColor stopOpacity,
EmotionalArc.jsx,src/pages/features/anima-del-mas/EmotionalArc.jsx,stop,29,OK,0,offset stopColor stopOpacity,
EmotionalArc.jsx,src/pages/features/anima-del-mas/EmotionalArc.jsx,filter,31,OK,5,x y width height,
EmotionalArc.jsx,src/pages/features/anima-del-mas/EmotionalArc.jsx,feGaussianBlur,32,OK,0,stdDeviation result,
EmotionalArc.jsx,src/pages/features/anima-del-mas/EmotionalArc.jsx,feComposite,33,OK,0,in in2 operator,
EmotionalArc.jsx,src/pages/features/anima-del-mas/EmotionalArc.jsx,line,38,OK,0,x1 y1 x2 y2 stroke strokeWidth strokeDasharray,
EmotionalArc.jsx,src/pages/features/anima-del-mas/EmotionalArc.jsx,text,39,OK,1,x y fill fontSize fontWeight letterSpacing,
EmotionalArc.jsx,src/pages/features/anima-del-mas/EmotionalArc.jsx,text,42,OK,1,x y fill fontSize fontWeight letterSpacing,
EmotionalArc.jsx,src/pages/features/anima-del-mas/EmotionalArc.jsx,text,43,OK,1,x y fill fontSize fontWeight letterSpacing,
EmotionalArc.jsx,src/pages/features/anima-del-mas/EmotionalArc.jsx,circle,78,OK,0,cx cy r fill opacity,animate-pulse
EmotionalArc.jsx,src/pages/features/anima-del-mas/EmotionalArc.jsx,circle,80,OK,0,cx cy r fill stroke strokeWidth,
LawsGrid.jsx,src/pages/features/anima-del-mas/LawsGrid.jsx,div,14,OK,3,,grid sm:grid-cols-2 lg:grid-cols-3 gap-6
LawsGrid.jsx,src/pages/features/anima-del-mas/LawsGrid.jsx,article,16,OK,7,key tabIndex,law-card bg-[var(--sdp-bg-surface)] p-8 rounded-2xl border border-[var(--color-brasa)]/30 hover:border-[var(--color-brasa)] transition-all duration-300 shadow-sm fade-in-up group
LawsGrid.jsx,src/pages/features/anima-del-mas/LawsGrid.jsx,div,17,OK,1,,text-4xl mb-4 group-hover:scale-110 transition-transform
LawsGrid.jsx,src/pages/features/anima-del-mas/LawsGrid.jsx,h3,18,OK,1,,font-bold text-xl mb-3 text-white
LawsGrid.jsx,src/pages/features/anima-del-mas/LawsGrid.jsx,p,19,OK,1,,text-sm text-slate-300 leading-relaxed
MemoryBar.jsx,src/pages/features/anima-del-mas/MemoryBar.jsx,div,18,OK,7,,bg-[rgba(255;255;255;0.03)] p-5 rounded-xl border border-slate-800
MemoryBar.jsx,src/pages/features/anima-del-mas/MemoryBar.jsx,div,19,OK,5,,flex items-center justify-between mb-4
MemoryBar.jsx,src/pages/features/anima-del-mas/MemoryBar.jsx,div,20,OK,2,,text-sm font-bold text-slate-200 flex items-center gap-2
MemoryBar.jsx,src/pages/features/anima-del-mas/MemoryBar.jsx,span,20,OK,1,,text-xl
MemoryBar.jsx,src/pages/features/anima-del-mas/MemoryBar.jsx,div,21,OK,4,,text-xs text-amber-500 font-mono tracking-wider uppercase bg-amber-500/10 px-2 py-1 rounded
MemoryBar.jsx,src/pages/features/anima-del-mas/MemoryBar.jsx,div,24,OK,3,,w-full bg-[rgba(255;255;255;0.05)] rounded-full h-4 overflow-hidden shadow-inner
MemoryBar.jsx,src/pages/features/anima-del-mas/MemoryBar.jsx,div,34,OK,7,,mt-4 flex flex-wrap items-center gap-6 text-sm text-slate-200 font-bold
MemoryBar.jsx,src/pages/features/anima-del-mas/MemoryBar.jsx,div,35,OK,5,,flex items-center gap-2
MemoryBar.jsx,src/pages/features/anima-del-mas/MemoryBar.jsx,span,36,OK,0,,w-2.5 h-2.5 rounded-full bg-[var(--color-brasa)] block shadow-[0_0_8px_var(--color-brasa)]
MemoryBar.jsx,src/pages/features/anima-del-mas/MemoryBar.jsx,span,37,OK,2,,
MemoryBar.jsx,src/pages/features/anima-del-mas/MemoryBar.jsx,div,39,OK,5,,flex items-center gap-2
MemoryBar.jsx,src/pages/features/anima-del-mas/MemoryBar.jsx,span,40,OK,0,,w-2.5 h-2.5 rounded-full bg-[var(--sdp-accent)] block shadow-[0_0_8px_var(--sdp-accent)]
MemoryBar.jsx,src/pages/features/anima-del-mas/MemoryBar.jsx,span,41,OK,2,,
MemoryBar.jsx,src/pages/features/anima-del-mas/MemoryBar.jsx,div,43,OK,3,,ml-auto text-slate-300
TimelineScroll.jsx,src/pages/features/anima-del-mas/TimelineScroll.jsx,div,13,OK,3,,relative py-8
TimelineScroll.jsx,src/pages/features/anima-del-mas/TimelineScroll.jsx,ul,14,ESTILS_MESCLATS,3,style,space-y-6
TimelineScroll.jsx,src/pages/features/anima-del-mas/TimelineScroll.jsx,AnimatePresence,15,OK,3,,
TimelineScroll.jsx,src/pages/features/anima-del-mas/TimelineScroll.jsx,span,20,OK,0,key,[Dinàmic]
TimelineScroll.jsx,src/pages/features/anima-del-mas/TimelineScroll.jsx,div,30,OK,7,,flex items-start gap-6
TimelineScroll.jsx,src/pages/features/anima-del-mas/TimelineScroll.jsx,div,33,OK,3,,w-14 flex flex-col items-center shrink-0 mt-1
TimelineScroll.jsx,src/pages/features/anima-del-mas/TimelineScroll.jsx,div,34,OK,3,,[Dinàmic]
TimelineScroll.jsx,src/pages/features/anima-del-mas/TimelineScroll.jsx,div,39,OK,11,,flex-1
TimelineScroll.jsx,src/pages/features/anima-del-mas/TimelineScroll.jsx,h4,40,ESTILS_MESCLATS,1,style,text-xl font-bold text-white tracking-wide mb-1
TimelineScroll.jsx,src/pages/features/anima-del-mas/TimelineScroll.jsx,div,41,OK,1,,text-sm font-bold text-slate-300 font-mono tracking-wider mb-3
TimelineScroll.jsx,src/pages/features/anima-del-mas/TimelineScroll.jsx,p,42,OK,1,,text-[1.05rem] text-slate-300 leading-relaxed mb-0
TimelineScroll.jsx,src/pages/features/anima-del-mas/TimelineScroll.jsx,div,44,OK,5,,mt-5 flex flex-wrap items-center gap-x-8 gap-y-4
TimelineScroll.jsx,src/pages/features/anima-del-mas/TimelineScroll.jsx,div,45,OK,5,,text-sm font-bold text-slate-200 flex flex-col gap-1 w-full sm:w-auto
TimelineScroll.jsx,src/pages/features/anima-del-mas/TimelineScroll.jsx,span,46,OK,1,,font-bold uppercase tracking-widest text-[10px]
TimelineScroll.jsx,src/pages/features/anima-del-mas/TimelineScroll.jsx,div,47,OK,3,,w-32 h-2.5 bg-slate-800 rounded-full overflow-hidden
TimelineScroll.jsx,src/pages/features/anima-del-mas/TimelineScroll.jsx,div,48,OK,0,style,[Dinàmic]
TimelineScroll.jsx,src/pages/features/anima-del-mas/TimelineScroll.jsx,div,52,OK,5,,text-sm font-bold text-slate-200 flex flex-col gap-1
TimelineScroll.jsx,src/pages/features/anima-del-mas/TimelineScroll.jsx,span,53,OK,1,,font-bold uppercase tracking-widest text-[10px]
TimelineScroll.jsx,src/pages/features/anima-del-mas/TimelineScroll.jsx,div,54,OK,1,,mt-1
TimelineScroll.jsx,src/pages/features/anima-del-mas/TimelineScroll.jsx,div,58,OK,7,,mt-4 text-sm font-bold text-slate-300 flex items-center gap-3 bg-black/40 p-2 rounded-lg w-fit
TimelineScroll.jsx,src/pages/features/anima-del-mas/TimelineScroll.jsx,strong,59,OK,1,,
TimelineScroll.jsx,src/pages/features/anima-del-mas/TimelineScroll.jsx,span,59,OK,1,,font-mono text-white
TimelineScroll.jsx,src/pages/features/anima-del-mas/TimelineScroll.jsx,span,60,OK,1,,text-amber-400 font-bold ml-2
LegalManifest.jsx,src/pages/public/LegalManifest.jsx,UniversalPage,48,OK,7,standAlone forcedTitle forcedSubtitle forcedHeroImage,
LegalManifest.jsx,src/pages/public/LegalManifest.jsx,div,54,PERILL_XSS,0,dangerouslySetInnerHTML,universal-content markdown-body w-full
LegalManifest.jsx,src/pages/public/LegalManifest.jsx,UmamiDashboard,57,FANTASMA_BUIT,0,,
RoadmapView.jsx,src/pages/public/RoadmapView.jsx,div,19,OK,5,,flex-1 min-w-[320px] max-w-md w-full bg-[var(--bg-panel)] border border-[var(--border-master)] rounded-xl p-4 flex flex-col gap-4 contain-layout
RoadmapView.jsx,src/pages/public/RoadmapView.jsx,div,20,OK,7,,[Dinàmic]
RoadmapView.jsx,src/pages/public/RoadmapView.jsx,Icon,21,OK,0,size,shrink-0
RoadmapView.jsx,src/pages/public/RoadmapView.jsx,h2,22,OK,1,,text-xl font-bold uppercase m-0 leading-none
RoadmapView.jsx,src/pages/public/RoadmapView.jsx,span,23,OK,3,,ml-auto bg-[var(--text-main)]/10 px-2 py-0.5 rounded-full text-sm font-bold opacity-70
RoadmapView.jsx,src/pages/public/RoadmapView.jsx,div,28,OK,3,,flex flex-col gap-3 stable-scroll pb-2 z-token-base
RoadmapView.jsx,src/pages/public/RoadmapView.jsx,div,32,OK,7,key,universal-card hover:scale-[1.01] transition-transform cursor-default group relative overflow-hidden bg-[var(--bg-app)] border border-[var(--border-master)]
RoadmapView.jsx,src/pages/public/RoadmapView.jsx,div,33,OK,0,,absolute top-0 left-0 w-1 h-full bg-[var(--theme-accent-primary)] opacity-50
RoadmapView.jsx,src/pages/public/RoadmapView.jsx,div,35,OK,5,,flex justify-between items-start mb-2
RoadmapView.jsx,src/pages/public/RoadmapView.jsx,span,36,OK,5,,text-xs font-black tracking-widest uppercase opacity-60 flex items-center gap-1.5 line-clamp-1
RoadmapView.jsx,src/pages/public/RoadmapView.jsx,Calendar,37,OK,0,size,shrink-0
RoadmapView.jsx,src/pages/public/RoadmapView.jsx,div,39,OK,5,,flex bg-[var(--theme-accent-primary)]/10 px-2 py-1 rounded gap-1 items-center
RoadmapView.jsx,src/pages/public/RoadmapView.jsx,Tag,40,OK,0,size,text-[var(--theme-accent-primary)] shrink-0
RoadmapView.jsx,src/pages/public/RoadmapView.jsx,span,41,OK,1,,text-[10px] uppercase font-bold text-[var(--theme-accent-primary)] text-center line-clamp-1 leading-none
RoadmapView.jsx,src/pages/public/RoadmapView.jsx,div,45,OK,5,,flex items-start gap-3 mt-1
RoadmapView.jsx,src/pages/public/RoadmapView.jsx,div,46,OK,3,,p-2 bg-[var(--bg-panel)] rounded-[10px] border border-[var(--border-master)] shrink-0 mt-0.5 text-[var(--theme-accent-secondary)]
RoadmapView.jsx,src/pages/public/RoadmapView.jsx,ItemIcon,47,OK,0,size strokeWidth,
RoadmapView.jsx,src/pages/public/RoadmapView.jsx,div,49,OK,5,,
RoadmapView.jsx,src/pages/public/RoadmapView.jsx,Link,50,OK,3,to,hover:underline
RoadmapView.jsx,src/pages/public/RoadmapView.jsx,h3,51,OK,1,,font-bold text-[1.05rem] leading-tight mb-2 text-[var(--text-main)] group-hover:text-[var(--theme-accent-primary)] transition-colors
RoadmapView.jsx,src/pages/public/RoadmapView.jsx,p,53,OK,3,,text-[13px] opacity-70 leading-snug m-0 text-[var(--text-muted)] text-pretty
RoadmapView.jsx,src/pages/public/RoadmapView.jsx,div,65,OK,3,,w-full h-full flex flex-col gap-8 md:gap-14 pb-12 align-top
RoadmapView.jsx,src/pages/public/RoadmapView.jsx,div,67,OK,9,key,relative w-full flex flex-col md:flex-row gap-4 lg:gap-8 items-start group
RoadmapView.jsx,src/pages/public/RoadmapView.jsx,div,70,CSS_EXCESSIU,3,,md:w-32 lg:w-40 shrink-0 sticky top-0 md:top-4 z-10 bg-[var(--bg-panel)]/95 backdrop-blur-md md:bg-transparent py-2 border-b md:border-b-0 border-[var(--theme-accent-primary)] md:border-r-4 pr-4
RoadmapView.jsx,src/pages/public/RoadmapView.jsx,div,71,OK,5,,flex p-3 rounded-lg md:rounded-none bg-transparent items-center gap-3
RoadmapView.jsx,src/pages/public/RoadmapView.jsx,div,72,OK,0,,w-3 h-3 rounded-full bg-[var(--theme-accent-primary)] -ml-2 shrink-0 md:block hidden outline outline-4 outline-[var(--bg-panel)] shadow-md
RoadmapView.jsx,src/pages/public/RoadmapView.jsx,h3,73,OK,5,,font-black text-2xl tracking-tighter uppercase flex-1 text-left md:text-right m-0 flex items-center justify-start md:justify-end gap-2
RoadmapView.jsx,src/pages/public/RoadmapView.jsx,Calendar,74,OK,0,size,md:hidden
RoadmapView.jsx,src/pages/public/RoadmapView.jsx,div,80,OK,3,,flex-1 grid grid-cols-1 md:grid-cols-2 xl:grid-cols-3 gap-3 md:gap-5 lg:gap-6 mt-1 relativerounded-xl
RoadmapView.jsx,src/pages/public/RoadmapView.jsx,div,93,OK,9,key,[Dinàmic]
RoadmapView.jsx,src/pages/public/RoadmapView.jsx,div,95,OK,1,,absolute top-0 right-0 bg-purple-500 text-white text-[9px] font-black uppercase px-2 py-0.5 rounded-bl-lg tracking-widest z-10 animate-pulse
RoadmapView.jsx,src/pages/public/RoadmapView.jsx,div,99,OK,5,,flex items-center gap-3 border-b border-[var(--border-master)] pb-3
RoadmapView.jsx,src/pages/public/RoadmapView.jsx,div,100,OK,3,,[Dinàmic]
RoadmapView.jsx,src/pages/public/RoadmapView.jsx,ItemIcon,101,OK,0,size,text-[var(--text-main)] opacity-70
RoadmapView.jsx,src/pages/public/RoadmapView.jsx,div,103,OK,5,,flex-1
RoadmapView.jsx,src/pages/public/RoadmapView.jsx,Link,104,OK,3,to,hover:underline
RoadmapView.jsx,src/pages/public/RoadmapView.jsx,h4,105,OK,1,,font-bold text-[1.1rem] leading-tight m-0 text-[var(--text-main)]
RoadmapView.jsx,src/pages/public/RoadmapView.jsx,div,107,OK,1,,text-[10px] mt-1.5 font-black text-[var(--theme-accent-secondary)] uppercase tracking-widest
RoadmapView.jsx,src/pages/public/RoadmapView.jsx,p,110,OK,3,,text-[13px] opacity-80 mt-3 flex-1 flex items-start text-[var(--text-muted)] leading-relaxed font-medium
RoadmapView.jsx,src/pages/public/RoadmapView.jsx,div,113,OK,3,,mt-4 pt-2 border-t border-[var(--border-master)] flex gap-2 overflow-hidden flex-wrap max-h-5 sm:max-h-screen
RoadmapView.jsx,src/pages/public/RoadmapView.jsx,span,114,OK,1,,text-[9px] uppercase tracking-wider font-extrabold text-[var(--text-muted)] line-clamp-1
RoadmapView.jsx,src/pages/public/RoadmapView.jsx,div,125,OK,15,,w-full max-w-4xl mx-auto pb-12 mt-4 text-[var(--text-main)]
RoadmapView.jsx,src/pages/public/RoadmapView.jsx,h2,128,OK,3,,text-[1.35rem] font-black uppercase tracking-widest mb-4 text-purple-500/90 border-b border-purple-500/20 pb-3 flex items-center gap-2
RoadmapView.jsx,src/pages/public/RoadmapView.jsx,Flame,129,OK,0,size,
RoadmapView.jsx,src/pages/public/RoadmapView.jsx,ul,131,OK,3,,list-disc pl-6 mb-10 space-y-4
RoadmapView.jsx,src/pages/public/RoadmapView.jsx,li,133,OK,9,key,
RoadmapView.jsx,src/pages/public/RoadmapView.jsx,Link,134,OK,1,to,hover:underline
RoadmapView.jsx,src/pages/public/RoadmapView.jsx,strong,134,OK,1,,
RoadmapView.jsx,src/pages/public/RoadmapView.jsx,h2,141,OK,3,,text-[1.35rem] font-black uppercase tracking-widest mb-4 text-green-500/90 border-b border-green-500/20 pb-3 flex items-center gap-2
RoadmapView.jsx,src/pages/public/RoadmapView.jsx,PackageCheck,142,OK,0,size,
RoadmapView.jsx,src/pages/public/RoadmapView.jsx,ul,144,OK,3,,list-disc pl-6 mb-10 space-y-4
RoadmapView.jsx,src/pages/public/RoadmapView.jsx,li,146,OK,9,key,
RoadmapView.jsx,src/pages/public/RoadmapView.jsx,Link,147,OK,1,to,hover:underline
RoadmapView.jsx,src/pages/public/RoadmapView.jsx,strong,147,OK,1,,
RoadmapView.jsx,src/pages/public/RoadmapView.jsx,h2,152,OK,3,,text-[1.35rem] font-black uppercase tracking-widest mb-4 text-blue-500/90 border-b border-blue-500/20 pb-3 flex items-center gap-2
RoadmapView.jsx,src/pages/public/RoadmapView.jsx,Tractor,153,OK,0,size,
RoadmapView.jsx,src/pages/public/RoadmapView.jsx,ul,155,OK,3,,list-disc pl-6 mb-10 space-y-4
RoadmapView.jsx,src/pages/public/RoadmapView.jsx,li,157,OK,9,key,
RoadmapView.jsx,src/pages/public/RoadmapView.jsx,Link,158,OK,1,to,hover:underline
RoadmapView.jsx,src/pages/public/RoadmapView.jsx,strong,158,OK,1,,
RoadmapView.jsx,src/pages/public/RoadmapView.jsx,h2,163,OK,3,,text-[1.35rem] font-black uppercase tracking-widest mb-4 text-orange-500/90 border-b border-orange-500/20 pb-3 flex items-center gap-2
RoadmapView.jsx,src/pages/public/RoadmapView.jsx,Sprout,164,OK,0,size,
RoadmapView.jsx,src/pages/public/RoadmapView.jsx,ul,166,OK,3,,list-disc pl-6 mb-10 space-y-4
RoadmapView.jsx,src/pages/public/RoadmapView.jsx,li,168,OK,9,key,
RoadmapView.jsx,src/pages/public/RoadmapView.jsx,Link,169,OK,1,to,hover:underline
RoadmapView.jsx,src/pages/public/RoadmapView.jsx,strong,169,OK,1,,
RoadmapView.jsx,src/pages/public/RoadmapView.jsx,UniversalPage,179,OK,5,standAlone forcedTitle forcedSubtitle forcedHeroImage defaultViewMode renderKanban renderCalendar,
RoadmapView.jsx,src/pages/public/RoadmapView.jsx,div,186,OK,9,,flex flex-col xl:flex-row gap-6 md:gap-8 items-start w-full relative overflow-x-auto custom-scrollbar pb-6 px-4 h-full
RoadmapView.jsx,src/pages/public/RoadmapView.jsx,BoardColumn,187,OK,0,title icon items colorClass,
RoadmapView.jsx,src/pages/public/RoadmapView.jsx,BoardColumn,188,OK,0,title icon items colorClass,
RoadmapView.jsx,src/pages/public/RoadmapView.jsx,BoardColumn,189,OK,0,title icon items colorClass,
RoadmapView.jsx,src/pages/public/RoadmapView.jsx,BoardColumn,190,OK,0,title icon items colorClass,
RoadmapView.jsx,src/pages/public/RoadmapView.jsx,CalendarGanttView,193,FANTASMA_BUIT,0,,
RoadmapView.jsx,src/pages/public/RoadmapView.jsx,div,195,OK,3,,mb-8
RoadmapView.jsx,src/pages/public/RoadmapView.jsx,p,196,OK,5,,text-base sm:text-lg lg:text-xl font-medium leading-relaxed mt-4 opacity-70 text-[var(--text-main)] text-pretty
RoadmapView.jsx,src/pages/public/RoadmapView.jsx,strong,197,OK,1,,
RoadmapView.jsx,src/pages/public/RoadmapView.jsx,span,197,OK,1,,text-[var(--theme-accent-primary)] font-bold
RoadmapView.jsx,src/pages/public/RoadmapView.jsx,ListView,200,FANTASMA_BUIT,0,,
UniversalPage.jsx,src/pages/public/UniversalPage.jsx,div,232,OK,3,,w-full flex-1 flex flex-col items-center justify-center p-10 min-h-[50vh]
UniversalPage.jsx,src/pages/public/UniversalPage.jsx,div,233,OK,13,,animate-pulse flex flex-col items-center gap-4 w-full max-w-2xl
UniversalPage.jsx,src/pages/public/UniversalPage.jsx,div,234,OK,0,,h-8 bg-black/10 dark:bg-white/10 rounded w-3/4 mb-4
UniversalPage.jsx,src/pages/public/UniversalPage.jsx,div,235,OK,0,,h-4 bg-black/10 dark:bg-white/10 rounded w-full
UniversalPage.jsx,src/pages/public/UniversalPage.jsx,div,236,OK,0,,h-4 bg-black/10 dark:bg-white/10 rounded w-full
UniversalPage.jsx,src/pages/public/UniversalPage.jsx,div,237,OK,0,,h-4 bg-black/10 dark:bg-white/10 rounded w-5/6
UniversalPage.jsx,src/pages/public/UniversalPage.jsx,div,238,OK,0,,h-4 bg-black/10 dark:bg-white/10 rounded w-full mt-4
UniversalPage.jsx,src/pages/public/UniversalPage.jsx,div,239,OK,0,,h-4 bg-black/10 dark:bg-white/10 rounded w-4/5
UniversalPage.jsx,src/pages/public/UniversalPage.jsx,div,246,OK,1,,w-full flex-1 flex flex-col min-h-0
UniversalPage.jsx,src/pages/public/UniversalPage.jsx,div,250,OK,1,,w-full flex-1 flex flex-col min-h-0
UniversalPage.jsx,src/pages/public/UniversalPage.jsx,div,259,OK,9,,h-full bg-transparent flex flex-col z-10 flex-1 min-w-0 w-full
UniversalPage.jsx,src/pages/public/UniversalPage.jsx,section,261,CSS_EXCESSIU,3,,flex flex-col items-center justify-center pb-5 pt-8 bg-[var(--bg-panel)] rounded-b-[2.5rem] shadow-[0_4px_20px_rgba(0;0;0;0.05)] dark:shadow-[0_4px_20px_rgba(0;0;0;0.2)] mb-0 relative z-10 shrink-0 mx-2 md:mx-3
UniversalPage.jsx,src/pages/public/UniversalPage.jsx,div,262,OK,17,,w-full flex flex-col items-center justify-center px-4 md:px-6 relative group max-w-4xl mx-auto
UniversalPage.jsx,src/pages/public/UniversalPage.jsx,img,267,OK,0,src alt,h-20 sm:h-28 w-auto mb-6 object-contain transition-all dark:hidden
UniversalPage.jsx,src/pages/public/UniversalPage.jsx,img,268,OK,0,src alt,h-20 sm:h-28 w-auto mb-6 object-contain transition-all hidden dark:block
UniversalPage.jsx,src/pages/public/UniversalPage.jsx,img,269,OK,0,src alt,h-20 sm:h-28 w-auto mb-6 object-contain transition-all hidden dark:block
UniversalPage.jsx,src/pages/public/UniversalPage.jsx,img,270,OK,0,src alt,h-20 sm:h-28 w-auto mb-6 object-contain transition-all dark:hidden
UniversalPage.jsx,src/pages/public/UniversalPage.jsx,img,274,OK,0,src alt,h-20 sm:h-28 w-auto mb-6 object-contain transition-all dark:hidden
UniversalPage.jsx,src/pages/public/UniversalPage.jsx,img,275,OK,0,src alt,h-20 sm:h-28 w-auto mb-6 object-contain transition-all hidden dark:block
UniversalPage.jsx,src/pages/public/UniversalPage.jsx,h1,281,OK,3,,text-3xl sm:text-4xl md:text-5xl font-black text-center tracking-tight leading-none uppercase mb-0 mt-2 max-w-4xl w-full break-words
UniversalPage.jsx,src/pages/public/UniversalPage.jsx,div,288,OK,3,,w-full mt-6
UniversalPage.jsx,src/pages/public/UniversalPage.jsx,div,295,OK,3,,w-full flex justify-center items-center gap-2 mt-6 flex-wrap
UniversalPage.jsx,src/pages/public/UniversalPage.jsx,div,301,OK,3,key,[Dinàmic]
UniversalPage.jsx,src/pages/public/UniversalPage.jsx,span,302,WRAPPER_INUTIL,1,,
UniversalPage.jsx,src/pages/public/UniversalPage.jsx,article,312,OK,13,,w-full max-w-4xl mx-auto px-4 sm:px-6 lg:px-10 flex flex-col items-center flex-1 min-h-0 pb-12 shrink-0
UniversalPage.jsx,src/pages/public/UniversalPage.jsx,input,316,CSS_EXCESSIU,0,type value onChange placeholder,text-2xl md:text-3xl font-bold text-[var(--theme-accent-primary)] uppercase bg-transparent border-b-2 border-dashed border-[var(--theme-accent-primary)] outline-none w-full focus:bg-[var(--theme-accent-primary)]/10 transition-colors pb-1 text-center mt-10 mb-4
UniversalPage.jsx,src/pages/public/UniversalPage.jsx,h2,324,OK,3,,text-2xl md:text-3xl font-bold text-[var(--theme-accent-primary)] uppercase mb-4 mt-10 text-center w-full break-words
UniversalPage.jsx,src/pages/public/UniversalPage.jsx,p,331,OK,3,,text-lg md:text-xl font-medium text-theme-text/80 leading-relaxed text-center mb-6 w-full
UniversalPage.jsx,src/pages/public/UniversalPage.jsx,div,338,OK,3,,w-full custom-scrollbar pt-2
UniversalPage.jsx,src/pages/public/UniversalPage.jsx,Suspense,339,OK,3,fallback,
UniversalPage.jsx,src/pages/public/UniversalPage.jsx,div,339,OK,1,,p-8 text-center animate-pulse
UniversalPage.jsx,src/pages/public/UniversalPage.jsx,RichTextEditor,340,OK,0,content onChange onSave isSaving editable,
UniversalPage.jsx,src/pages/public/UniversalPage.jsx,div,350,OK,3,ref,app-cms-content w-full relative flex flex-col items-center
UniversalPage.jsx,src/pages/public/UniversalPage.jsx,ContentWithShortcodes,355,OK,0,content,
UniversalPage.jsx,src/pages/public/UniversalPage.jsx,LazyHtmlRenderer,357,OK,0,htmlContent,w-full h-full
UniversalPage.jsx,src/pages/public/UniversalPage.jsx,UniversalShell,448,OK,3,viewModel handlers,
ConflictResolutionPage.jsx,src/pages/system/ConflictResolutionPage.jsx,div,71,OK,3,,min-h-screen bg-[#121212] text-[#e0e0e0] flex items-center justify-center p-6 font-sans
ConflictResolutionPage.jsx,src/pages/system/ConflictResolutionPage.jsx,div,72,OK,7,,max-w-4xl w-full bg-[#1e1e1e] border border-red-900/50 rounded-2xl shadow-2xl p-8 space-y-8
ConflictResolutionPage.jsx,src/pages/system/ConflictResolutionPage.jsx,div,74,OK,7,,text-center space-y-4 border-b border-gray-800 pb-6
ConflictResolutionPage.jsx,src/pages/system/ConflictResolutionPage.jsx,h1,75,OK,1,,text-4xl font-bold text-red-500 tracking-tight
ConflictResolutionPage.jsx,src/pages/system/ConflictResolutionPage.jsx,p,76,OK,1,,text-xl text-gray-400
ConflictResolutionPage.jsx,src/pages/system/ConflictResolutionPage.jsx,div,79,OK,5,,inline-flex items-center space-x-2 bg-red-500/10 text-red-400 px-4 py-2 rounded-full font-mono text-lg
ConflictResolutionPage.jsx,src/pages/system/ConflictResolutionPage.jsx,span,80,WRAPPER_INUTIL,1,,
ConflictResolutionPage.jsx,src/pages/system/ConflictResolutionPage.jsx,span,81,OK,1,,font-bold
ConflictResolutionPage.jsx,src/pages/system/ConflictResolutionPage.jsx,div,85,OK,9,,grid grid-cols-1 md:grid-cols-2 gap-8
ConflictResolutionPage.jsx,src/pages/system/ConflictResolutionPage.jsx,div,87,OK,7,,bg-[#2a2a2a] rounded-xl p-6 border-l-4 border-emerald-500
ConflictResolutionPage.jsx,src/pages/system/ConflictResolutionPage.jsx,h2,88,OK,1,,text-2xl font-bold text-emerald-400 mb-4
ConflictResolutionPage.jsx,src/pages/system/ConflictResolutionPage.jsx,pre,89,OK,3,,bg-black/50 p-4 rounded-lg text-sm text-gray-300 overflow-x-auto
ConflictResolutionPage.jsx,src/pages/system/ConflictResolutionPage.jsx,button,92,OK,1,onClick,w-full mt-6 bg-emerald-600 hover:bg-emerald-500 text-white font-bold py-3 px-4 rounded-lg transition-colors
ConflictResolutionPage.jsx,src/pages/system/ConflictResolutionPage.jsx,div,100,OK,7,,bg-[#2a2a2a] rounded-xl p-6 border-l-4 border-blue-500
ConflictResolutionPage.jsx,src/pages/system/ConflictResolutionPage.jsx,h2,101,OK,1,,text-2xl font-bold text-blue-400 mb-4
ConflictResolutionPage.jsx,src/pages/system/ConflictResolutionPage.jsx,pre,102,OK,3,,bg-black/50 p-4 rounded-lg text-sm text-gray-300 overflow-x-auto
ConflictResolutionPage.jsx,src/pages/system/ConflictResolutionPage.jsx,button,105,OK,1,onClick,w-full mt-6 bg-blue-600 hover:bg-blue-500 text-white font-bold py-3 px-4 rounded-lg transition-colors
ConflictResolutionPage.jsx,src/pages/system/ConflictResolutionPage.jsx,div,113,OK,1,,text-center text-sm text-gray-500 pt-4